target,selection,crossbreed,mutation,prob,survival,generations,MSE,triangles,population_size,time
.\test_images\emoji.png,elite,one-point,uniform,0.01,exclusive,2000,11314.6025,5,10,22.4828
.\test_images\emoji.png,elite,one-point,single,0.01,additive,2000,3609.1943,5,10,22.5909
.\test_images\emoji.png,elite,one-point,single,0.01,exclusive,2000,10225.5479,5,10,25.7581
.\test_images\emoji.png,elite,one-point,single,0.1,exclusive,2000,9540.9092,5,10,26.2675
.\test_images\emoji.png,elite,one-point,uniform,0.01,additive,2000,2258.9312,5,10,26.6253
.\test_images\emoji.png,elite,one-point,single,0.5,additive,2000,2011.3884,5,10,26.5130
.\test_images\emoji.png,elite,one-point,single,0.5,exclusive,2000,11534.0732,5,10,26.6209
.\test_images\emoji.png,elite,one-point,single,0.01,exclusive,2000,11106.9551,5,20,26.5879
.\test_images\emoji.png,elite,one-point,single,0.5,exclusive,2000,12497.1211,5,20,26.7057
.\test_images\emoji.png,elite,one-point,single,0.1,additive,2000,2116.0215,5,10,27.0714
.\test_images\emoji.png,elite,one-point,single,0.01,additive,2000,3219.9336,5,20,28.5295
.\test_images\emoji.png,elite,one-point,single,0.1,exclusive,2000,13887.0332,5,20,28.5213
.\test_images\emoji.png,elite,one-point,single,0.5,additive,2000,2056.3557,5,20,28.8133
.\test_images\emoji.png,elite,one-point,single,0.1,additive,2000,2218.5615,5,20,28.7706
.\test_images\emoji.png,elite,one-point,single,0.1,exclusive,2000,10952.5010,5,30,28.9923
.\test_images\emoji.png,elite,one-point,single,0.01,additive,2000,2479.8250,5,30,29.1916
.\test_images\emoji.png,elite,one-point,single,0.1,additive,2000,2172.5068,5,30,29.1541
.\test_images\emoji.png,elite,one-point,single,0.01,exclusive,2000,11526.6406,5,30,29.8548
.\test_images\emoji.png,elite,one-point,uniform,0.01,additive,2000,2187.5583,5,20,29.9449
.\test_images\emoji.png,elite,one-point,single,0.5,exclusive,2000,10125.0557,5,30,30.8882
.\test_images\emoji.png,elite,one-point,single,0.5,additive,2000,1892.6034,5,30,31.6779
.\test_images\emoji.png,elite,one-point,uniform,0.01,additive,2000,1900.4232,5,30,34.7247
.\test_images\emoji.png,elite,one-point,uniform,0.01,exclusive,2000,10167.1211,5,20,29.6350
.\test_images\emoji.png,elite,one-point,uniform,0.1,additive,2000,1983.7505,5,10,27.6902
.\test_images\emoji.png,elite,one-point,uniform,0.01,exclusive,2000,11981.1162,5,30,31.8044
.\test_images\emoji.png,elite,ring,single,0.01,additive,2000,3767.8904,5,10,26.0901
.\test_images\emoji.png,elite,one-point,uniform,0.5,additive,2000,2310.0430,5,10,29.4283
.\test_images\emoji.png,elite,ring,single,0.01,exclusive,2000,9379.3945,5,10,26.5706
.\test_images\emoji.png,elite,ring,single,0.01,additive,2000,2485.5425,5,20,27.8766
.\test_images\emoji.png,elite,one-point,uniform,0.1,exclusive,2000,12238.3252,5,10,30.3256
.\test_images\emoji.png,elite,ring,single,0.01,exclusive,2000,11105.2090,5,20,27.7392
.\test_images\emoji.png,elite,one-point,uniform,0.5,exclusive,2000,11069.6680,5,10,29.5977
.\test_images\emoji.png,elite,ring,single,0.1,additive,2000,2304.5786,5,10,26.5428
.\test_images\emoji.png,elite,one-point,uniform,0.1,exclusive,2000,9620.7188,5,20,33.4426
.\test_images\emoji.png,elite,ring,single,0.01,exclusive,2000,6981.6533,5,30,29.2799
.\test_images\emoji.png,elite,one-point,uniform,0.1,additive,2000,2167.3574,5,20,34.4731
.\test_images\emoji.png,elite,one-point,uniform,0.5,additive,2000,2370.1887,5,20,33.6231
.\test_images\emoji.png,elite,ring,single,0.1,additive,2000,2187.9197,5,20,26.1534
.\test_images\emoji.png,elite,one-point,uniform,0.5,exclusive,2000,8403.1455,5,20,33.6001
.\test_images\emoji.png,elite,one-point,uniform,0.1,exclusive,2000,11914.5010,5,30,35.8161
.\test_images\emoji.png,elite,ring,single,0.01,additive,2000,2402.0774,5,30,33.5469
.\test_images\emoji.png,elite,one-point,uniform,0.1,additive,2000,2030.8823,5,30,37.8715
.\test_images\emoji.png,elite,one-point,uniform,0.5,exclusive,2000,10116.9795,5,30,37.1409
.\test_images\emoji.png,elite,one-point,uniform,0.5,additive,2000,2248.9734,5,30,38.3047
.\test_images\emoji.png,elite,ring,single,0.1,exclusive,2000,13013.5342,5,10,20.8614
.\test_images\emoji.png,elite,ring,single,0.1,exclusive,2000,11465.8604,5,20,22.6593
.\test_images\emoji.png,elite,ring,single,0.5,additive,2000,2249.6506,5,10,21.2164
.\test_images\emoji.png,elite,ring,single,0.1,additive,2000,2205.3413,5,30,26.5928
.\test_images\emoji.png,elite,ring,single,0.5,exclusive,2000,9793.9873,5,10,22.1348
.\test_images\emoji.png,elite,ring,single,0.1,exclusive,2000,10168.9941,5,30,26.8517
.\test_images\emoji.png,elite,ring,uniform,0.01,additive,2000,1995.7654,5,10,24.4200
.\test_images\emoji.png,elite,ring,uniform,0.01,exclusive,2000,12565.7256,5,10,21.9119
.\test_images\emoji.png,elite,ring,single,0.5,additive,2000,2106.8074,5,20,26.8007
.\test_images\emoji.png,elite,ring,single,0.5,exclusive,2000,10289.9736,5,20,25.9918
.\test_images\emoji.png,elite,ring,uniform,0.1,exclusive,2000,10295.9980,5,10,21.8659
.\test_images\emoji.png,elite,ring,single,0.5,additive,2000,2143.1538,5,30,29.4724
.\test_images\emoji.png,elite,ring,uniform,0.01,exclusive,2000,12057.6982,5,20,26.2017
.\test_images\emoji.png,elite,ring,uniform,0.01,additive,2000,2098.6433,5,20,27.5991
.\test_images\emoji.png,elite,ring,uniform,0.1,additive,2000,2024.1346,5,10,25.6583
.\test_images\emoji.png,elite,ring,uniform,0.01,additive,2000,2006.2134,5,30,27.8069
.\test_images\emoji.png,elite,ring,single,0.5,exclusive,2000,10117.3379,5,30,30.1500
.\test_images\emoji.png,elite,ring,uniform,0.01,exclusive,2000,11862.5400,5,30,31.3948
.\test_images\emoji.png,elite,ring,uniform,0.1,additive,2000,2101.5464,5,20,40.9610
.\test_images\emoji.png,elite,ring,uniform,0.1,exclusive,2000,11277.5508,5,20,39.6013
.\test_images\emoji.png,elite,ring,uniform,0.1,additive,2000,2000.5436,5,30,44.5019
.\test_images\emoji.png,elite,ring,uniform,0.1,exclusive,2000,8274.4756,5,30,43.8807
.\test_images\emoji.png,elite,ring,uniform,0.5,additive,2000,2371.0559,5,10,42.4936
.\test_images\emoji.png,elite,ring,uniform,0.5,exclusive,2000,12803.3105,5,10,42.2906
.\test_images\emoji.png,elite,uniform,single,0.01,additive,2000,2779.9780,5,10,40.2305
.\test_images\emoji.png,elite,uniform,single,0.01,exclusive,2000,9582.4385,5,10,39.7973
.\test_images\emoji.png,elite,uniform,single,0.01,additive,2000,2859.2332,5,20,43.0679
.\test_images\emoji.png,elite,ring,uniform,0.5,additive,2000,2282.9829,5,20,48.9192
.\test_images\emoji.png,elite,uniform,single,0.1,exclusive,2000,9898.7012,5,30,34.7030
.\test_images\emoji.png,elite,ring,uniform,0.5,exclusive,2000,10029.2627,5,20,47.9834
.\test_images\emoji.png,elite,uniform,single,0.1,additive,2000,2164.1204,5,10,40.6310
.\test_images\emoji.png,elite,uniform,single,0.1,additive,2000,2146.3091,5,20,40.3268
.\test_images\emoji.png,elite,uniform,single,0.01,additive,2000,2429.8418,5,30,44.8948
.\test_images\emoji.png,elite,uniform,single,0.01,exclusive,2000,8178.2725,5,20,41.7975
.\test_images\emoji.png,elite,uniform,single,0.1,additive,2000,2067.3772,5,30,40.0707
.\test_images\emoji.png,elite,uniform,single,0.01,exclusive,2000,11428.7676,5,30,41.6301
.\test_images\emoji.png,elite,ring,uniform,0.5,additive,2000,2274.2786,5,30,50.6076
.\test_images\emoji.png,elite,uniform,single,0.1,exclusive,2000,9697.3594,5,20,39.9378
.\test_images\emoji.png,elite,uniform,single,0.1,exclusive,2000,8955.5830,5,10,40.3045
.\test_images\emoji.png,elite,ring,uniform,0.5,exclusive,2000,8585.9824,5,30,46.2697
.\test_images\emoji.png,elite,uniform,single,0.5,additive,2000,2254.7466,5,10,29.8688
.\test_images\emoji.png,elite,uniform,single,0.5,exclusive,2000,12759.8633,5,10,23.0095
.\test_images\emoji.png,elite,uniform,single,0.5,additive,2000,2054.8821,5,20,30.9459
.\test_images\emoji.png,elite,uniform,single,0.5,additive,2000,2291.6230,5,30,29.5387
.\test_images\emoji.png,elite,uniform,single,0.5,exclusive,2000,10927.1230,5,20,23.6700
.\test_images\emoji.png,elite,uniform,uniform,0.01,additive,2000,2111.3672,5,10,21.7762
.\test_images\emoji.png,elite,uniform,uniform,0.01,exclusive,2000,9144.3711,5,10,22.0958
.\test_images\emoji.png,elite,uniform,single,0.5,exclusive,2000,11090.2207,5,30,28.5209
.\test_images\emoji.png,elite,uniform,uniform,0.01,additive,2000,2346.5002,5,20,26.1189
.\test_images\emoji.png,elite,uniform,uniform,0.1,additive,2000,1817.9144,5,10,26.0067
.\test_images\emoji.png,elite,uniform,uniform,0.1,exclusive,2000,10289.7344,5,10,25.7147
.\test_images\emoji.png,elite,uniform,uniform,0.01,exclusive,2000,11869.2051,5,20,27.4731
.\test_images\emoji.png,elite,uniform,uniform,0.5,exclusive,2000,10690.8477,5,10,26.0469
.\test_images\emoji.png,elite,uniform,uniform,0.5,additive,2000,2503.9429,5,10,27.0532
.\test_images\emoji.png,elite,uniform,uniform,0.01,additive,2000,2175.2693,5,30,32.1311
.\test_images\emoji.png,elite,uniform,uniform,0.1,additive,2000,2026.2799,5,20,30.9131
.\test_images\emoji.png,elite,uniform,uniform,0.1,exclusive,2000,9873.9395,5,20,30.8893
.\test_images\emoji.png,elite,uniform,uniform,0.01,exclusive,2000,10955.2471,5,30,31.9836
.\test_images\emoji.png,roulette,one-point,single,0.01,additive,2000,4291.5415,5,10,25.1232
.\test_images\emoji.png,roulette,one-point,single,0.01,additive,2000,2981.1409,5,20,24.6874
.\test_images\emoji.png,elite,uniform,uniform,0.1,exclusive,2000,10485.4834,5,30,33.6070
.\test_images\emoji.png,elite,uniform,uniform,0.5,additive,2000,2378.1516,5,20,33.8165
.\test_images\emoji.png,elite,uniform,uniform,0.5,exclusive,2000,10535.9912,5,20,32.0358
.\test_images\emoji.png,roulette,one-point,single,0.01,exclusive,2000,4145.5596,5,10,21.3326
.\test_images\emoji.png,elite,uniform,uniform,0.5,additive,2000,2419.1790,5,30,38.4960
.\test_images\emoji.png,elite,uniform,uniform,0.1,additive,2000,2054.8840,5,30,39.2264
.\test_images\emoji.png,roulette,one-point,single,0.01,additive,2000,2646.8264,5,30,30.0198
.\test_images\emoji.png,roulette,one-point,single,0.1,additive,2000,2357.8752,5,10,23.2118
.\test_images\emoji.png,elite,uniform,uniform,0.5,exclusive,2000,9695.0947,5,30,40.4445
.\test_images\emoji.png,roulette,one-point,single,0.01,exclusive,2000,3784.0547,5,20,26.6398
.\test_images\emoji.png,roulette,one-point,single,0.1,exclusive,2000,2322.5764,5,10,25.1235
.\test_images\emoji.png,roulette,one-point,single,0.01,exclusive,2000,2898.7344,5,30,31.1437
.\test_images\emoji.png,roulette,one-point,single,0.1,exclusive,2000,2028.2008,5,20,26.6155
.\test_images\emoji.png,roulette,one-point,single,0.1,additive,2000,2209.7942,5,20,27.9767
.\test_images\emoji.png,roulette,one-point,single,0.5,additive,2000,1999.4238,5,10,25.7564
.\test_images\emoji.png,roulette,one-point,single,0.1,additive,2000,2170.5605,5,30,30.3968
.\test_images\emoji.png,roulette,one-point,single,0.5,exclusive,2000,2200.7666,5,10,27.0672
.\test_images\emoji.png,roulette,one-point,single,0.1,exclusive,2000,2235.3088,5,30,31.0349
.\test_images\emoji.png,roulette,one-point,single,0.5,additive,2000,2151.5068,5,30,28.9504
.\test_images\emoji.png,roulette,one-point,uniform,0.01,additive,2000,2003.8517,5,10,26.4126
.\test_images\emoji.png,roulette,one-point,single,0.5,exclusive,2000,2163.4011,5,20,26.8609
.\test_images\emoji.png,roulette,one-point,single,0.5,additive,2000,2042.4199,5,20,29.7893
.\test_images\emoji.png,roulette,one-point,uniform,0.01,exclusive,2000,2155.7075,5,10,22.7142
.\test_images\emoji.png,roulette,one-point,uniform,0.01,additive,2000,2052.6074,5,20,27.5736
.\test_images\emoji.png,roulette,one-point,uniform,0.01,exclusive,2000,2188.9216,5,20,25.1944
.\test_images\emoji.png,roulette,one-point,single,0.5,exclusive,2000,2240.3003,5,30,30.5570
.\test_images\emoji.png,roulette,one-point,uniform,0.01,additive,2000,2233.4575,5,30,29.1349
.\test_images\emoji.png,roulette,one-point,uniform,0.01,exclusive,2000,2119.4775,5,30,28.2461
.\test_images\emoji.png,roulette,one-point,uniform,0.1,additive,2000,1991.7795,5,10,23.7425
.\test_images\emoji.png,roulette,one-point,uniform,0.1,exclusive,2000,4861.6870,5,10,21.9868
.\test_images\emoji.png,roulette,one-point,uniform,0.1,additive,2000,1847.1998,5,20,26.3125
.\test_images\emoji.png,roulette,one-point,uniform,0.5,additive,2000,2381.2368,5,10,27.2325
.\test_images\emoji.png,roulette,ring,single,0.01,additive,2000,3300.3730,5,10,21.7886
.\test_images\emoji.png,roulette,one-point,uniform,0.1,additive,2000,2129.4443,5,30,36.1119
.\test_images\emoji.png,roulette,one-point,uniform,0.1,exclusive,2000,3208.8545,5,20,30.6082
.\test_images\emoji.png,roulette,one-point,uniform,0.5,exclusive,2000,7547.8364,5,10,26.5622
.\test_images\emoji.png,roulette,ring,single,0.01,exclusive,2000,5663.0024,5,10,24.0264
.\test_images\emoji.png,roulette,ring,single,0.01,additive,2000,2547.2048,5,20,26.1487
.\test_images\emoji.png,roulette,ring,single,0.1,additive,2000,2224.0735,5,10,23.4479
.\test_images\emoji.png,roulette,one-point,uniform,0.5,additive,2000,2326.2996,5,20,34.0928
.\test_images\emoji.png,roulette,ring,single,0.01,exclusive,2000,2782.3381,5,20,26.7103
.\test_images\emoji.png,roulette,ring,single,0.01,additive,2000,2534.0696,5,30,28.5015
.\test_images\emoji.png,roulette,one-point,uniform,0.1,exclusive,2000,3892.3723,5,30,36.2246
.\test_images\emoji.png,roulette,one-point,uniform,0.5,exclusive,2000,6105.6392,5,20,32.1497
.\test_images\emoji.png,roulette,ring,single,0.1,additive,2000,2061.1387,5,20,26.0831
.\test_images\emoji.png,roulette,ring,single,0.1,exclusive,2000,2325.6682,5,10,23.1191
.\test_images\emoji.png,roulette,ring,single,0.01,exclusive,2000,2277.9106,5,30,28.7450
.\test_images\emoji.png,roulette,ring,single,0.1,exclusive,2000,2118.5742,5,20,24.6487
.\test_images\emoji.png,roulette,ring,single,0.1,additive,2000,2346.7590,5,30,26.5849
.\test_images\emoji.png,roulette,one-point,uniform,0.5,additive,2000,2285.6138,5,30,38.5759
.\test_images\emoji.png,roulette,ring,single,0.5,additive,2000,2250.3206,5,10,23.6124
.\test_images\emoji.png,roulette,one-point,uniform,0.5,exclusive,2000,5829.6660,5,30,37.1098
.\test_images\emoji.png,roulette,ring,single,0.1,exclusive,2000,2080.5762,5,30,27.3298
.\test_images\emoji.png,roulette,ring,single,0.5,exclusive,2000,2204.2632,5,10,20.7276
.\test_images\emoji.png,roulette,ring,single,0.5,additive,2000,2209.6721,5,20,23.9876
.\test_images\emoji.png,roulette,ring,uniform,0.01,additive,2000,2032.0483,5,10,22.1266
.\test_images\emoji.png,roulette,ring,single,0.5,exclusive,2000,2293.9404,5,20,28.1054
.\test_images\emoji.png,roulette,ring,single,0.5,additive,2000,2053.6506,5,30,30.2898
.\test_images\emoji.png,roulette,ring,uniform,0.01,exclusive,2000,2152.3821,5,10,25.1649
.\test_images\emoji.png,roulette,ring,uniform,0.01,additive,2000,2009.3512,5,20,26.9317
.\test_images\emoji.png,roulette,ring,single,0.5,exclusive,2000,2187.2705,5,30,31.1720
.\test_images\emoji.png,roulette,ring,uniform,0.1,additive,2000,2311.9893,5,10,25.7017
.\test_images\emoji.png,roulette,ring,uniform,0.01,exclusive,2000,2219.7954,5,20,28.3295
.\test_images\emoji.png,roulette,ring,uniform,0.1,exclusive,2000,4302.7710,5,10,26.0499
.\test_images\emoji.png,roulette,ring,uniform,0.01,additive,2000,2322.9573,5,30,30.7341
.\test_images\emoji.png,roulette,ring,uniform,0.01,exclusive,2000,2108.5762,5,30,31.0030
.\test_images\emoji.png,roulette,ring,uniform,0.5,exclusive,2000,6742.1353,5,10,24.4044
.\test_images\emoji.png,roulette,ring,uniform,0.5,additive,2000,2530.5144,5,10,26.7515
.\test_images\emoji.png,roulette,ring,uniform,0.1,exclusive,2000,4335.6553,5,20,30.9665
.\test_images\emoji.png,roulette,ring,uniform,0.1,additive,2000,1999.1255,5,20,31.2160
.\test_images\emoji.png,roulette,uniform,single,0.01,additive,2000,4354.8608,5,10,19.3528
.\test_images\emoji.png,roulette,ring,uniform,0.5,additive,2000,2192.9895,5,20,30.1371
.\test_images\emoji.png,roulette,ring,uniform,0.1,exclusive,2000,3456.4775,5,30,33.6219
.\test_images\emoji.png,roulette,ring,uniform,0.5,exclusive,2000,7231.7100,5,20,29.3843
.\test_images\emoji.png,roulette,ring,uniform,0.1,additive,2000,2138.1960,5,30,36.5278
.\test_images\emoji.png,roulette,uniform,single,0.01,additive,2000,3439.6560,5,20,27.0190
.\test_images\emoji.png,roulette,ring,uniform,0.5,additive,2000,2367.9194,5,30,38.9359
.\test_images\emoji.png,roulette,uniform,single,0.01,exclusive,2000,4272.8350,5,10,24.3946
.\test_images\emoji.png,roulette,uniform,single,0.1,additive,2000,2389.4910,5,10,24.3969
.\test_images\emoji.png,roulette,uniform,single,0.01,additive,2000,2609.7834,5,30,28.7094
.\test_images\emoji.png,roulette,uniform,single,0.01,exclusive,2000,3307.3247,5,20,26.2458
.\test_images\emoji.png,roulette,ring,uniform,0.5,exclusive,2000,5281.3110,5,30,36.4655
.\test_images\emoji.png,roulette,uniform,single,0.1,exclusive,2000,2473.0950,5,10,24.5746
.\test_images\emoji.png,roulette,uniform,single,0.1,additive,2000,2270.4282,5,20,26.5577
.\test_images\emoji.png,roulette,uniform,single,0.01,exclusive,2000,2827.7285,5,30,28.9072
.\test_images\emoji.png,roulette,uniform,single,0.5,additive,2000,2274.7041,5,10,23.3643
.\test_images\emoji.png,roulette,uniform,single,0.1,additive,2000,2003.3513,5,30,29.8599
.\test_images\emoji.png,roulette,uniform,single,0.1,exclusive,2000,2208.1345,5,20,27.9965
.\test_images\emoji.png,roulette,uniform,single,0.5,exclusive,2000,2080.3789,5,10,26.1681
.\test_images\emoji.png,roulette,uniform,single,0.1,exclusive,2000,2222.9480,5,30,28.8722
.\test_images\emoji.png,roulette,uniform,single,0.5,additive,2000,1999.3887,5,20,29.2600
.\test_images\emoji.png,roulette,uniform,single,0.5,additive,2000,2091.0234,5,30,30.0179
.\test_images\emoji.png,roulette,uniform,uniform,0.01,additive,2000,2004.4142,5,20,25.5975
.\test_images\emoji.png,roulette,uniform,uniform,0.01,additive,2000,1945.1405,5,10,26.0363
.\test_images\emoji.png,roulette,uniform,single,0.5,exclusive,2000,2134.9456,5,20,28.3513
.\test_images\emoji.png,roulette,uniform,single,0.5,exclusive,2000,2156.2432,5,30,28.8536
.\test_images\emoji.png,roulette,uniform,uniform,0.01,exclusive,2000,2204.8997,5,10,22.3356
.\test_images\emoji.png,roulette,uniform,uniform,0.01,additive,2000,2055.1626,5,30,29.7144
.\test_images\emoji.png,roulette,uniform,uniform,0.01,exclusive,2000,2170.1221,5,20,26.6351
.\test_images\emoji.png,roulette,uniform,uniform,0.1,additive,2000,2108.4910,5,10,25.6125
.\test_images\emoji.png,roulette,uniform,uniform,0.1,exclusive,2000,3954.2410,5,10,27.5074
.\test_images\emoji.png,roulette,uniform,uniform,0.5,additive,2000,2397.4250,5,10,24.2903
.\test_images\emoji.png,roulette,uniform,uniform,0.1,additive,2000,2035.9989,5,20,29.1347
.\test_images\emoji.png,roulette,uniform,uniform,0.01,exclusive,2000,2138.1660,5,30,32.3137
.\test_images\emoji.png,roulette,uniform,uniform,0.1,exclusive,2000,3828.7708,5,20,28.2798
.\test_images\emoji.png,universal,one-point,single,0.01,additive,2000,3309.7019,5,10,22.0948
.\test_images\emoji.png,roulette,uniform,uniform,0.5,exclusive,2000,8242.0977,5,10,25.2757
.\test_images\emoji.png,roulette,uniform,uniform,0.5,additive,2000,2393.0581,5,20,29.9461
.\test_images\emoji.png,roulette,uniform,uniform,0.1,additive,2000,1898.1344,5,30,34.8579
.\test_images\emoji.png,roulette,uniform,uniform,0.1,exclusive,2000,3512.7393,5,30,33.2293
.\test_images\emoji.png,universal,one-point,single,0.01,exclusive,2000,4450.8345,5,10,23.0471
.\test_images\emoji.png,roulette,uniform,uniform,0.5,exclusive,2000,6546.3813,5,20,28.0808
.\test_images\emoji.png,universal,one-point,single,0.01,exclusive,2000,2523.8010,5,20,23.8223
.\test_images\emoji.png,universal,one-point,single,0.01,additive,2000,2684.8132,5,20,26.4252
.\test_images\emoji.png,universal,one-point,single,0.01,exclusive,2000,2596.5210,5,30,26.0190
.\test_images\emoji.png,universal,one-point,single,0.1,additive,2000,2409.9097,5,10,23.2736
.\test_images\emoji.png,universal,one-point,single,0.01,additive,2000,2474.3835,5,30,27.9674
.\test_images\emoji.png,universal,one-point,single,0.1,additive,2000,2074.2534,5,20,24.4404
.\test_images\emoji.png,roulette,uniform,uniform,0.5,additive,2000,2299.7041,5,30,37.7793
.\test_images\emoji.png,universal,one-point,single,0.1,exclusive,2000,2156.7998,5,10,20.5282
.\test_images\emoji.png,roulette,uniform,uniform,0.5,exclusive,2000,6688.3721,5,30,36.1390
.\test_images\emoji.png,universal,one-point,single,0.1,additive,2000,2095.4851,5,30,24.7148
.\test_images\emoji.png,universal,one-point,single,0.5,additive,2000,2186.0132,5,10,21.5492
.\test_images\emoji.png,universal,one-point,single,0.1,exclusive,2000,2184.1704,5,20,24.1737
.\test_images\emoji.png,universal,one-point,single,0.5,additive,2000,2011.5314,5,20,25.4952
.\test_images\emoji.png,universal,one-point,single,0.5,exclusive,2000,2173.6238,5,10,22.6706
.\test_images\emoji.png,universal,one-point,single,0.1,exclusive,2000,2303.8142,5,30,27.8103
.\test_images\emoji.png,universal,one-point,uniform,0.01,additive,2000,2166.3704,5,10,24.0434
.\test_images\emoji.png,universal,one-point,single,0.5,additive,2000,1997.0714,5,30,28.6645
.\test_images\emoji.png,universal,one-point,single,0.5,exclusive,2000,2237.9504,5,20,26.6323
.\test_images\emoji.png,universal,one-point,uniform,0.01,exclusive,2000,2213.1401,5,10,23.7068
.\test_images\emoji.png,universal,one-point,uniform,0.01,additive,2000,2099.1162,5,20,25.8611
.\test_images\emoji.png,universal,one-point,uniform,0.1,additive,2000,2121.5630,5,10,24.9911
.\test_images\emoji.png,universal,one-point,uniform,0.01,exclusive,2000,2124.3196,5,20,28.1199
.\test_images\emoji.png,universal,one-point,uniform,0.1,exclusive,2000,3765.0193,5,10,24.9280
.\test_images\emoji.png,universal,one-point,single,0.5,exclusive,2000,2296.6924,5,30,33.1379
.\test_images\emoji.png,universal,one-point,uniform,0.01,additive,2000,2060.8000,5,30,32.9530
.\test_images\emoji.png,universal,one-point,uniform,0.01,exclusive,2000,2262.8479,5,30,30.7126
.\test_images\emoji.png,universal,one-point,uniform,0.1,additive,2000,2276.6726,5,20,29.8930
.\test_images\emoji.png,universal,one-point,uniform,0.5,additive,2000,2443.5139,5,10,25.0589
.\test_images\emoji.png,universal,one-point,uniform,0.1,exclusive,2000,3776.8416,5,20,28.9645
.\test_images\emoji.png,universal,one-point,uniform,0.1,additive,2000,1979.9196,5,30,35.8179
.\test_images\emoji.png,universal,one-point,uniform,0.5,exclusive,2000,5689.4487,5,10,31.7698
.\test_images\emoji.png,universal,ring,single,0.01,additive,2000,3552.4470,5,10,33.3931
.\test_images\emoji.png,universal,one-point,uniform,0.5,additive,2000,2479.4824,5,20,44.3210
.\test_images\emoji.png,universal,one-point,uniform,0.1,exclusive,2000,3714.4192,5,30,45.7576
.\test_images\emoji.png,universal,ring,single,0.01,exclusive,2000,4396.0649,5,10,34.5529
.\test_images\emoji.png,universal,ring,single,0.01,additive,2000,2556.5667,5,20,37.1479
.\test_images\emoji.png,universal,ring,single,0.01,exclusive,2000,2848.0459,5,20,36.0508
.\test_images\emoji.png,universal,one-point,uniform,0.5,exclusive,2000,5712.5312,5,20,41.4963
.\test_images\emoji.png,universal,ring,single,0.01,additive,2000,2694.9519,5,30,39.4063
.\test_images\emoji.png,universal,ring,single,0.1,additive,2000,2302.8479,5,10,33.9381
.\test_images\emoji.png,universal,ring,single,0.01,exclusive,2000,2320.2107,5,30,38.0470
.\test_images\emoji.png,universal,one-point,uniform,0.5,additive,2000,2317.3291,5,30,51.1990
.\test_images\emoji.png,universal,ring,single,0.1,additive,2000,2197.9495,5,20,36.4769
.\test_images\emoji.png,universal,ring,single,0.1,exclusive,2000,2344.4294,5,10,34.4059
.\test_images\emoji.png,universal,one-point,uniform,0.5,exclusive,2000,6392.3682,5,30,48.4774
.\test_images\emoji.png,universal,ring,single,0.1,additive,2000,2213.6479,5,30,37.5755
.\test_images\emoji.png,universal,ring,single,0.1,exclusive,2000,2142.7698,5,20,36.7456
.\test_images\emoji.png,universal,ring,single,0.5,additive,2000,2014.1963,5,10,35.5754
.\test_images\emoji.png,universal,ring,single,0.5,exclusive,2000,2139.7749,5,20,23.9352
.\test_images\emoji.png,universal,ring,single,0.1,exclusive,2000,2359.2610,5,30,38.3360
.\test_images\emoji.png,universal,ring,single,0.5,additive,2000,2080.7407,5,20,36.5916
.\test_images\emoji.png,universal,ring,single,0.5,additive,2000,2114.6348,5,30,34.1293
.\test_images\emoji.png,universal,ring,single,0.5,exclusive,2000,2147.4907,5,10,31.6557
.\test_images\emoji.png,universal,ring,uniform,0.01,additive,2000,2216.8115,5,10,22.6339
.\test_images\emoji.png,universal,ring,uniform,0.01,additive,2000,2053.2292,5,20,24.4358
.\test_images\emoji.png,universal,ring,single,0.5,exclusive,2000,2192.2593,5,30,26.5836
.\test_images\emoji.png,universal,ring,uniform,0.01,exclusive,2000,2178.0125,5,10,22.8191
.\test_images\emoji.png,universal,ring,uniform,0.01,additive,2000,2035.4634,5,30,26.1347
.\test_images\emoji.png,universal,ring,uniform,0.01,exclusive,2000,2242.5669,5,20,25.4526
.\test_images\emoji.png,universal,ring,uniform,0.1,additive,2000,2249.4160,5,10,23.1891
.\test_images\emoji.png,universal,ring,uniform,0.01,exclusive,2000,2215.9255,5,30,28.7747
.\test_images\emoji.png,universal,ring,uniform,0.1,additive,2000,2020.4053,5,20,37.6619
.\test_images\emoji.png,universal,ring,uniform,0.5,additive,2000,2334.6714,5,10,48.5955
.\test_images\emoji.png,universal,ring,uniform,0.1,exclusive,2000,3488.7244,5,10,51.1786
.\test_images\emoji.png,universal,uniform,single,0.01,additive,2000,3972.6458,5,10,45.8005
.\test_images\emoji.png,universal,ring,uniform,0.5,exclusive,2000,7546.6118,5,10,49.5699
.\test_images\emoji.png,universal,ring,uniform,0.1,exclusive,2000,3731.3123,5,20,53.9023
.\test_images\emoji.png,universal,ring,uniform,0.1,additive,2000,1901.2622,5,30,57.9386
.\test_images\emoji.png,universal,uniform,single,0.01,additive,2000,2971.6091,5,20,51.6989
.\test_images\emoji.png,universal,uniform,single,0.01,additive,2000,2521.7551,5,30,52.2135
.\test_images\emoji.png,universal,ring,uniform,0.1,exclusive,2000,3311.1594,5,30,66.0204
.\test_images\emoji.png,universal,uniform,single,0.01,exclusive,2000,4083.6118,5,10,54.8751
.\test_images\emoji.png,universal,ring,uniform,0.5,additive,2000,2306.1702,5,20,65.7577
.\test_images\emoji.png,universal,ring,uniform,0.5,exclusive,2000,7015.5029,5,20,63.7826
.\test_images\emoji.png,universal,uniform,single,0.1,additive,2000,2292.1643,5,10,53.3702
.\test_images\emoji.png,universal,uniform,single,0.01,exclusive,2000,3012.5818,5,20,56.7667
.\test_images\emoji.png,universal,uniform,single,0.01,exclusive,2000,2808.9141,5,30,57.1872
.\test_images\emoji.png,universal,uniform,single,0.1,additive,2000,1957.3408,5,20,52.4410
.\test_images\emoji.png,universal,ring,uniform,0.5,additive,2000,2186.3853,5,30,68.5379
.\test_images\emoji.png,universal,ring,uniform,0.5,exclusive,2000,5862.1035,5,30,66.6741
.\test_images\emoji.png,universal,uniform,single,0.1,exclusive,2000,2379.3008,5,10,52.6844
.\test_images\emoji.png,universal,uniform,single,0.1,exclusive,2000,2066.0071,5,20,49.8078
.\test_images\emoji.png,universal,uniform,single,0.1,additive,2000,2067.7400,5,30,54.1969
.\test_images\emoji.png,universal,uniform,single,0.1,exclusive,2000,2083.0554,5,30,40.1713
.\test_images\emoji.png,universal,uniform,single,0.5,additive,2000,2105.3481,5,10,28.7755
.\test_images\emoji.png,universal,uniform,single,0.5,additive,2000,2150.3257,5,20,33.3131
.\test_images\emoji.png,universal,uniform,single,0.5,additive,2000,2130.0139,5,30,32.8386
.\test_images\emoji.png,universal,uniform,single,0.5,exclusive,2000,2129.0356,5,10,31.3293
.\test_images\emoji.png,universal,uniform,uniform,0.01,additive,2000,2047.6069,5,10,27.0461
.\test_images\emoji.png,universal,uniform,single,0.5,exclusive,2000,2182.5139,5,20,33.3364
.\test_images\emoji.png,universal,uniform,uniform,0.01,additive,2000,1934.4191,5,20,29.7029
.\test_images\emoji.png,universal,uniform,single,0.5,exclusive,2000,2047.8951,5,30,32.6918
.\test_images\emoji.png,universal,uniform,uniform,0.01,exclusive,2000,2069.3335,5,10,23.4527
.\test_images\emoji.png,universal,uniform,uniform,0.01,exclusive,2000,2178.3394,5,20,26.2478
.\test_images\emoji.png,universal,uniform,uniform,0.1,additive,2000,2148.1294,5,10,26.0475
.\test_images\emoji.png,universal,uniform,uniform,0.01,additive,2000,2249.0752,5,30,31.9288
.\test_images\emoji.png,universal,uniform,uniform,0.1,exclusive,2000,3595.7026,5,10,26.8190
.\test_images\emoji.png,universal,uniform,uniform,0.5,additive,2000,2387.9275,5,10,27.5149
.\test_images\emoji.png,universal,uniform,uniform,0.1,additive,2000,2051.3044,5,20,30.6199
.\test_images\emoji.png,universal,uniform,uniform,0.01,exclusive,2000,2209.3657,5,30,33.0703
.\test_images\emoji.png,universal,uniform,uniform,0.1,exclusive,2000,3721.6772,5,20,32.8939
.\test_images\emoji.png,universal,uniform,uniform,0.5,exclusive,2000,7156.7539,5,10,29.4284
.\test_images\emoji.png,universal,uniform,uniform,0.5,additive,2000,2457.3735,5,20,31.7981
.\test_images\emoji.png,universal,uniform,uniform,0.1,additive,2000,1993.8320,5,30,34.4637
.\test_images\emoji.png,boltzmann,one-point,single,0.01,additive,2000,3105.0945,5,10,21.5375
.\test_images\emoji.png,universal,uniform,uniform,0.1,exclusive,2000,3198.8091,5,30,34.1950
.\test_images\emoji.png,boltzmann,one-point,single,0.01,additive,2000,2681.2102,5,20,22.1042
.\test_images\emoji.png,universal,uniform,uniform,0.5,exclusive,2000,6447.3364,5,20,28.9651
.\test_images\emoji.png,boltzmann,one-point,single,0.01,exclusive,2000,3352.3044,5,10,21.1812
.\test_images\emoji.png,boltzmann,one-point,single,0.1,additive,2000,2309.9434,5,10,20.1198
.\test_images\emoji.png,boltzmann,one-point,single,0.01,additive,2000,2233.8848,5,30,26.5226
.\test_images\emoji.png,universal,uniform,uniform,0.5,additive,2000,2317.6389,5,30,37.5051
.\test_images\emoji.png,boltzmann,one-point,single,0.01,exclusive,2000,3231.2849,5,20,23.8363
.\test_images\emoji.png,boltzmann,one-point,single,0.01,exclusive,2000,2502.0388,5,30,25.2596
.\test_images\emoji.png,boltzmann,one-point,single,0.1,additive,2000,2611.9104,5,20,21.2933
.\test_images\emoji.png,boltzmann,one-point,single,0.1,exclusive,2000,2259.3877,5,10,20.4685
.\test_images\emoji.png,universal,uniform,uniform,0.5,exclusive,2000,7877.1167,5,30,35.3590
.\test_images\emoji.png,boltzmann,one-point,single,0.1,exclusive,2000,2248.3384,5,20,24.9419
.\test_images\emoji.png,boltzmann,one-point,single,0.1,additive,2000,2125.9368,5,30,27.5945
.\test_images\emoji.png,boltzmann,one-point,single,0.5,additive,2000,2112.0972,5,10,23.3203
.\test_images\emoji.png,boltzmann,one-point,single,0.1,exclusive,2000,2039.9742,5,30,28.5876
.\test_images\emoji.png,boltzmann,one-point,single,0.5,exclusive,2000,2050.6033,5,10,24.7171
.\test_images\emoji.png,boltzmann,one-point,single,0.5,additive,2000,1900.3340,5,20,27.4517
.\test_images\emoji.png,boltzmann,one-point,uniform,0.01,additive,2000,2286.7632,5,10,24.7172
.\test_images\emoji.png,boltzmann,one-point,single,0.5,exclusive,2000,2105.0188,5,20,27.5015
.\test_images\emoji.png,boltzmann,one-point,uniform,0.01,exclusive,2000,2121.0798,5,10,25.2724
.\test_images\emoji.png,boltzmann,one-point,uniform,0.01,additive,2000,2048.1650,5,20,28.3070
.\test_images\emoji.png,boltzmann,one-point,uniform,0.1,additive,2000,1957.6726,5,10,23.8488
.\test_images\emoji.png,boltzmann,one-point,uniform,0.01,exclusive,2000,2184.3081,5,20,34.3334
.\test_images\emoji.png,boltzmann,one-point,single,0.5,additive,2000,2171.6421,5,30,38.5109
.\test_images\emoji.png,boltzmann,one-point,single,0.5,exclusive,2000,2080.7351,5,30,38.1997
.\test_images\emoji.png,boltzmann,one-point,uniform,0.01,additive,2000,2145.3406,5,30,37.3387
.\test_images\emoji.png,boltzmann,one-point,uniform,0.1,exclusive,2000,2214.2646,5,10,30.8947
.\test_images\emoji.png,boltzmann,one-point,uniform,0.1,additive,2000,2120.8162,5,20,34.3716
.\test_images\emoji.png,boltzmann,one-point,uniform,0.01,exclusive,2000,2099.5220,5,30,36.0210
.\test_images\emoji.png,boltzmann,one-point,uniform,0.5,additive,2000,2417.0999,5,10,29.6521
.\test_images\emoji.png,boltzmann,one-point,uniform,0.1,additive,2000,2017.4709,5,30,37.7811
.\test_images\emoji.png,boltzmann,one-point,uniform,0.1,exclusive,2000,1941.7853,5,20,33.9540
.\test_images\emoji.png,boltzmann,one-point,uniform,0.5,exclusive,2000,3330.0452,5,10,29.2107
.\test_images\emoji.png,boltzmann,ring,single,0.01,additive,2000,3187.0671,5,10,25.2109
.\test_images\emoji.png,boltzmann,one-point,uniform,0.1,exclusive,2000,2098.2302,5,30,38.6866
.\test_images\emoji.png,boltzmann,ring,single,0.01,exclusive,2000,3379.8838,5,10,26.5971
.\test_images\emoji.png,boltzmann,ring,single,0.01,additive,2000,2789.5894,5,30,27.3863
.\test_images\emoji.png,boltzmann,ring,single,0.01,additive,2000,2884.4209,5,20,29.8375
.\test_images\emoji.png,boltzmann,one-point,uniform,0.5,additive,2000,2375.0405,5,20,37.5279
.\test_images\emoji.png,boltzmann,ring,single,0.01,exclusive,2000,2700.6860,5,30,26.0069
.\test_images\emoji.png,boltzmann,one-point,uniform,0.5,exclusive,2000,3495.5510,5,20,31.6743
.\test_images\emoji.png,boltzmann,ring,single,0.01,exclusive,2000,2929.2400,5,20,26.4235
.\test_images\emoji.png,boltzmann,one-point,uniform,0.5,additive,2000,2176.2786,5,30,37.9353
.\test_images\emoji.png,boltzmann,ring,single,0.1,additive,2000,2169.2102,5,10,21.8985
.\test_images\emoji.png,boltzmann,ring,single,0.1,exclusive,2000,2348.8977,5,10,24.5764
.\test_images\emoji.png,boltzmann,ring,single,0.5,additive,2000,2134.1389,5,10,21.9795
.\test_images\emoji.png,boltzmann,one-point,uniform,0.5,exclusive,2000,3015.7729,5,30,39.0481
.\test_images\emoji.png,boltzmann,ring,single,0.1,additive,2000,2264.6182,5,20,25.5601
.\test_images\emoji.png,boltzmann,ring,single,0.1,additive,2000,2052.6758,5,30,28.2035
.\test_images\emoji.png,boltzmann,ring,single,0.1,exclusive,2000,2348.4497,5,20,27.4076
.\test_images\emoji.png,boltzmann,ring,single,0.1,exclusive,2000,2266.9866,5,30,27.2549
.\test_images\emoji.png,boltzmann,ring,single,0.5,exclusive,2000,2057.4910,5,10,24.9112
.\test_images\emoji.png,boltzmann,ring,single,0.5,additive,2000,2242.9441,5,20,26.1003
.\test_images\emoji.png,boltzmann,ring,uniform,0.01,additive,2000,1986.5909,5,10,21.4205
.\test_images\emoji.png,boltzmann,ring,single,0.5,additive,2000,2073.0127,5,30,29.7116
.\test_images\emoji.png,boltzmann,ring,single,0.5,exclusive,2000,2107.4375,5,20,25.5805
.\test_images\emoji.png,boltzmann,ring,single,0.5,exclusive,2000,1936.1228,5,30,32.7278
.\test_images\emoji.png,boltzmann,ring,uniform,0.01,exclusive,2000,2197.3184,5,10,29.8738
.\test_images\emoji.png,boltzmann,ring,uniform,0.01,additive,2000,2215.7244,5,20,30.5469
.\test_images\emoji.png,boltzmann,ring,uniform,0.1,additive,2000,2145.4688,5,10,30.5602
.\test_images\emoji.png,boltzmann,ring,uniform,0.01,exclusive,2000,2099.5005,5,20,31.0693
.\test_images\emoji.png,boltzmann,ring,uniform,0.1,exclusive,2000,2072.5854,5,10,28.7280
.\test_images\emoji.png,boltzmann,ring,uniform,0.01,exclusive,2000,1924.5563,5,30,33.0187
.\test_images\emoji.png,boltzmann,ring,uniform,0.01,additive,2000,2104.0000,5,30,34.0937
.\test_images\emoji.png,boltzmann,ring,uniform,0.1,additive,2000,2040.9618,5,20,35.3831
.\test_images\emoji.png,boltzmann,ring,uniform,0.5,additive,2000,2369.5803,5,10,30.2027
.\test_images\emoji.png,boltzmann,uniform,single,0.01,additive,2000,5193.8374,5,10,25.5356
.\test_images\emoji.png,boltzmann,ring,uniform,0.1,exclusive,2000,1977.8861,5,30,33.0265
.\test_images\emoji.png,boltzmann,ring,uniform,0.1,additive,2000,2182.8467,5,30,39.7386
.\test_images\emoji.png,boltzmann,uniform,single,0.01,additive,2000,2760.7344,5,20,23.2913
.\test_images\emoji.png,boltzmann,ring,uniform,0.5,exclusive,2000,3324.5632,5,10,30.4627
.\test_images\emoji.png,boltzmann,ring,uniform,0.1,exclusive,2000,1847.1356,5,20,34.5532
.\test_images\emoji.png,boltzmann,ring,uniform,0.5,exclusive,2000,3382.6362,5,20,30.2152
.\test_images\emoji.png,boltzmann,ring,uniform,0.5,additive,2000,2267.1284,5,20,35.1178
.\test_images\emoji.png,boltzmann,uniform,single,0.01,exclusive,2000,5106.4043,5,10,24.6229
.\test_images\emoji.png,boltzmann,ring,uniform,0.5,additive,2000,2235.4167,5,30,33.4325
.\test_images\emoji.png,boltzmann,uniform,single,0.01,additive,2000,2476.1023,5,30,27.9028
.\test_images\emoji.png,boltzmann,ring,uniform,0.5,exclusive,2000,3220.2993,5,30,34.2902
.\test_images\emoji.png,boltzmann,uniform,single,0.01,exclusive,2000,2813.8806,5,20,23.4953
.\test_images\emoji.png,boltzmann,uniform,single,0.1,additive,2000,2230.8428,5,10,24.8473
.\test_images\emoji.png,boltzmann,uniform,single,0.01,exclusive,2000,2551.9856,5,30,28.5608
.\test_images\emoji.png,boltzmann,uniform,single,0.1,exclusive,2000,2259.5530,5,10,26.0324
.\test_images\emoji.png,boltzmann,uniform,single,0.5,additive,2000,2125.2100,5,10,22.8570
.\test_images\emoji.png,boltzmann,uniform,single,0.1,additive,2000,1994.5735,5,20,28.2937
.\test_images\emoji.png,boltzmann,uniform,single,0.1,exclusive,2000,2273.9973,5,20,26.9321
.\test_images\emoji.png,boltzmann,uniform,single,0.1,additive,2000,2089.3328,5,30,30.4290
.\test_images\emoji.png,boltzmann,uniform,single,0.1,exclusive,2000,2205.6138,5,30,32.0514
.\test_images\emoji.png,boltzmann,uniform,single,0.5,exclusive,2000,2139.4036,5,10,25.6809
.\test_images\emoji.png,boltzmann,uniform,single,0.5,additive,2000,2235.1741,5,20,29.8649
.\test_images\emoji.png,boltzmann,uniform,uniform,0.01,additive,2000,2062.8015,5,10,27.5133
.\test_images\emoji.png,boltzmann,uniform,uniform,0.01,exclusive,2000,2313.8208,5,10,26.6929
.\test_images\emoji.png,boltzmann,uniform,single,0.5,exclusive,2000,1988.8007,5,30,29.8242
.\test_images\emoji.png,boltzmann,uniform,uniform,0.01,additive,2000,2123.3831,5,20,29.2073
.\test_images\emoji.png,boltzmann,uniform,uniform,0.1,additive,2000,2076.7971,5,10,24.9968
.\test_images\emoji.png,boltzmann,uniform,single,0.5,exclusive,2000,2199.7820,5,20,30.7024
.\test_images\emoji.png,boltzmann,uniform,uniform,0.01,exclusive,2000,1982.9225,5,20,29.4186
.\test_images\emoji.png,boltzmann,uniform,single,0.5,additive,2000,2077.9641,5,30,33.3653
.\test_images\emoji.png,boltzmann,uniform,uniform,0.01,additive,2000,2185.8057,5,30,31.4241
.\test_images\emoji.png,boltzmann,uniform,uniform,0.01,exclusive,2000,2190.0146,5,30,31.3886
.\test_images\emoji.png,boltzmann,uniform,uniform,0.1,additive,2000,2187.4819,5,20,30.6151
.\test_images\emoji.png,boltzmann,uniform,uniform,0.1,exclusive,2000,2208.9258,5,10,27.3247
.\test_images\emoji.png,boltzmann,uniform,uniform,0.1,additive,2000,1951.1821,5,30,33.6010
.\test_images\emoji.png,boltzmann,uniform,uniform,0.5,additive,2000,2708.4854,5,10,26.9222
.\test_images\emoji.png,boltzmann,uniform,uniform,0.5,exclusive,2000,3850.5029,5,10,27.3489
.\test_images\emoji.png,ranking,one-point,single,0.01,additive,2000,4190.7295,5,10,21.6791
.\test_images\emoji.png,boltzmann,uniform,uniform,0.1,exclusive,2000,1803.8253,5,20,31.3129
.\test_images\emoji.png,boltzmann,uniform,uniform,0.5,additive,2000,2277.0078,5,20,32.9757
.\test_images\emoji.png,ranking,one-point,single,0.01,exclusive,2000,4652.9023,5,10,22.4444
.\test_images\emoji.png,ranking,one-point,single,0.01,additive,2000,2748.7612,5,20,25.1035
.\test_images\emoji.png,boltzmann,uniform,uniform,0.1,exclusive,2000,2026.2418,5,30,35.9213
.\test_images\emoji.png,ranking,one-point,single,0.01,exclusive,2000,2623.2407,5,20,23.5114
.\test_images\emoji.png,ranking,one-point,single,0.1,additive,2000,2094.1763,5,10,24.4377
.\test_images\emoji.png,boltzmann,uniform,uniform,0.5,exclusive,2000,3329.4187,5,20,30.1236
.\test_images\emoji.png,ranking,one-point,single,0.01,additive,2000,2917.0454,5,30,26.5060
.\test_images\emoji.png,ranking,one-point,single,0.1,exclusive,2000,2418.7510,5,10,21.8773
.\test_images\emoji.png,ranking,one-point,single,0.1,additive,2000,2159.9646,5,20,25.0307
.\test_images\emoji.png,ranking,one-point,single,0.1,exclusive,2000,2386.9519,5,20,22.4874
.\test_images\emoji.png,boltzmann,uniform,uniform,0.5,additive,2000,2455.2031,5,30,38.5891
.\test_images\emoji.png,ranking,one-point,single,0.01,exclusive,2000,2569.5193,5,30,29.4573
.\test_images\emoji.png,ranking,one-point,single,0.1,additive,2000,2392.6882,5,30,27.4488
.\test_images\emoji.png,ranking,one-point,single,0.5,additive,2000,2197.8982,5,10,20.2971
.\test_images\emoji.png,boltzmann,uniform,uniform,0.5,exclusive,2000,3245.7483,5,30,37.3387
.\test_images\emoji.png,ranking,one-point,single,0.1,exclusive,2000,2093.0537,5,30,27.8341
.\test_images\emoji.png,ranking,one-point,single,0.5,additive,2000,2143.5786,5,20,25.9053
.\test_images\emoji.png,ranking,one-point,single,0.5,exclusive,2000,2048.5244,5,10,21.5559
.\test_images\emoji.png,ranking,one-point,single,0.5,exclusive,2000,2153.5283,5,20,25.8515
.\test_images\emoji.png,ranking,one-point,uniform,0.01,additive,2000,2096.0496,5,10,23.7741
.\test_images\emoji.png,ranking,one-point,single,0.5,additive,2000,2138.1914,5,30,30.0024
.\test_images\emoji.png,ranking,one-point,uniform,0.01,exclusive,2000,2199.5410,5,10,23.9824
.\test_images\emoji.png,ranking,one-point,single,0.5,exclusive,2000,1998.8217,5,30,29.8056
.\test_images\emoji.png,ranking,one-point,uniform,0.01,additive,2000,2069.7219,5,20,26.9049
.\test_images\emoji.png,ranking,one-point,uniform,0.1,additive,2000,2051.9558,5,10,24.9222
.\test_images\emoji.png,ranking,one-point,uniform,0.01,exclusive,2000,1900.9480,5,20,26.2613
.\test_images\emoji.png,ranking,one-point,uniform,0.1,exclusive,2000,3305.9690,5,10,23.7639
.\test_images\emoji.png,ranking,one-point,uniform,0.01,additive,2000,2084.0657,5,30,31.0174
.\test_images\emoji.png,ranking,one-point,uniform,0.01,exclusive,2000,2185.5457,5,30,29.5630
.\test_images\emoji.png,ranking,one-point,uniform,0.1,additive,2000,1985.5032,5,20,29.5921
.\test_images\emoji.png,ranking,one-point,uniform,0.5,additive,2000,2639.3301,5,10,26.2937
.\test_images\emoji.png,ranking,one-point,uniform,0.1,exclusive,2000,2995.4319,5,20,29.8116
.\test_images\emoji.png,ranking,one-point,uniform,0.5,exclusive,2000,6857.3296,5,10,25.8274
.\test_images\emoji.png,ranking,ring,single,0.01,additive,2000,4690.3921,5,10,19.5613
.\test_images\emoji.png,ranking,one-point,uniform,0.5,additive,2000,2313.7258,5,20,29.9954
.\test_images\emoji.png,ranking,one-point,uniform,0.1,additive,2000,2071.9185,5,30,35.0713
.\test_images\emoji.png,ranking,one-point,uniform,0.1,exclusive,2000,2860.7446,5,30,33.4068
.\test_images\emoji.png,ranking,one-point,uniform,0.5,exclusive,2000,6063.9155,5,20,29.1929
.\test_images\emoji.png,ranking,ring,single,0.01,additive,2000,2626.0049,5,20,22.2923
.\test_images\emoji.png,ranking,ring,single,0.01,exclusive,2000,5240.7402,5,10,22.0504
.\test_images\emoji.png,ranking,ring,single,0.01,exclusive,2000,2410.4353,5,20,21.7069
.\test_images\emoji.png,ranking,ring,single,0.1,additive,2000,2089.7175,5,10,20.1744
.\test_images\emoji.png,ranking,one-point,uniform,0.5,additive,2000,2207.4812,5,30,38.0539
.\test_images\emoji.png,ranking,ring,single,0.1,exclusive,2000,2080.6914,5,10,21.7309
.\test_images\emoji.png,ranking,ring,single,0.01,additive,2000,2511.8276,5,30,27.8996
.\test_images\emoji.png,ranking,ring,single,0.01,exclusive,2000,3226.9333,5,30,25.1107
.\test_images\emoji.png,ranking,ring,single,0.1,additive,2000,2156.3582,5,20,23.8126
.\test_images\emoji.png,ranking,ring,single,0.1,additive,2000,2084.1704,5,30,24.5052
.\test_images\emoji.png,ranking,one-point,uniform,0.5,exclusive,2000,5613.4604,5,30,41.5992
.\test_images\emoji.png,ranking,ring,single,0.5,additive,2000,2330.6040,5,10,25.8573
.\test_images\emoji.png,ranking,ring,single,0.1,exclusive,2000,1985.9492,5,20,27.1626
.\test_images\emoji.png,ranking,ring,single,0.5,exclusive,2000,2061.1594,5,10,23.8151
.\test_images\emoji.png,ranking,ring,single,0.1,exclusive,2000,2072.8691,5,30,30.1400
.\test_images\emoji.png,ranking,ring,uniform,0.01,additive,2000,1947.5808,5,10,24.5069
.\test_images\emoji.png,ranking,ring,single,0.5,additive,2000,2201.5974,5,20,29.1398
.\test_images\emoji.png,ranking,ring,single,0.5,exclusive,2000,2041.0660,5,20,29.0215
.\test_images\emoji.png,ranking,ring,single,0.5,additive,2000,2152.9436,5,30,31.3158
.\test_images\emoji.png,ranking,ring,uniform,0.01,additive,2000,1997.0392,5,20,31.3764
.\test_images\emoji.png,ranking,ring,single,0.5,exclusive,2000,2070.7065,5,30,32.8296
.\test_images\emoji.png,ranking,ring,uniform,0.01,exclusive,2000,2150.7056,5,10,26.0419
.\test_images\emoji.png,ranking,ring,uniform,0.01,exclusive,2000,2191.0754,5,20,29.3231
.\test_images\emoji.png,ranking,ring,uniform,0.01,additive,2000,2025.7737,5,30,32.0712
.\test_images\emoji.png,ranking,ring,uniform,0.1,additive,2000,2127.9106,5,10,27.4877
.\test_images\emoji.png,ranking,ring,uniform,0.1,additive,2000,2038.7368,5,20,28.3423
.\test_images\emoji.png,ranking,ring,uniform,0.1,exclusive,2000,3288.4412,5,10,25.8569
.\test_images\emoji.png,ranking,ring,uniform,0.01,exclusive,2000,2095.6177,5,30,29.4835
.\test_images\emoji.png,ranking,ring,uniform,0.5,additive,2000,2412.4126,5,10,26.3748
.\test_images\emoji.png,ranking,ring,uniform,0.1,exclusive,2000,2941.8022,5,20,36.1574
.\test_images\emoji.png,ranking,ring,uniform,0.5,exclusive,2000,8187.4849,5,10,58.7307
.\test_images\emoji.png,ranking,ring,uniform,0.1,additive,2000,2028.2590,5,30,68.0667
.\test_images\emoji.png,ranking,uniform,single,0.01,additive,2000,4263.2085,5,10,56.2848
.\test_images\emoji.png,ranking,ring,uniform,0.1,exclusive,2000,2755.4246,5,30,67.4409
.\test_images\emoji.png,ranking,uniform,single,0.01,additive,2000,3042.7292,5,20,58.5527
.\test_images\emoji.png,ranking,uniform,single,0.01,exclusive,2000,5436.5850,5,10,55.8446
.\test_images\emoji.png,ranking,ring,uniform,0.5,additive,2000,2308.6536,5,20,64.8181
.\test_images\emoji.png,ranking,ring,uniform,0.5,exclusive,2000,5948.4023,5,20,62.7992
.\test_images\emoji.png,ranking,uniform,single,0.1,additive,2000,2312.6882,5,10,53.4438
.\test_images\emoji.png,ranking,uniform,single,0.01,additive,2000,2371.5215,5,30,58.3505
.\test_images\emoji.png,ranking,ring,uniform,0.5,additive,2000,2345.9719,5,30,67.4400
.\test_images\emoji.png,ranking,uniform,single,0.01,exclusive,2000,3064.5627,5,20,55.1659
.\test_images\emoji.png,ranking,ring,uniform,0.5,exclusive,2000,5032.6943,5,30,65.6377
.\test_images\emoji.png,ranking,uniform,single,0.1,additive,2000,2096.6838,5,20,53.9893
.\test_images\emoji.png,ranking,uniform,single,0.1,exclusive,2000,2136.6230,5,10,53.3055
.\test_images\emoji.png,ranking,uniform,single,0.5,additive,2000,2196.3069,5,10,51.8319
.\test_images\emoji.png,ranking,uniform,single,0.1,exclusive,2000,2180.9163,5,20,52.7269
.\test_images\emoji.png,ranking,uniform,single,0.5,additive,2000,2028.8743,5,30,41.6712
.\test_images\emoji.png,ranking,uniform,single,0.5,additive,2000,2048.0186,5,20,49.9376
.\test_images\emoji.png,ranking,uniform,single,0.01,exclusive,2000,3747.7939,5,30,58.5799
.\test_images\emoji.png,ranking,uniform,single,0.1,additive,2000,2346.8342,5,30,55.0818
.\test_images\emoji.png,ranking,uniform,single,0.1,exclusive,2000,1978.0668,5,30,54.3599
.\test_images\emoji.png,ranking,uniform,single,0.5,exclusive,2000,1900.5067,5,10,19.6657
.\test_images\emoji.png,ranking,uniform,uniform,0.01,additive,2000,2048.7024,5,10,20.1569
.\test_images\emoji.png,ranking,uniform,single,0.5,exclusive,2000,2114.2358,5,20,22.6872
.\test_images\emoji.png,ranking,uniform,single,0.5,exclusive,2000,2277.5742,5,30,25.7190
.\test_images\emoji.png,ranking,uniform,uniform,0.01,exclusive,2000,2087.6575,5,10,22.4549
.\test_images\emoji.png,ranking,uniform,uniform,0.01,additive,2000,2212.8711,5,20,24.3079
.\test_images\emoji.png,ranking,uniform,uniform,0.01,exclusive,2000,1979.4287,5,20,24.9574
.\test_images\emoji.png,ranking,uniform,uniform,0.1,additive,2000,2300.8621,5,10,24.5222
.\test_images\emoji.png,ranking,uniform,uniform,0.1,exclusive,2000,2978.4448,5,10,23.9038
.\test_images\emoji.png,ranking,uniform,uniform,0.01,additive,2000,1933.5659,5,30,29.4312
.\test_images\emoji.png,tournament-deterministic,one-point,single,0.01,additive,2000,4590.2759,5,10,21.6158
.\test_images\emoji.png,ranking,uniform,uniform,0.1,additive,2000,2174.5466,5,20,27.5333
.\test_images\emoji.png,ranking,uniform,uniform,0.01,exclusive,2000,2130.0872,5,30,29.2622
.\test_images\emoji.png,ranking,uniform,uniform,0.5,additive,2000,2920.6492,5,10,26.2796
.\test_images\emoji.png,ranking,uniform,uniform,0.5,exclusive,2000,7143.0933,5,10,25.5813
.\test_images\emoji.png,ranking,uniform,uniform,0.1,exclusive,2000,3194.9290,5,20,29.0744
.\test_images\emoji.png,ranking,uniform,uniform,0.5,exclusive,2000,6198.4404,5,20,31.6791
.\test_images\emoji.png,ranking,uniform,uniform,0.5,additive,2000,2447.9375,5,20,32.4119
.\test_images\emoji.png,ranking,uniform,uniform,0.1,additive,2000,2021.3556,5,30,36.0646
.\test_images\emoji.png,tournament-deterministic,one-point,single,0.01,exclusive,2000,4426.5986,5,10,21.1787
.\test_images\emoji.png,ranking,uniform,uniform,0.1,exclusive,2000,2659.1975,5,30,35.5685
.\test_images\emoji.png,tournament-deterministic,one-point,single,0.01,additive,2000,2686.7307,5,20,26.6701
.\test_images\emoji.png,tournament-deterministic,one-point,single,0.01,additive,2000,2518.8872,5,30,24.9088
.\test_images\emoji.png,ranking,uniform,uniform,0.5,exclusive,2000,5176.8789,5,30,36.7640
.\test_images\emoji.png,tournament-deterministic,one-point,single,0.01,exclusive,2000,3546.2898,5,20,22.7322
.\test_images\emoji.png,ranking,uniform,uniform,0.5,additive,2000,2398.7546,5,30,40.5007
.\test_images\emoji.png,tournament-deterministic,one-point,single,0.1,additive,2000,2131.1655,5,10,23.4575
.\test_images\emoji.png,tournament-deterministic,one-point,single,0.01,exclusive,2000,2595.8562,5,30,84.4389
.\test_images\emoji.png,tournament-deterministic,one-point,single,0.1,additive,2000,2214.6064,5,20,82.5485
.\test_images\emoji.png,tournament-deterministic,one-point,single,0.1,exclusive,2000,2256.4976,5,10,79.8651
.\test_images\emoji.png,tournament-deterministic,one-point,single,0.5,additive,2000,2284.0364,5,10,79.8760
.\test_images\emoji.png,tournament-deterministic,one-point,single,0.5,exclusive,2000,2198.7417,5,10,79.0560
.\test_images\emoji.png,tournament-deterministic,one-point,single,0.1,exclusive,2000,2248.7695,5,20,81.5897
.\test_images\emoji.png,tournament-deterministic,one-point,single,0.1,additive,2000,2255.2175,5,30,84.5525
.\test_images\emoji.png,tournament-deterministic,one-point,single,0.5,additive,2000,2160.9438,5,20,81.6647
.\test_images\emoji.png,tournament-deterministic,one-point,single,0.1,exclusive,2000,2156.7458,5,30,83.0193
.\test_images\emoji.png,tournament-deterministic,one-point,single,0.5,exclusive,2000,1982.7186,5,20,79.4886
.\test_images\emoji.png,tournament-deterministic,one-point,uniform,0.01,additive,2000,2015.9408,5,10,77.0379
.\test_images\emoji.png,tournament-deterministic,one-point,single,0.5,additive,2000,2079.0005,5,30,85.8822
.\test_images\emoji.png,tournament-deterministic,one-point,uniform,0.01,exclusive,2000,2152.7849,5,10,77.0777
.\test_images\emoji.png,tournament-deterministic,one-point,uniform,0.01,additive,2000,2220.4866,5,20,79.4419
.\test_images\emoji.png,tournament-deterministic,one-point,uniform,0.01,exclusive,2000,2231.4626,5,20,76.8566
.\test_images\emoji.png,tournament-deterministic,one-point,single,0.5,exclusive,2000,1976.2354,5,30,80.5727
.\test_images\emoji.png,tournament-deterministic,one-point,uniform,0.1,additive,2000,2121.6660,5,10,75.4501
.\test_images\emoji.png,tournament-deterministic,one-point,uniform,0.1,additive,2000,2105.6685,5,30,72.5247
.\test_images\emoji.png,tournament-deterministic,one-point,uniform,0.1,additive,2000,2120.0471,5,20,75.1230
.\test_images\emoji.png,tournament-deterministic,one-point,uniform,0.01,additive,2000,2077.7834,5,30,81.2195
.\test_images\emoji.png,tournament-deterministic,one-point,uniform,0.01,exclusive,2000,2260.0095,5,30,78.8998
.\test_images\emoji.png,tournament-deterministic,one-point,uniform,0.1,exclusive,2000,2540.8860,5,10,73.2518
.\test_images\emoji.png,tournament-deterministic,ring,single,0.01,additive,2000,3610.6982,5,10,18.0356
.\test_images\emoji.png,tournament-deterministic,one-point,uniform,0.5,additive,2000,2507.4895,5,10,21.0229
.\test_images\emoji.png,tournament-deterministic,one-point,uniform,0.1,exclusive,2000,2308.6501,5,20,26.0917
.\test_images\emoji.png,tournament-deterministic,one-point,uniform,0.5,exclusive,2000,5168.0283,5,10,22.9999
.\test_images\emoji.png,tournament-deterministic,ring,single,0.01,additive,2000,2476.1013,5,20,21.5916
.\test_images\emoji.png,tournament-deterministic,ring,single,0.01,exclusive,2000,3730.4451,5,10,21.1819
.\test_images\emoji.png,tournament-deterministic,one-point,uniform,0.1,exclusive,2000,2300.6699,5,30,31.4244
.\test_images\emoji.png,tournament-deterministic,one-point,uniform,0.5,additive,2000,2458.1812,5,20,29.3518
.\test_images\emoji.png,tournament-deterministic,one-point,uniform,0.5,exclusive,2000,5325.7070,5,20,28.7005
.\test_images\emoji.png,tournament-deterministic,ring,single,0.01,additive,2000,2578.1689,5,30,23.9750
.\test_images\emoji.png,tournament-deterministic,ring,single,0.1,additive,2000,2153.5532,5,10,21.2774
.\test_images\emoji.png,tournament-deterministic,ring,single,0.1,additive,2000,2246.9121,5,20,21.4571
.\test_images\emoji.png,tournament-deterministic,ring,single,0.01,exclusive,2000,2545.9285,5,20,22.3041
.\test_images\emoji.png,tournament-deterministic,ring,single,0.1,exclusive,2000,2046.5853,5,10,21.0148
.\test_images\emoji.png,tournament-deterministic,ring,single,0.5,additive,2000,2143.1167,5,10,20.3696
.\test_images\emoji.png,tournament-deterministic,ring,single,0.01,exclusive,2000,2473.8982,5,30,23.5532
.\test_images\emoji.png,tournament-deterministic,ring,single,0.1,exclusive,2000,2307.3601,5,20,22.4391
.\test_images\emoji.png,tournament-deterministic,one-point,uniform,0.5,additive,2000,2223.1221,5,30,34.2005
.\test_images\emoji.png,tournament-deterministic,ring,single,0.5,additive,2000,2110.1919,5,20,24.6150
.\test_images\emoji.png,tournament-deterministic,one-point,uniform,0.5,exclusive,2000,4209.8228,5,30,32.9683
.\test_images\emoji.png,tournament-deterministic,ring,single,0.1,additive,2000,1970.3274,5,30,25.8866
.\test_images\emoji.png,tournament-deterministic,ring,single,0.1,exclusive,2000,2111.2803,5,30,25.4203
.\test_images\emoji.png,tournament-deterministic,ring,single,0.5,exclusive,2000,2026.1228,5,10,27.1835
.\test_images\emoji.png,tournament-deterministic,ring,uniform,0.01,additive,2000,2407.2493,5,10,25.5401
.\test_images\emoji.png,tournament-deterministic,ring,single,0.5,additive,2000,2326.6960,5,30,31.4844
.\test_images\emoji.png,tournament-deterministic,ring,single,0.5,exclusive,2000,1995.8679,5,20,29.8425
.\test_images\emoji.png,tournament-deterministic,ring,uniform,0.01,exclusive,2000,2044.0304,5,10,28.6188
.\test_images\emoji.png,tournament-deterministic,ring,single,0.5,exclusive,2000,2380.2002,5,30,34.2025
.\test_images\emoji.png,tournament-deterministic,ring,uniform,0.1,exclusive,2000,2864.8074,5,10,45.0866
.\test_images\emoji.png,tournament-deterministic,ring,uniform,0.1,additive,2000,2076.0720,5,10,46.6888
.\test_images\emoji.png,tournament-deterministic,ring,uniform,0.01,exclusive,2000,1997.8091,5,30,46.9628
.\test_images\emoji.png,tournament-deterministic,ring,uniform,0.1,exclusive,2000,2430.4539,5,20,45.9885
.\test_images\emoji.png,tournament-deterministic,ring,uniform,0.01,additive,2000,2179.0835,5,30,47.3926
.\test_images\emoji.png,tournament-deterministic,ring,uniform,0.01,exclusive,2000,2065.9978,5,20,47.3731
.\test_images\emoji.png,tournament-deterministic,ring,uniform,0.01,additive,2000,1942.7698,5,20,48.2637
.\test_images\emoji.png,tournament-deterministic,ring,uniform,0.5,exclusive,2000,5745.2212,5,10,42.0012
.\test_images\emoji.png,tournament-deterministic,ring,uniform,0.1,additive,2000,2057.2708,5,20,47.0718
.\test_images\emoji.png,tournament-deterministic,ring,uniform,0.1,additive,2000,1984.9738,5,30,46.9236
.\test_images\emoji.png,tournament-deterministic,ring,uniform,0.5,additive,2000,2233.4614,5,10,47.8569
.\test_images\emoji.png,tournament-deterministic,ring,uniform,0.5,additive,2000,2284.1277,5,20,45.2287
.\test_images\emoji.png,tournament-deterministic,ring,uniform,0.5,exclusive,2000,4777.2290,5,20,44.5807
.\test_images\emoji.png,tournament-deterministic,ring,uniform,0.1,exclusive,2000,2388.5918,5,30,49.2344
.\test_images\emoji.png,tournament-deterministic,ring,uniform,0.5,additive,2000,2518.4385,5,30,49.2571
.\test_images\emoji.png,tournament-deterministic,ring,uniform,0.5,exclusive,2000,4501.7837,5,30,48.5588
.\test_images\emoji.png,tournament-deterministic,uniform,single,0.01,additive,2000,4385.8418,5,10,37.5443
.\test_images\emoji.png,tournament-deterministic,uniform,single,0.01,additive,2000,3464.3579,5,20,36.6476
.\test_images\emoji.png,tournament-deterministic,uniform,single,0.01,exclusive,2000,4446.3652,5,10,39.7586
.\test_images\emoji.png,tournament-deterministic,uniform,single,0.01,exclusive,2000,3471.2983,5,20,35.5103
.\test_images\emoji.png,tournament-deterministic,uniform,single,0.01,additive,2000,2325.2322,5,30,41.9480
.\test_images\emoji.png,tournament-deterministic,uniform,single,0.01,exclusive,2000,2323.2493,5,30,35.5874
.\test_images\emoji.png,tournament-deterministic,uniform,single,0.1,additive,2000,2190.1567,5,10,22.8264
.\test_images\emoji.png,tournament-deterministic,uniform,single,0.1,additive,2000,2142.4875,5,20,25.1964
.\test_images\emoji.png,tournament-deterministic,uniform,single,0.1,exclusive,2000,2231.6233,5,10,25.2487
.\test_images\emoji.png,tournament-deterministic,uniform,single,0.5,additive,2000,2166.7192,5,10,25.1832
.\test_images\emoji.png,tournament-deterministic,uniform,single,0.1,exclusive,2000,2089.4902,5,20,26.0506
.\test_images\emoji.png,tournament-deterministic,uniform,single,0.5,exclusive,2000,2205.3149,5,10,25.5030
.\test_images\emoji.png,tournament-deterministic,uniform,single,0.5,additive,2000,2219.2458,5,20,27.7866
.\test_images\emoji.png,tournament-deterministic,uniform,uniform,0.01,additive,2000,2105.6841,5,10,25.2763
.\test_images\emoji.png,tournament-deterministic,uniform,single,0.1,additive,2000,1940.0991,5,30,29.0235
.\test_images\emoji.png,tournament-deterministic,uniform,single,0.5,exclusive,2000,2213.6570,5,20,28.1079
.\test_images\emoji.png,tournament-deterministic,uniform,uniform,0.01,additive,2000,2188.7610,5,20,27.2715
.\test_images\emoji.png,tournament-deterministic,uniform,single,0.1,exclusive,2000,2247.4175,5,30,31.1863
.\test_images\emoji.png,tournament-deterministic,uniform,single,0.5,exclusive,2000,2048.4973,5,30,29.3041
.\test_images\emoji.png,tournament-deterministic,uniform,uniform,0.01,exclusive,2000,2030.1771,5,10,25.5850
.\test_images\emoji.png,tournament-deterministic,uniform,single,0.5,additive,2000,1944.1742,5,30,32.7183
.\test_images\emoji.png,tournament-deterministic,uniform,uniform,0.01,exclusive,2000,2205.5984,5,20,24.6977
.\test_images\emoji.png,tournament-deterministic,uniform,uniform,0.01,additive,2000,1985.3811,5,30,29.3514
.\test_images\emoji.png,tournament-deterministic,uniform,uniform,0.1,additive,2000,2093.6128,5,10,24.0980
.\test_images\emoji.png,tournament-deterministic,uniform,uniform,0.01,exclusive,2000,2041.8019,5,30,29.4483
.\test_images\emoji.png,tournament-deterministic,uniform,uniform,0.1,exclusive,2000,2653.5613,5,10,23.9191
.\test_images\emoji.png,tournament-deterministic,uniform,uniform,0.1,additive,2000,1689.0839,5,20,25.5224
.\test_images\emoji.png,tournament-deterministic,uniform,uniform,0.1,additive,2000,2166.4807,5,30,34.0250
.\test_images\emoji.png,tournament-probabilistic,one-point,single,0.01,additive,2000,4064.7893,5,10,24.5097
.\test_images\emoji.png,tournament-deterministic,uniform,uniform,0.5,additive,2000,2559.8984,5,10,28.2344
.\test_images\emoji.png,tournament-deterministic,uniform,uniform,0.1,exclusive,2000,2524.5925,5,20,31.4148
.\test_images\emoji.png,tournament-deterministic,uniform,uniform,0.5,exclusive,2000,5954.1504,5,10,28.9220
.\test_images\emoji.png,tournament-probabilistic,one-point,single,0.01,exclusive,2000,4666.9268,5,10,25.3605
.\test_images\emoji.png,tournament-probabilistic,one-point,single,0.01,additive,2000,2752.2258,5,20,26.8886
.\test_images\emoji.png,tournament-probabilistic,one-point,single,0.1,additive,2000,2265.1250,5,10,25.2680
.\test_images\emoji.png,tournament-probabilistic,one-point,single,0.01,exclusive,2000,4694.0273,5,20,27.3166
.\test_images\emoji.png,tournament-probabilistic,one-point,single,0.1,additive,2000,2199.0339,5,20,26.7499
.\test_images\emoji.png,tournament-deterministic,uniform,uniform,0.5,additive,2000,2307.2144,5,20,34.6024
.\test_images\emoji.png,tournament-probabilistic,one-point,single,0.01,additive,2000,2216.7974,5,30,28.5676
.\test_images\emoji.png,tournament-deterministic,uniform,uniform,0.1,exclusive,2000,2501.9487,5,30,36.1411
.\test_images\emoji.png,tournament-deterministic,uniform,uniform,0.5,exclusive,2000,5784.3105,5,20,32.2930
.\test_images\emoji.png,tournament-probabilistic,one-point,single,0.01,exclusive,2000,2627.5286,5,30,29.0782
.\test_images\emoji.png,tournament-probabilistic,one-point,single,0.5,additive,2000,2112.7102,5,10,19.3113
.\test_images\emoji.png,tournament-probabilistic,one-point,single,0.1,exclusive,2000,2720.2437,5,10,21.9174
.\test_images\emoji.png,tournament-probabilistic,one-point,single,0.1,exclusive,2000,2339.7258,5,20,21.8074
.\test_images\emoji.png,tournament-probabilistic,one-point,single,0.1,additive,2000,2292.3354,5,30,26.0270
.\test_images\emoji.png,tournament-deterministic,uniform,uniform,0.5,additive,2000,2343.9558,5,30,37.5754
.\test_images\emoji.png,tournament-deterministic,uniform,uniform,0.5,exclusive,2000,4554.3481,5,30,36.2821
.\test_images\emoji.png,tournament-probabilistic,one-point,single,0.1,exclusive,2000,2030.4009,5,30,26.4821
.\test_images\emoji.png,tournament-probabilistic,one-point,single,0.5,additive,2000,2045.3501,5,20,23.3884
.\test_images\emoji.png,tournament-probabilistic,one-point,single,0.5,exclusive,2000,2343.3005,5,10,21.5567
.\test_images\emoji.png,tournament-probabilistic,one-point,single,0.5,exclusive,2000,2447.5947,5,20,26.1407
.\test_images\emoji.png,tournament-probabilistic,one-point,uniform,0.01,additive,2000,2141.1223,5,10,24.1637
.\test_images\emoji.png,tournament-probabilistic,one-point,single,0.5,additive,2000,2169.9678,5,30,29.3104
.\test_images\emoji.png,tournament-probabilistic,one-point,single,0.5,exclusive,2000,1956.0563,5,30,27.8542
.\test_images\emoji.png,tournament-probabilistic,one-point,uniform,0.01,additive,2000,2050.2236,5,20,25.5613
.\test_images\emoji.png,tournament-probabilistic,one-point,uniform,0.01,exclusive,2000,2343.4294,5,10,28.5223
.\test_images\emoji.png,tournament-probabilistic,one-point,uniform,0.1,additive,2000,2094.7974,5,10,28.6308
.\test_images\emoji.png,tournament-probabilistic,one-point,uniform,0.5,additive,2000,2395.9050,5,10,27.2952
.\test_images\emoji.png,tournament-probabilistic,one-point,uniform,0.1,exclusive,2000,4595.0698,5,10,27.8572
.\test_images\emoji.png,tournament-probabilistic,one-point,uniform,0.01,exclusive,2000,2217.5928,5,20,30.1852
.\test_images\emoji.png,tournament-probabilistic,one-point,uniform,0.5,exclusive,2000,9916.7363,5,10,25.4114
.\test_images\emoji.png,tournament-probabilistic,one-point,uniform,0.01,additive,2000,2149.5195,5,30,32.3883
.\test_images\emoji.png,tournament-probabilistic,one-point,uniform,0.01,exclusive,2000,2165.9221,5,30,31.5379
.\test_images\emoji.png,tournament-probabilistic,one-point,uniform,0.1,additive,2000,2087.0999,5,20,32.0885
.\test_images\emoji.png,tournament-probabilistic,one-point,uniform,0.1,exclusive,2000,3400.1404,5,20,30.9875
.\test_images\emoji.png,tournament-probabilistic,one-point,uniform,0.5,additive,2000,2396.2261,5,20,32.5833
.\test_images\emoji.png,tournament-probabilistic,ring,single,0.01,additive,2000,3203.9224,5,10,26.1061
.\test_images\emoji.png,tournament-probabilistic,one-point,uniform,0.1,additive,2000,2009.0974,5,30,41.2930
.\test_images\emoji.png,tournament-probabilistic,one-point,uniform,0.1,exclusive,2000,3783.4075,5,30,40.5199
.\test_images\emoji.png,tournament-probabilistic,one-point,uniform,0.5,exclusive,2000,7386.2090,5,20,35.2470
.\test_images\emoji.png,tournament-probabilistic,one-point,uniform,0.5,additive,2000,2373.6230,5,30,41.0896
.\test_images\emoji.png,tournament-probabilistic,ring,single,0.01,additive,2000,2559.1653,5,20,27.0157
.\test_images\emoji.png,tournament-probabilistic,ring,single,0.01,exclusive,2000,6317.5884,5,10,23.8337
.\test_images\emoji.png,tournament-probabilistic,one-point,uniform,0.5,exclusive,2000,6879.5186,5,30,32.9361
.\test_images\emoji.png,tournament-probabilistic,ring,single,0.01,additive,2000,2472.5793,5,30,26.5436
.\test_images\emoji.png,tournament-probabilistic,ring,single,0.01,exclusive,2000,4016.9055,5,20,24.4500
.\test_images\emoji.png,tournament-probabilistic,ring,single,0.01,exclusive,2000,3058.8501,5,30,25.3781
.\test_images\emoji.png,tournament-probabilistic,ring,single,0.1,additive,2000,2191.3850,5,10,22.9533
.\test_images\emoji.png,tournament-probabilistic,ring,single,0.1,exclusive,2000,2667.5574,5,10,22.3905
.\test_images\emoji.png,tournament-probabilistic,ring,single,0.1,additive,2000,2146.9067,5,30,23.8507
.\test_images\emoji.png,tournament-probabilistic,ring,single,0.1,exclusive,2000,2278.8999,5,30,23.1124
.\test_images\emoji.png,tournament-probabilistic,ring,single,0.1,exclusive,2000,2304.3149,5,20,23.8082
.\test_images\emoji.png,tournament-probabilistic,ring,single,0.5,additive,2000,2062.1252,5,10,23.8056
.\test_images\emoji.png,tournament-probabilistic,ring,single,0.5,exclusive,2000,2328.6021,5,10,21.3600
.\test_images\emoji.png,tournament-probabilistic,ring,single,0.5,exclusive,2000,1974.9550,5,20,19.2467
.\test_images\emoji.png,tournament-probabilistic,ring,single,0.1,additive,2000,2132.3206,5,20,26.4213
.\test_images\emoji.png,tournament-probabilistic,ring,single,0.5,additive,2000,2040.6520,5,30,22.9610
.\test_images\emoji.png,tournament-probabilistic,ring,single,0.5,additive,2000,2184.7771,5,20,24.4667
.\test_images\emoji.png,tournament-probabilistic,ring,uniform,0.01,additive,2000,2258.5461,5,10,19.0558
.\test_images\emoji.png,tournament-probabilistic,ring,single,0.5,exclusive,2000,1978.6490,5,30,25.0479
.\test_images\emoji.png,tournament-probabilistic,ring,uniform,0.01,additive,2000,2094.1665,5,20,23.0690
.\test_images\emoji.png,tournament-probabilistic,ring,uniform,0.01,exclusive,2000,2520.4512,5,10,21.7647
.\test_images\emoji.png,tournament-probabilistic,ring,uniform,0.01,additive,2000,2110.4021,5,30,34.4824
.\test_images\emoji.png,tournament-probabilistic,ring,uniform,0.1,additive,2000,1933.5881,5,10,32.0344
.\test_images\emoji.png,tournament-probabilistic,ring,uniform,0.01,exclusive,2000,2197.8994,5,20,33.9431
.\test_images\emoji.png,tournament-probabilistic,ring,uniform,0.01,exclusive,2000,2195.3508,5,30,34.0941
.\test_images\emoji.png,tournament-probabilistic,ring,uniform,0.1,exclusive,2000,7471.1162,5,10,31.5650
.\test_images\emoji.png,tournament-probabilistic,uniform,single,0.01,additive,2000,4006.9478,5,10,28.5086
.\test_images\emoji.png,tournament-probabilistic,ring,uniform,0.1,additive,2000,2072.0244,5,20,35.6570
.\test_images\emoji.png,tournament-probabilistic,ring,uniform,0.5,additive,2000,2601.1531,5,10,31.1516
.\test_images\emoji.png,tournament-probabilistic,ring,uniform,0.1,exclusive,2000,3312.4236,5,20,34.3895
.\test_images\emoji.png,tournament-probabilistic,ring,uniform,0.5,exclusive,2000,8876.3066,5,10,32.0334
.\test_images\emoji.png,tournament-probabilistic,uniform,single,0.01,additive,2000,2685.9280,5,20,30.4741
.\test_images\emoji.png,tournament-probabilistic,ring,uniform,0.1,additive,2000,2056.1377,5,30,38.7969
.\test_images\emoji.png,tournament-probabilistic,uniform,single,0.01,exclusive,2000,4510.7383,5,10,27.7832
.\test_images\emoji.png,tournament-probabilistic,ring,uniform,0.5,additive,2000,2281.3608,5,20,35.9309
.\test_images\emoji.png,tournament-probabilistic,uniform,single,0.01,additive,2000,2242.3936,5,30,33.8098
.\test_images\emoji.png,tournament-probabilistic,uniform,single,0.01,exclusive,2000,2945.6609,5,20,40.1676
.\test_images\emoji.png,tournament-probabilistic,ring,uniform,0.1,exclusive,2000,3491.0388,5,30,53.9420
.\test_images\emoji.png,tournament-probabilistic,ring,uniform,0.5,exclusive,2000,6678.7188,5,20,51.8826
.\test_images\emoji.png,tournament-probabilistic,ring,uniform,0.5,exclusive,2000,6429.0527,5,30,51.8307
.\test_images\emoji.png,tournament-probabilistic,uniform,single,0.01,exclusive,2000,3786.2903,5,30,41.2010
.\test_images\emoji.png,tournament-probabilistic,uniform,single,0.1,additive,2000,2232.8950,5,10,41.0674
.\test_images\emoji.png,tournament-probabilistic,ring,uniform,0.5,additive,2000,2269.9460,5,30,53.3355
.\test_images\emoji.png,tournament-probabilistic,uniform,single,0.1,additive,2000,2023.9373,5,20,32.7263
.\test_images\emoji.png,tournament-probabilistic,uniform,single,0.1,exclusive,2000,2578.9338,5,10,32.0176
.\test_images\emoji.png,tournament-probabilistic,uniform,single,0.1,exclusive,2000,2306.9846,5,20,35.6666
.\test_images\emoji.png,tournament-probabilistic,uniform,single,0.1,additive,2000,2041.2704,5,30,37.7625
.\test_images\emoji.png,tournament-probabilistic,uniform,single,0.1,exclusive,2000,2253.5520,5,30,36.8474
.\test_images\emoji.png,tournament-probabilistic,uniform,single,0.5,additive,2000,2087.9185,5,20,34.6601
.\test_images\emoji.png,tournament-probabilistic,uniform,single,0.5,exclusive,2000,2259.9888,5,20,31.6490
.\test_images\emoji.png,tournament-probabilistic,uniform,uniform,0.01,additive,2000,2141.7310,5,30,28.8569
.\test_images\emoji.png,tournament-probabilistic,uniform,uniform,0.01,additive,2000,1916.5677,5,10,31.9794
.\test_images\emoji.png,tournament-probabilistic,uniform,uniform,0.01,additive,2000,2112.0840,5,20,30.1211
.\test_images\emoji.png,tournament-probabilistic,uniform,single,0.5,additive,2000,2102.9968,5,10,35.4868
.\test_images\emoji.png,tournament-probabilistic,uniform,single,0.5,exclusive,2000,2364.8486,5,10,33.1231
.\test_images\emoji.png,tournament-probabilistic,uniform,single,0.5,exclusive,2000,2187.1377,5,30,33.2354
.\test_images\emoji.png,tournament-probabilistic,uniform,uniform,0.01,exclusive,2000,2400.5012,5,10,30.4867
.\test_images\emoji.png,tournament-probabilistic,uniform,single,0.5,additive,2000,2016.3334,5,30,35.9482
.\test_images\emoji.png,tournament-probabilistic,uniform,uniform,0.01,exclusive,2000,2217.1838,5,20,30.0618
.\test_images\emoji.png,tournament-probabilistic,uniform,uniform,0.1,additive,2000,2044.7982,5,10,30.1398
.\test_images\emoji.png,tournament-probabilistic,uniform,uniform,0.1,exclusive,2000,7132.2988,5,10,30.7964
.\test_images\emoji.png,tournament-probabilistic,uniform,uniform,0.01,exclusive,2000,2072.2617,5,30,34.2566
.\test_images\emoji.png,tournament-probabilistic,uniform,uniform,0.1,exclusive,2000,4991.6055,5,20,34.0533
.\test_images\emoji.png,tournament-probabilistic,uniform,uniform,0.1,additive,2000,2188.4553,5,20,35.5660
.\test_images\emoji.png,tournament-probabilistic,uniform,uniform,0.5,additive,2000,2362.7014,5,10,32.3260
.\test_images\emoji.png,tournament-probabilistic,uniform,uniform,0.1,exclusive,2000,3714.5930,5,30,35.9846
.\test_images\emoji.png,elite,one-point,single,0.01,additive,2000,2447.5354,10,10,27.9260
.\test_images\emoji.png,tournament-probabilistic,uniform,uniform,0.1,additive,2000,2032.4788,5,30,39.8314
.\test_images\emoji.png,elite,one-point,single,0.1,additive,2000,1716.7538,10,10,26.5283
.\test_images\emoji.png,elite,one-point,single,0.01,exclusive,2000,7833.4487,10,30,27.0585
.\test_images\emoji.png,elite,one-point,single,0.01,additive,2000,2167.4028,10,20,28.1972
.\test_images\emoji.png,elite,one-point,single,0.1,additive,2000,1555.4075,10,20,26.7682
.\test_images\emoji.png,elite,one-point,single,0.01,exclusive,2000,6210.2612,10,10,28.4737
.\test_images\emoji.png,elite,one-point,single,0.01,additive,2000,2459.0356,10,30,28.5752
.\test_images\emoji.png,tournament-probabilistic,uniform,uniform,0.5,additive,2000,2290.6897,5,20,31.6617
.\test_images\emoji.png,tournament-probabilistic,uniform,uniform,0.5,exclusive,2000,8448.7402,5,10,30.3235
.\test_images\emoji.png,elite,one-point,single,0.01,exclusive,2000,5906.0557,10,20,28.7699
.\test_images\emoji.png,tournament-probabilistic,uniform,uniform,0.5,exclusive,2000,8466.3535,5,20,30.0506
.\test_images\emoji.png,tournament-probabilistic,uniform,uniform,0.5,additive,2000,2420.0215,5,30,32.6050
.\test_images\emoji.png,tournament-probabilistic,uniform,uniform,0.5,exclusive,2000,7026.6260,5,30,36.6377
.\test_images\emoji.png,elite,one-point,single,0.1,exclusive,2000,7478.7651,10,10,23.5510
.\test_images\emoji.png,elite,one-point,single,0.5,additive,2000,1564.4236,10,10,40.4950
.\test_images\emoji.png,elite,one-point,single,0.1,exclusive,2000,9704.7617,10,20,61.4035
.\test_images\emoji.png,elite,one-point,single,0.1,additive,2000,1528.1373,10,30,63.3540
.\test_images\emoji.png,elite,one-point,single,0.1,exclusive,2000,9821.1123,10,30,64.6966
.\test_images\emoji.png,elite,one-point,single,0.5,exclusive,2000,9154.1777,10,10,59.4494
.\test_images\emoji.png,elite,one-point,single,0.5,additive,2000,1466.2039,10,20,64.6778
.\test_images\emoji.png,elite,one-point,uniform,0.01,additive,2000,1232.5294,10,10,60.6370
.\test_images\emoji.png,elite,one-point,uniform,0.01,exclusive,2000,10922.8564,10,30,60.2499
.\test_images\emoji.png,elite,one-point,uniform,0.01,exclusive,2000,9120.5137,10,10,60.7273
.\test_images\emoji.png,elite,one-point,single,0.5,additive,2000,1165.3914,10,30,63.8815
.\test_images\emoji.png,elite,one-point,uniform,0.1,additive,2000,1653.6865,10,10,61.1595
.\test_images\emoji.png,elite,one-point,single,0.5,exclusive,2000,9847.7021,10,20,62.5161
.\test_images\emoji.png,elite,one-point,uniform,0.1,exclusive,2000,9043.3066,10,10,60.8434
.\test_images\emoji.png,elite,one-point,single,0.5,exclusive,2000,7997.8608,10,30,63.0772
.\test_images\emoji.png,elite,one-point,uniform,0.01,exclusive,2000,10306.8779,10,20,62.3064
.\test_images\emoji.png,elite,one-point,uniform,0.5,additive,2000,2244.2283,10,10,50.0494
.\test_images\emoji.png,elite,one-point,uniform,0.01,additive,2000,1432.9065,10,20,67.1112
.\test_images\emoji.png,elite,one-point,uniform,0.1,additive,2000,1423.1904,10,20,66.5836
.\test_images\emoji.png,elite,one-point,uniform,0.01,additive,2000,1337.4893,10,30,67.8160
.\test_images\emoji.png,elite,one-point,uniform,0.1,additive,2000,1615.9065,10,30,67.2255
.\test_images\emoji.png,elite,one-point,uniform,0.1,exclusive,2000,9505.5107,10,20,65.0153
.\test_images\emoji.png,elite,one-point,uniform,0.1,exclusive,2000,8892.0732,10,30,62.5145
.\test_images\emoji.png,elite,one-point,uniform,0.5,additive,2000,2118.5857,10,20,39.7439
.\test_images\emoji.png,elite,one-point,uniform,0.5,exclusive,2000,9498.3193,10,10,25.9623
.\test_images\emoji.png,elite,ring,single,0.01,additive,2000,2902.4219,10,10,21.3400
.\test_images\emoji.png,elite,ring,single,0.1,exclusive,2000,10151.3262,10,10,18.3745
.\test_images\emoji.png,elite,ring,single,0.01,additive,2000,2137.4626,10,20,21.8925
.\test_images\emoji.png,elite,ring,single,0.01,exclusive,2000,7963.8970,10,10,21.3657
.\test_images\emoji.png,elite,ring,single,0.1,additive,2000,1649.5465,10,10,20.5652
.\test_images\emoji.png,elite,ring,single,0.01,exclusive,2000,9724.9209,10,20,21.5592
.\test_images\emoji.png,elite,ring,single,0.1,exclusive,2000,10082.8740,10,20,22.0163
.\test_images\emoji.png,elite,ring,single,0.1,additive,2000,1491.1244,10,20,24.0811
.\test_images\emoji.png,elite,ring,single,0.01,additive,2000,2140.8008,10,30,25.8071
.\test_images\emoji.png,elite,ring,single,0.01,exclusive,2000,7018.5571,10,30,25.4876
.\test_images\emoji.png,elite,ring,single,0.5,additive,2000,1529.0106,10,10,20.0064
.\test_images\emoji.png,elite,ring,single,0.5,exclusive,2000,11881.9756,10,10,21.3853
.\test_images\emoji.png,elite,ring,single,0.1,additive,2000,1248.1263,10,30,29.6893
.\test_images\emoji.png,elite,one-point,uniform,0.5,exclusive,2000,8740.7100,10,20,34.9636
.\test_images\emoji.png,elite,one-point,uniform,0.5,additive,2000,2157.2598,10,30,41.0536
.\test_images\emoji.png,elite,ring,single,0.1,exclusive,2000,8173.6543,10,30,28.6589
.\test_images\emoji.png,elite,ring,single,0.5,additive,2000,1681.0232,10,20,28.3740
.\test_images\emoji.png,elite,ring,single,0.5,exclusive,2000,10575.7949,10,20,31.6690
.\test_images\emoji.png,elite,ring,single,0.5,additive,2000,1578.7230,10,30,37.5787
.\test_images\emoji.png,elite,one-point,uniform,0.5,exclusive,2000,8258.6787,10,30,47.2754
.\test_images\emoji.png,elite,ring,uniform,0.01,additive,2000,1473.7195,10,10,29.9522
.\test_images\emoji.png,elite,ring,uniform,0.01,exclusive,2000,10300.3750,10,10,27.0615
.\test_images\emoji.png,elite,ring,single,0.5,exclusive,2000,9525.6729,10,30,39.6957
.\test_images\emoji.png,elite,ring,uniform,0.01,additive,2000,1491.2454,10,20,34.2588
.\test_images\emoji.png,elite,ring,uniform,0.1,additive,2000,1642.6141,10,10,34.3872
.\test_images\emoji.png,elite,ring,uniform,0.01,exclusive,2000,9958.1416,10,20,35.8472
.\test_images\emoji.png,elite,ring,uniform,0.1,exclusive,2000,10440.0615,10,10,31.5112
.\test_images\emoji.png,elite,ring,uniform,0.5,additive,2000,2259.0378,10,10,32.0161
.\test_images\emoji.png,elite,ring,uniform,0.01,additive,2000,1209.1700,10,30,43.7716
.\test_images\emoji.png,elite,ring,uniform,0.01,exclusive,2000,11114.1963,10,30,42.2713
.\test_images\emoji.png,elite,ring,uniform,0.1,additive,2000,1634.7003,10,20,43.7664
.\test_images\emoji.png,elite,ring,uniform,0.1,exclusive,2000,9290.6191,10,20,42.6979
.\test_images\emoji.png,elite,ring,uniform,0.5,exclusive,2000,9996.4229,10,10,36.9764
.\test_images\emoji.png,elite,uniform,single,0.01,additive,2000,3294.5549,10,10,32.4484
.\test_images\emoji.png,elite,ring,uniform,0.1,exclusive,2000,10311.3945,10,30,47.9399
.\test_images\emoji.png,elite,uniform,single,0.01,additive,2000,2601.2192,10,20,29.6228
.\test_images\emoji.png,elite,ring,uniform,0.5,additive,2000,2160.5005,10,20,43.2375
.\test_images\emoji.png,elite,ring,uniform,0.5,exclusive,2000,8608.7510,10,20,40.0263
.\test_images\emoji.png,elite,ring,uniform,0.1,additive,2000,1532.6274,10,30,49.8130
.\test_images\emoji.png,elite,uniform,single,0.01,exclusive,2000,6717.3857,10,10,29.9376
.\test_images\emoji.png,elite,uniform,single,0.01,exclusive,2000,9055.7715,10,20,38.7394
.\test_images\emoji.png,elite,uniform,single,0.01,additive,2000,2253.6172,10,30,42.8608
.\test_images\emoji.png,elite,ring,uniform,0.5,additive,2000,2146.8008,10,30,56.5890
.\test_images\emoji.png,elite,uniform,single,0.01,exclusive,2000,7776.2729,10,30,35.1119
.\test_images\emoji.png,elite,uniform,single,0.1,additive,2000,1656.4430,10,10,34.4849
.\test_images\emoji.png,elite,ring,uniform,0.5,exclusive,2000,9662.5830,10,30,53.7086
.\test_images\emoji.png,elite,uniform,single,0.1,additive,2000,1703.3849,10,30,31.9364
.\test_images\emoji.png,elite,uniform,single,0.1,exclusive,2000,12093.1143,10,20,28.9941
.\test_images\emoji.png,elite,uniform,single,0.1,additive,2000,1504.9579,10,20,33.3196
.\test_images\emoji.png,elite,uniform,single,0.1,exclusive,2000,8403.3594,10,10,32.9365
.\test_images\emoji.png,elite,uniform,single,0.5,additive,2000,1485.8462,10,10,29.3321
.\test_images\emoji.png,elite,uniform,single,0.1,exclusive,2000,8902.7373,10,30,104.1630
.\test_images\emoji.png,elite,uniform,single,0.5,exclusive,2000,9879.5820,10,10,101.1867
.\test_images\emoji.png,elite,uniform,uniform,0.01,additive,2000,1362.1724,10,10,97.6879
.\test_images\emoji.png,elite,uniform,uniform,0.01,exclusive,2000,10213.2051,10,10,97.4299
.\test_images\emoji.png,elite,uniform,single,0.5,additive,2000,1528.4775,10,20,104.5656
.\test_images\emoji.png,elite,uniform,single,0.5,exclusive,2000,11965.9160,10,20,99.1862
.\test_images\emoji.png,elite,uniform,single,0.5,additive,2000,1417.1090,10,30,103.8645
.\test_images\emoji.png,elite,uniform,uniform,0.01,additive,2000,1036.3025,10,20,98.3261
.\test_images\emoji.png,elite,uniform,uniform,0.01,exclusive,2000,9968.0137,10,20,99.1445
.\test_images\emoji.png,elite,uniform,single,0.5,exclusive,2000,8829.4688,10,30,101.9521
.\test_images\emoji.png,elite,uniform,uniform,0.01,additive,2000,1601.0375,10,30,105.5496
.\test_images\emoji.png,elite,uniform,uniform,0.1,additive,2000,1580.4475,10,10,95.4764
.\test_images\emoji.png,elite,uniform,uniform,0.5,additive,2000,2266.1897,10,10,93.7046
.\test_images\emoji.png,elite,uniform,uniform,0.5,exclusive,2000,9134.0420,10,10,90.1306
.\test_images\emoji.png,elite,uniform,uniform,0.1,additive,2000,1072.2910,10,20,95.3480
.\test_images\emoji.png,elite,uniform,uniform,0.1,exclusive,2000,9450.6191,10,20,94.8682
.\test_images\emoji.png,elite,uniform,uniform,0.1,exclusive,2000,10263.0742,10,10,95.3075
.\test_images\emoji.png,elite,uniform,uniform,0.01,exclusive,2000,11390.3906,10,30,97.2362
.\test_images\emoji.png,elite,uniform,uniform,0.1,additive,2000,1656.9548,10,30,96.0241
.\test_images\emoji.png,elite,uniform,uniform,0.5,additive,2000,2082.7107,10,20,94.1428
.\test_images\emoji.png,elite,uniform,uniform,0.1,exclusive,2000,9140.7832,10,30,95.0291
.\test_images\emoji.png,elite,uniform,uniform,0.5,additive,2000,2193.9666,10,30,95.0942
.\test_images\emoji.png,roulette,one-point,single,0.01,exclusive,2000,3068.9116,10,10,19.1368
.\test_images\emoji.png,roulette,one-point,single,0.01,additive,2000,3109.5757,10,10,26.1157
.\test_images\emoji.png,roulette,one-point,single,0.01,additive,2000,2535.0510,10,20,26.6443
.\test_images\emoji.png,roulette,one-point,single,0.1,additive,2000,1628.8737,10,10,24.1497
.\test_images\emoji.png,roulette,one-point,single,0.01,exclusive,2000,2445.0603,10,20,28.0013
.\test_images\emoji.png,elite,uniform,uniform,0.5,exclusive,2000,9381.6660,10,20,35.1943
.\test_images\emoji.png,roulette,one-point,single,0.01,additive,2000,2304.2998,10,30,31.4343
.\test_images\emoji.png,roulette,one-point,single,0.01,exclusive,2000,2414.2156,10,30,32.1295
.\test_images\emoji.png,roulette,one-point,single,0.1,additive,2000,1652.1838,10,20,28.7849
.\test_images\emoji.png,roulette,one-point,single,0.1,exclusive,2000,1751.8105,10,10,36.8046
.\test_images\emoji.png,roulette,one-point,single,0.5,additive,2000,1442.5132,10,10,38.1569
.\test_images\emoji.png,roulette,one-point,single,0.5,exclusive,2000,1730.4395,10,10,38.1348
.\test_images\emoji.png,roulette,one-point,uniform,0.01,additive,2000,1241.7675,10,10,37.9522
.\test_images\emoji.png,roulette,one-point,single,0.1,exclusive,2000,1537.1953,10,20,39.9258
.\test_images\emoji.png,roulette,one-point,single,0.1,additive,2000,1419.6533,10,30,43.2928
.\test_images\emoji.png,roulette,one-point,single,0.5,exclusive,2000,1780.9469,10,20,39.5814
.\test_images\emoji.png,roulette,one-point,single,0.5,additive,2000,1414.0785,10,20,40.4702
.\test_images\emoji.png,elite,uniform,uniform,0.5,exclusive,2000,9615.3535,10,30,54.0521
.\test_images\emoji.png,roulette,one-point,single,0.1,exclusive,2000,1767.0330,10,30,40.9028
.\test_images\emoji.png,roulette,one-point,uniform,0.01,additive,2000,1539.4553,10,20,39.0602
.\test_images\emoji.png,roulette,one-point,single,0.5,exclusive,2000,1888.7814,10,30,40.9153
.\test_images\emoji.png,roulette,one-point,single,0.5,additive,2000,1601.9463,10,30,41.5269
.\test_images\emoji.png,roulette,one-point,uniform,0.01,exclusive,2000,1836.9275,10,10,76.0336
.\test_images\emoji.png,roulette,one-point,uniform,0.01,exclusive,2000,1876.3507,10,20,100.3613
.\test_images\emoji.png,roulette,one-point,uniform,0.01,additive,2000,1622.7427,10,30,109.0265
.\test_images\emoji.png,roulette,one-point,uniform,0.1,additive,2000,1523.0229,10,10,100.3176
.\test_images\emoji.png,roulette,one-point,uniform,0.01,exclusive,2000,1885.9104,10,30,101.5624
.\test_images\emoji.png,roulette,one-point,uniform,0.1,additive,2000,1428.6771,10,30,97.9614
.\test_images\emoji.png,roulette,one-point,uniform,0.1,exclusive,2000,4180.2993,10,10,96.8793
.\test_images\emoji.png,roulette,one-point,uniform,0.1,exclusive,2000,3287.4785,10,20,97.0059
.\test_images\emoji.png,roulette,one-point,uniform,0.1,additive,2000,1476.5518,10,20,99.3970
.\test_images\emoji.png,roulette,ring,single,0.01,additive,2000,2899.7258,10,10,83.2788
.\test_images\emoji.png,roulette,ring,single,0.01,exclusive,2000,3406.5479,10,10,83.2915
.\test_images\emoji.png,roulette,one-point,uniform,0.5,additive,2000,2071.6038,10,20,86.2312
.\test_images\emoji.png,roulette,one-point,uniform,0.5,additive,2000,2142.7056,10,30,86.6962
.\test_images\emoji.png,roulette,one-point,uniform,0.5,exclusive,2000,6581.0049,10,10,85.6756
.\test_images\emoji.png,roulette,one-point,uniform,0.5,additive,2000,2355.0229,10,10,87.4632
.\test_images\emoji.png,roulette,one-point,uniform,0.5,exclusive,2000,6028.5938,10,30,85.4642
.\test_images\emoji.png,roulette,ring,single,0.01,additive,2000,2265.1521,10,20,84.7777
.\test_images\emoji.png,roulette,ring,single,0.01,exclusive,2000,2465.5837,10,20,83.9637
.\test_images\emoji.png,roulette,one-point,uniform,0.1,exclusive,2000,3456.4299,10,30,88.8226
.\test_images\emoji.png,roulette,one-point,uniform,0.5,exclusive,2000,5922.8936,10,20,85.8864
.\test_images\emoji.png,roulette,ring,single,0.01,additive,2000,2431.3157,10,30,85.0285
.\test_images\emoji.png,roulette,ring,single,0.01,exclusive,2000,2477.7334,10,30,84.7391
.\test_images\emoji.png,roulette,ring,single,0.1,additive,2000,1871.2505,10,10,36.1188
.\test_images\emoji.png,roulette,ring,single,0.1,exclusive,2000,2052.2627,10,10,20.7380
.\test_images\emoji.png,roulette,ring,single,0.1,additive,2000,1445.2904,10,20,24.0406
.\test_images\emoji.png,roulette,ring,single,0.5,additive,2000,1544.1190,10,10,22.7245
.\test_images\emoji.png,roulette,ring,single,0.1,exclusive,2000,1662.5963,10,20,23.4839
.\test_images\emoji.png,roulette,ring,single,0.5,additive,2000,1513.7009,10,20,25.8255
.\test_images\emoji.png,roulette,ring,single,0.1,additive,2000,1595.4910,10,30,27.3366
.\test_images\emoji.png,roulette,ring,single,0.5,exclusive,2000,1686.1301,10,10,23.9579
.\test_images\emoji.png,roulette,ring,single,0.1,exclusive,2000,1771.9524,10,30,30.1161
.\test_images\emoji.png,roulette,ring,single,0.5,exclusive,2000,1811.1985,10,20,26.1384
.\test_images\emoji.png,roulette,ring,uniform,0.1,exclusive,2000,3654.3728,10,10,26.2733
.\test_images\emoji.png,roulette,ring,uniform,0.01,exclusive,2000,1735.5765,10,10,27.5544
.\test_images\emoji.png,roulette,ring,uniform,0.1,additive,2000,1502.1914,10,10,27.5864
.\test_images\emoji.png,roulette,ring,single,0.5,additive,2000,1563.7787,10,30,33.9621
.\test_images\emoji.png,roulette,ring,uniform,0.01,additive,2000,1425.4547,10,10,27.8595
.\test_images\emoji.png,roulette,ring,uniform,0.01,additive,2000,1484.0139,10,20,28.9682
.\test_images\emoji.png,roulette,ring,uniform,0.01,exclusive,2000,1975.3219,10,20,65.8375
.\test_images\emoji.png,roulette,ring,uniform,0.1,additive,2000,1181.8948,10,20,67.7835
.\test_images\emoji.png,roulette,ring,single,0.5,exclusive,2000,1641.3428,10,30,69.1230
.\test_images\emoji.png,roulette,ring,uniform,0.1,exclusive,2000,4119.7046,10,20,68.1884
.\test_images\emoji.png,roulette,ring,uniform,0.01,exclusive,2000,1920.0684,10,30,70.1525
.\test_images\emoji.png,roulette,ring,uniform,0.01,additive,2000,1544.5140,10,30,70.7403
.\test_images\emoji.png,roulette,ring,uniform,0.5,additive,2000,2098.4141,10,10,58.4752
.\test_images\emoji.png,roulette,ring,uniform,0.1,additive,2000,1115.9031,10,30,72.7201
.\test_images\emoji.png,roulette,ring,uniform,0.5,additive,2000,2161.5818,10,20,60.3846
.\test_images\emoji.png,roulette,ring,uniform,0.5,exclusive,2000,7542.7241,10,10,57.5154
.\test_images\emoji.png,roulette,uniform,single,0.01,additive,2000,4051.6619,10,10,53.7124
.\test_images\emoji.png,roulette,uniform,single,0.01,additive,2000,2271.6033,10,20,52.7431
.\test_images\emoji.png,roulette,uniform,single,0.01,exclusive,2000,3139.4167,10,20,49.8723
.\test_images\emoji.png,roulette,uniform,single,0.01,exclusive,2000,4341.7241,10,10,49.9976
.\test_images\emoji.png,roulette,ring,uniform,0.5,additive,2000,2269.5784,10,30,61.3472
.\test_images\emoji.png,roulette,ring,uniform,0.1,exclusive,2000,3567.2708,10,30,64.9379
.\test_images\emoji.png,roulette,ring,uniform,0.5,exclusive,2000,5665.5410,10,30,55.3146
.\test_images\emoji.png,roulette,uniform,single,0.1,additive,2000,1536.6344,10,20,49.1706
.\test_images\emoji.png,roulette,ring,uniform,0.5,exclusive,2000,6502.3350,10,20,59.2472
.\test_images\emoji.png,roulette,uniform,single,0.01,additive,2000,2247.9314,10,30,50.9735
.\test_images\emoji.png,roulette,uniform,single,0.01,exclusive,2000,2544.5046,10,30,51.5860
.\test_images\emoji.png,roulette,uniform,single,0.1,additive,2000,1842.1564,10,10,51.4681
.\test_images\emoji.png,roulette,uniform,single,0.1,exclusive,2000,1653.5176,10,10,22.3781
.\test_images\emoji.png,roulette,uniform,single,0.5,additive,2000,1573.9637,10,10,33.0903
.\test_images\emoji.png,roulette,uniform,single,0.1,additive,2000,1538.8174,10,30,37.5617
.\test_images\emoji.png,roulette,uniform,single,0.1,exclusive,2000,1756.9468,10,20,63.5332
.\test_images\emoji.png,roulette,uniform,single,0.5,exclusive,2000,1750.2539,10,10,61.4972
.\test_images\emoji.png,roulette,uniform,single,0.5,additive,2000,1527.8746,10,20,63.9040
.\test_images\emoji.png,roulette,uniform,single,0.1,exclusive,2000,1796.2657,10,30,66.5690
.\test_images\emoji.png,roulette,uniform,uniform,0.01,additive,2000,1548.1422,10,10,61.7571
.\test_images\emoji.png,roulette,uniform,uniform,0.1,exclusive,2000,3630.2363,10,10,60.8161
.\test_images\emoji.png,roulette,uniform,uniform,0.1,additive,2000,1705.1782,10,10,61.4847
.\test_images\emoji.png,roulette,uniform,single,0.5,additive,2000,1484.4968,10,30,66.9848
.\test_images\emoji.png,roulette,uniform,uniform,0.01,exclusive,2000,1577.8088,10,10,62.2058
.\test_images\emoji.png,roulette,uniform,single,0.5,exclusive,2000,1509.0590,10,20,64.2717
.\test_images\emoji.png,roulette,uniform,uniform,0.01,additive,2000,1412.3977,10,20,62.7635
.\test_images\emoji.png,roulette,uniform,uniform,0.01,exclusive,2000,1962.4166,10,20,62.5658
.\test_images\emoji.png,roulette,uniform,uniform,0.01,exclusive,2000,1879.1676,10,30,62.7034
.\test_images\emoji.png,roulette,uniform,uniform,0.1,additive,2000,1717.0162,10,20,62.8126
.\test_images\emoji.png,roulette,uniform,uniform,0.01,additive,2000,1456.8462,10,30,63.5171
.\test_images\emoji.png,roulette,uniform,uniform,0.1,exclusive,2000,3784.8350,10,20,62.1935
.\test_images\emoji.png,roulette,uniform,single,0.5,exclusive,2000,1796.7031,10,30,65.0552
.\test_images\emoji.png,roulette,uniform,uniform,0.5,additive,2000,2167.7119,10,10,52.4363
.\test_images\emoji.png,roulette,uniform,uniform,0.1,exclusive,2000,3539.6177,10,30,67.6428
.\test_images\emoji.png,roulette,uniform,uniform,0.1,additive,2000,1504.8584,10,30,69.1430
.\test_images\emoji.png,roulette,uniform,uniform,0.5,additive,2000,2331.3508,10,30,47.3546
.\test_images\emoji.png,roulette,uniform,uniform,0.5,additive,2000,2234.2339,10,20,48.2509
.\test_images\emoji.png,universal,one-point,single,0.01,additive,2000,2842.8472,10,10,30.2379
.\test_images\emoji.png,roulette,uniform,uniform,0.5,exclusive,2000,5784.4404,10,10,34.8661
.\test_images\emoji.png,universal,one-point,single,0.01,exclusive,2000,3322.9336,10,10,67.3547
.\test_images\emoji.png,universal,one-point,single,0.1,exclusive,2000,1893.1545,10,10,68.4164
.\test_images\emoji.png,universal,one-point,single,0.01,additive,2000,2258.2742,10,20,70.9730
.\test_images\emoji.png,universal,one-point,single,0.1,additive,2000,1742.7056,10,10,69.6536
.\test_images\emoji.png,universal,one-point,single,0.5,additive,2000,1475.4915,10,10,68.5473
.\test_images\emoji.png,universal,one-point,single,0.01,exclusive,2000,2406.2178,10,20,70.6653
.\test_images\emoji.png,universal,one-point,single,0.1,additive,2000,1745.9325,10,20,70.7269
.\test_images\emoji.png,universal,one-point,single,0.1,exclusive,2000,1753.2217,10,20,70.4986
.\test_images\emoji.png,universal,one-point,single,0.01,additive,2000,2046.8074,10,30,73.2592
.\test_images\emoji.png,universal,one-point,single,0.1,additive,2000,1544.7356,10,30,72.0954
.\test_images\emoji.png,universal,one-point,single,0.01,exclusive,2000,1819.0146,10,30,72.9163
.\test_images\emoji.png,universal,one-point,single,0.5,additive,2000,1191.1093,10,20,71.3878
.\test_images\emoji.png,universal,one-point,single,0.5,exclusive,2000,1486.9301,10,10,66.2362
.\test_images\emoji.png,universal,one-point,single,0.1,exclusive,2000,1684.4180,10,30,71.9043
.\test_images\emoji.png,roulette,uniform,uniform,0.5,exclusive,2000,6245.9678,10,30,78.5870
.\test_images\emoji.png,roulette,uniform,uniform,0.5,exclusive,2000,5979.4224,10,20,78.6981
.\test_images\emoji.png,universal,one-point,uniform,0.01,additive,2000,1557.6580,10,10,62.5952
.\test_images\emoji.png,universal,one-point,single,0.5,exclusive,2000,1632.7634,10,20,66.8891
.\test_images\emoji.png,universal,one-point,single,0.5,additive,2000,1023.7633,10,30,71.8136
.\test_images\emoji.png,universal,one-point,single,0.5,exclusive,2000,1754.7452,10,30,67.6615
.\test_images\emoji.png,universal,one-point,uniform,0.01,additive,2000,1316.7468,10,20,60.7325
.\test_images\emoji.png,universal,one-point,uniform,0.01,additive,2000,1204.8842,10,30,59.3979
.\test_images\emoji.png,universal,one-point,uniform,0.01,exclusive,2000,1869.4685,10,10,26.1103
.\test_images\emoji.png,universal,one-point,uniform,0.1,additive,2000,1493.4668,10,10,27.7660
.\test_images\emoji.png,universal,ring,single,0.01,additive,2000,4145.4268,10,10,25.5678
.\test_images\emoji.png,universal,one-point,uniform,0.1,exclusive,2000,3266.4097,10,10,28.2795
.\test_images\emoji.png,universal,ring,single,0.01,exclusive,2000,3746.6946,10,10,24.9558
.\test_images\emoji.png,universal,one-point,uniform,0.01,exclusive,2000,1858.4723,10,20,31.6821
.\test_images\emoji.png,universal,one-point,uniform,0.5,additive,2000,2254.3306,10,10,29.1681
.\test_images\emoji.png,universal,one-point,uniform,0.5,exclusive,2000,6811.8252,10,10,28.6357
.\test_images\emoji.png,universal,ring,single,0.01,additive,2000,2566.6682,10,20,27.5312
.\test_images\emoji.png,universal,one-point,uniform,0.1,additive,2000,1461.8960,10,20,41.3982
.\test_images\emoji.png,universal,ring,single,0.01,additive,2000,2131.5342,10,30,38.6017
.\test_images\emoji.png,universal,one-point,uniform,0.01,exclusive,2000,1940.5487,10,30,43.7941
.\test_images\emoji.png,universal,ring,single,0.01,exclusive,2000,2531.1289,10,20,34.5021
.\test_images\emoji.png,universal,one-point,uniform,0.1,exclusive,2000,3983.5764,10,20,42.0512
.\test_images\emoji.png,universal,ring,single,0.1,additive,2000,2146.9917,10,10,26.8064
.\test_images\emoji.png,universal,one-point,uniform,0.1,additive,2000,1507.3542,10,30,45.1781
.\test_images\emoji.png,universal,one-point,uniform,0.5,additive,2000,2223.1755,10,20,42.8075
.\test_images\emoji.png,universal,one-point,uniform,0.5,exclusive,2000,5924.7886,10,20,50.2281
.\test_images\emoji.png,universal,one-point,uniform,0.1,exclusive,2000,3351.0234,10,30,53.3068
.\test_images\emoji.png,universal,ring,single,0.01,exclusive,2000,2270.4097,10,30,45.1081
.\test_images\emoji.png,universal,one-point,uniform,0.5,exclusive,2000,5669.5615,10,30,59.4587
.\test_images\emoji.png,universal,ring,single,0.1,additive,2000,1590.9507,10,20,39.0171
.\test_images\emoji.png,universal,one-point,uniform,0.5,additive,2000,2123.6284,10,30,60.6285
.\test_images\emoji.png,universal,ring,single,0.1,exclusive,2000,1714.5447,10,30,33.8649
.\test_images\emoji.png,universal,ring,single,0.1,additive,2000,1293.9088,10,30,36.2878
.\test_images\emoji.png,universal,ring,single,0.5,exclusive,2000,1549.1700,10,10,32.0745
.\test_images\emoji.png,universal,ring,single,0.1,exclusive,2000,1817.1619,10,10,35.1780
.\test_images\emoji.png,universal,ring,single,0.1,exclusive,2000,1282.7504,10,20,43.7981
.\test_images\emoji.png,universal,ring,single,0.5,additive,2000,1070.5216,10,10,45.8886
.\test_images\emoji.png,universal,ring,single,0.5,additive,2000,1193.6898,10,20,45.3931
.\test_images\emoji.png,universal,ring,single,0.5,additive,2000,1445.5966,10,30,48.2474
.\test_images\emoji.png,universal,ring,uniform,0.01,exclusive,2000,1710.8827,10,10,37.1739
.\test_images\emoji.png,universal,ring,uniform,0.01,additive,2000,976.4444,10,20,37.9912
.\test_images\emoji.png,universal,ring,uniform,0.01,additive,2000,1539.0206,10,10,38.9795
.\test_images\emoji.png,universal,ring,single,0.5,exclusive,2000,1777.7701,10,20,41.4131
.\test_images\emoji.png,universal,ring,uniform,0.01,exclusive,2000,1973.3870,10,20,38.6957
.\test_images\emoji.png,universal,ring,single,0.5,exclusive,2000,1594.2864,10,30,41.1552
.\test_images\emoji.png,universal,ring,uniform,0.01,additive,2000,1477.5533,10,30,42.9808
.\test_images\emoji.png,universal,ring,uniform,0.01,exclusive,2000,1513.9960,10,30,41.0385
.\test_images\emoji.png,universal,ring,uniform,0.1,additive,2000,1676.9760,10,10,33.9116
.\test_images\emoji.png,universal,ring,uniform,0.1,additive,2000,1302.1429,10,20,36.9944
.\test_images\emoji.png,universal,ring,uniform,0.1,exclusive,2000,3686.7844,10,10,32.6967
.\test_images\emoji.png,universal,ring,uniform,0.5,additive,2000,2297.2224,10,10,33.9614
.\test_images\emoji.png,universal,ring,uniform,0.1,exclusive,2000,3220.4766,10,20,35.5196
.\test_images\emoji.png,universal,ring,uniform,0.5,exclusive,2000,5681.2778,10,10,34.6681
.\test_images\emoji.png,universal,ring,uniform,0.5,additive,2000,2154.5835,10,20,36.5811
.\test_images\emoji.png,universal,ring,uniform,0.1,additive,2000,1463.7856,10,30,38.9629
.\test_images\emoji.png,universal,uniform,single,0.01,additive,2000,2947.0864,10,10,28.4373
.\test_images\emoji.png,universal,ring,uniform,0.1,exclusive,2000,3359.8230,10,30,42.3970
.\test_images\emoji.png,universal,ring,uniform,0.5,exclusive,2000,6787.4790,10,20,40.0067
.\test_images\emoji.png,universal,ring,uniform,0.5,additive,2000,2146.5557,10,30,49.3929
.\test_images\emoji.png,universal,uniform,single,0.01,exclusive,2000,2947.8123,10,10,31.9948
.\test_images\emoji.png,universal,uniform,single,0.01,additive,2000,2768.3894,10,20,34.3184
.\test_images\emoji.png,universal,uniform,single,0.1,additive,2000,1874.6439,10,10,31.2305
.\test_images\emoji.png,universal,uniform,single,0.01,exclusive,2000,2418.3574,10,20,34.8147
.\test_images\emoji.png,universal,uniform,single,0.1,exclusive,2000,1719.7755,10,10,30.6527
.\test_images\emoji.png,universal,uniform,single,0.01,additive,2000,2329.5596,10,30,45.8210
.\test_images\emoji.png,universal,uniform,single,0.1,additive,2000,1400.7687,10,20,42.9145
.\test_images\emoji.png,universal,uniform,single,0.1,exclusive,2000,1597.3086,10,20,39.7909
.\test_images\emoji.png,universal,uniform,single,0.1,additive,2000,1436.4349,10,30,40.9181
.\test_images\emoji.png,universal,ring,uniform,0.5,exclusive,2000,5981.8218,10,30,51.3282
.\test_images\emoji.png,universal,uniform,single,0.01,exclusive,2000,2210.7908,10,30,45.5564
.\test_images\emoji.png,universal,uniform,single,0.1,exclusive,2000,1743.0361,10,30,40.0651
.\test_images\emoji.png,universal,uniform,single,0.5,additive,2000,1132.3748,10,10,37.2169
.\test_images\emoji.png,universal,uniform,single,0.5,exclusive,2000,1648.7957,10,10,34.6077
.\test_images\emoji.png,universal,uniform,single,0.5,additive,2000,1208.6274,10,20,42.3818
.\test_images\emoji.png,universal,uniform,single,0.5,exclusive,2000,1741.8566,10,20,42.0902
.\test_images\emoji.png,universal,uniform,uniform,0.01,additive,2000,1449.8590,10,10,37.7823
.\test_images\emoji.png,universal,uniform,single,0.5,exclusive,2000,1672.7036,10,30,42.4604
.\test_images\emoji.png,universal,uniform,single,0.5,additive,2000,1516.0487,10,30,44.9136
.\test_images\emoji.png,universal,uniform,uniform,0.01,additive,2000,1552.9884,10,20,47.4641
.\test_images\emoji.png,universal,uniform,uniform,0.1,additive,2000,1397.7214,10,10,38.1739
.\test_images\emoji.png,universal,uniform,uniform,0.01,exclusive,2000,1769.9982,10,20,41.6977
.\test_images\emoji.png,universal,uniform,uniform,0.01,additive,2000,1260.0713,10,30,43.1033
.\test_images\emoji.png,universal,uniform,uniform,0.01,exclusive,2000,1853.8759,10,10,43.0417
.\test_images\emoji.png,universal,uniform,uniform,0.1,additive,2000,1397.0150,10,20,45.3021
.\test_images\emoji.png,universal,uniform,uniform,0.01,exclusive,2000,1792.2142,10,30,48.8239
.\test_images\emoji.png,universal,uniform,uniform,0.5,additive,2000,2278.5183,10,10,37.9887
.\test_images\emoji.png,universal,uniform,uniform,0.1,exclusive,2000,3238.0215,10,10,38.7196
.\test_images\emoji.png,universal,uniform,uniform,0.1,additive,2000,1636.0111,10,30,48.7458
.\test_images\emoji.png,universal,uniform,uniform,0.1,exclusive,2000,3366.8726,10,20,40.2226
.\test_images\emoji.png,universal,uniform,uniform,0.5,exclusive,2000,6800.0698,10,10,35.4824
.\test_images\emoji.png,universal,uniform,uniform,0.1,exclusive,2000,3363.7573,10,30,42.3852
.\test_images\emoji.png,universal,uniform,uniform,0.5,additive,2000,2235.9521,10,20,41.8424
.\test_images\emoji.png,boltzmann,one-point,single,0.01,exclusive,2000,3321.0278,10,10,27.1343
.\test_images\emoji.png,universal,uniform,uniform,0.5,exclusive,2000,5253.5435,10,20,37.9716
.\test_images\emoji.png,boltzmann,one-point,single,0.01,additive,2000,3039.7290,10,10,29.8841
.\test_images\emoji.png,boltzmann,one-point,single,0.01,additive,2000,2847.0830,10,20,27.8538
.\test_images\emoji.png,boltzmann,one-point,single,0.01,exclusive,2000,2643.6001,10,20,27.7940
.\test_images\emoji.png,universal,uniform,uniform,0.5,additive,2000,2176.0889,10,30,46.1624
.\test_images\emoji.png,boltzmann,one-point,single,0.01,additive,2000,2415.2395,10,30,33.1918
.\test_images\emoji.png,universal,uniform,uniform,0.5,exclusive,2000,5213.6138,10,30,43.8578
.\test_images\emoji.png,boltzmann,one-point,single,0.1,additive,2000,1685.5720,10,10,24.5987
.\test_images\emoji.png,boltzmann,one-point,single,0.1,exclusive,2000,1993.8917,10,10,27.7526
.\test_images\emoji.png,boltzmann,one-point,single,0.1,additive,2000,1730.9269,10,20,31.0500
.\test_images\emoji.png,boltzmann,one-point,single,0.01,exclusive,2000,2466.0037,10,30,34.0878
.\test_images\emoji.png,boltzmann,one-point,single,0.1,additive,2000,1281.2299,10,30,37.6399
.\test_images\emoji.png,boltzmann,one-point,single,0.1,exclusive,2000,1784.7622,10,20,33.2483
.\test_images\emoji.png,boltzmann,one-point,single,0.5,additive,2000,1551.0692,10,10,30.5415
.\test_images\emoji.png,boltzmann,one-point,single,0.1,exclusive,2000,1660.5851,10,30,35.0278
.\test_images\emoji.png,boltzmann,one-point,single,0.5,exclusive,2000,1359.1846,10,10,31.3415
.\test_images\emoji.png,boltzmann,one-point,single,0.5,additive,2000,1348.1732,10,30,36.9642
.\test_images\emoji.png,boltzmann,one-point,single,0.5,additive,2000,1517.8105,10,20,37.9517
.\test_images\emoji.png,boltzmann,one-point,uniform,0.01,additive,2000,1491.8997,10,20,34.0216
.\test_images\emoji.png,boltzmann,one-point,uniform,0.01,exclusive,2000,1646.3551,10,10,33.7514
.\test_images\emoji.png,boltzmann,one-point,uniform,0.01,exclusive,2000,1468.9973,10,20,33.8269
.\test_images\emoji.png,boltzmann,one-point,uniform,0.01,additive,2000,1361.1693,10,10,34.4745
.\test_images\emoji.png,boltzmann,one-point,uniform,0.1,additive,2000,1523.0721,10,10,30.1588
.\test_images\emoji.png,boltzmann,one-point,single,0.5,exclusive,2000,1546.2715,10,20,36.7967
.\test_images\emoji.png,boltzmann,one-point,uniform,0.1,exclusive,2000,2134.0637,10,10,30.5041
.\test_images\emoji.png,boltzmann,one-point,single,0.5,exclusive,2000,1343.3818,10,30,39.2473
.\test_images\emoji.png,boltzmann,one-point,uniform,0.01,exclusive,2000,1327.7798,10,30,48.1627
.\test_images\emoji.png,boltzmann,one-point,uniform,0.01,additive,2000,1252.3347,10,30,49.0325
.\test_images\emoji.png,boltzmann,one-point,uniform,0.1,additive,2000,1601.2871,10,20,43.6823
.\test_images\emoji.png,boltzmann,one-point,uniform,0.5,additive,2000,2344.1855,10,10,33.8973
.\test_images\emoji.png,boltzmann,one-point,uniform,0.1,additive,2000,1611.4806,10,30,46.6111
.\test_images\emoji.png,boltzmann,one-point,uniform,0.1,exclusive,2000,1515.4377,10,20,39.8682
.\test_images\emoji.png,boltzmann,one-point,uniform,0.1,exclusive,2000,1303.7385,10,30,43.5831
.\test_images\emoji.png,boltzmann,one-point,uniform,0.5,exclusive,2000,3699.6223,10,10,59.6490
.\test_images\emoji.png,boltzmann,ring,single,0.1,exclusive,2000,2157.7354,10,10,48.9460
.\test_images\emoji.png,boltzmann,ring,single,0.01,exclusive,2000,3158.0684,10,20,54.2579
.\test_images\emoji.png,boltzmann,ring,single,0.01,additive,2000,3460.3179,10,10,55.8510
.\test_images\emoji.png,boltzmann,ring,single,0.01,exclusive,2000,3610.2756,10,10,55.4796
.\test_images\emoji.png,boltzmann,ring,single,0.01,additive,2000,2916.5146,10,20,56.5459
.\test_images\emoji.png,boltzmann,ring,single,0.1,additive,2000,1609.8685,10,20,55.3496
.\test_images\emoji.png,boltzmann,ring,single,0.01,additive,2000,2208.7263,10,30,56.0044
.\test_images\emoji.png,boltzmann,ring,single,0.01,exclusive,2000,2130.6221,10,30,56.8911
.\test_images\emoji.png,boltzmann,ring,single,0.1,additive,2000,2023.4424,10,10,56.6682
.\test_images\emoji.png,boltzmann,one-point,uniform,0.5,additive,2000,2135.5063,10,20,67.7815
.\test_images\emoji.png,boltzmann,one-point,uniform,0.5,exclusive,2000,3205.3418,10,20,63.2806
.\test_images\emoji.png,boltzmann,ring,single,0.1,additive,2000,1599.7539,10,30,52.6481
.\test_images\emoji.png,boltzmann,one-point,uniform,0.5,additive,2000,2152.8232,10,30,71.5405
.\test_images\emoji.png,boltzmann,one-point,uniform,0.5,exclusive,2000,2952.9460,10,30,69.2055
.\test_images\emoji.png,boltzmann,ring,single,0.5,additive,2000,1178.1056,10,10,49.2036
.\test_images\emoji.png,boltzmann,ring,single,0.1,exclusive,2000,1920.4749,10,20,50.4328
.\test_images\emoji.png,boltzmann,ring,single,0.1,exclusive,2000,1782.7775,10,30,51.6360
.\test_images\emoji.png,boltzmann,ring,single,0.5,additive,2000,1583.8674,10,30,48.1001
.\test_images\emoji.png,boltzmann,ring,single,0.5,additive,2000,1308.6169,10,20,51.0278
.\test_images\emoji.png,boltzmann,ring,single,0.5,exclusive,2000,1701.4193,10,10,48.7114
.\test_images\emoji.png,boltzmann,ring,single,0.5,exclusive,2000,1494.4014,10,20,43.0563
.\test_images\emoji.png,boltzmann,ring,uniform,0.01,additive,2000,1593.6854,10,10,25.7514
.\test_images\emoji.png,boltzmann,ring,uniform,0.01,exclusive,2000,1417.4238,10,10,25.6387
.\test_images\emoji.png,boltzmann,ring,single,0.5,exclusive,2000,1528.2604,10,30,30.5549
.\test_images\emoji.png,boltzmann,ring,uniform,0.01,additive,2000,1278.3466,10,20,28.5154
.\test_images\emoji.png,boltzmann,ring,uniform,0.1,exclusive,2000,1877.6254,10,10,25.5585
.\test_images\emoji.png,boltzmann,ring,uniform,0.1,additive,2000,1697.6173,10,10,26.6743
.\test_images\emoji.png,boltzmann,ring,uniform,0.01,exclusive,2000,1438.0876,10,20,29.7630
.\test_images\emoji.png,boltzmann,ring,uniform,0.01,exclusive,2000,1483.6228,10,30,39.7782
.\test_images\emoji.png,boltzmann,ring,uniform,0.01,additive,2000,1029.3434,10,30,40.7787
.\test_images\emoji.png,boltzmann,ring,uniform,0.1,additive,2000,1581.0251,10,20,38.8691
.\test_images\emoji.png,boltzmann,ring,uniform,0.1,exclusive,2000,1542.8771,10,20,39.2788
.\test_images\emoji.png,boltzmann,uniform,single,0.01,additive,2000,4061.9839,10,10,28.2264
.\test_images\emoji.png,boltzmann,ring,uniform,0.5,exclusive,2000,4042.5198,10,10,31.6410
.\test_images\emoji.png,boltzmann,ring,uniform,0.5,additive,2000,2232.7068,10,10,34.7426
.\test_images\emoji.png,boltzmann,uniform,single,0.01,additive,2000,2642.1375,10,20,31.4601
.\test_images\emoji.png,boltzmann,ring,uniform,0.1,additive,2000,1502.8563,10,30,43.3615
.\test_images\emoji.png,boltzmann,ring,uniform,0.1,exclusive,2000,1406.9966,10,30,44.0648
.\test_images\emoji.png,boltzmann,uniform,single,0.01,additive,2000,2276.5061,10,30,34.1750
.\test_images\emoji.png,boltzmann,ring,uniform,0.5,additive,2000,2036.2125,10,20,39.6406
.\test_images\emoji.png,boltzmann,uniform,single,0.01,exclusive,2000,4035.7742,10,10,25.9677
.\test_images\emoji.png,boltzmann,ring,uniform,0.5,exclusive,2000,3050.2512,10,20,39.1087
.\test_images\emoji.png,boltzmann,uniform,single,0.01,exclusive,2000,2320.9207,10,30,26.5363
.\test_images\emoji.png,boltzmann,uniform,single,0.1,additive,2000,1254.7239,10,30,26.5760
.\test_images\emoji.png,boltzmann,uniform,single,0.1,additive,2000,1532.3064,10,20,26.7562
.\test_images\emoji.png,boltzmann,uniform,single,0.01,exclusive,2000,3183.2803,10,20,28.5044
.\test_images\emoji.png,boltzmann,uniform,single,0.1,exclusive,2000,2073.1516,10,10,24.4788
.\test_images\emoji.png,boltzmann,ring,uniform,0.5,additive,2000,2138.1938,10,30,45.9889
.\test_images\emoji.png,boltzmann,ring,uniform,0.5,exclusive,2000,3120.5632,10,30,42.9549
.\test_images\emoji.png,boltzmann,uniform,single,0.1,additive,2000,1728.4016,10,10,28.8781
.\test_images\emoji.png,boltzmann,uniform,single,0.5,additive,2000,1637.4430,10,10,33.2805
.\test_images\emoji.png,boltzmann,uniform,single,0.5,exclusive,2000,1679.1628,10,10,33.5770
.\test_images\emoji.png,boltzmann,uniform,single,0.1,exclusive,2000,1639.4062,10,20,36.7074
.\test_images\emoji.png,boltzmann,uniform,single,0.5,additive,2000,1517.7477,10,20,37.2694
.\test_images\emoji.png,boltzmann,uniform,uniform,0.01,additive,2000,1268.9813,10,10,34.4634
.\test_images\emoji.png,boltzmann,uniform,single,0.1,exclusive,2000,1510.4933,10,30,40.1507
.\test_images\emoji.png,boltzmann,uniform,single,0.5,exclusive,2000,1262.4409,10,20,38.5157
.\test_images\emoji.png,boltzmann,uniform,uniform,0.01,exclusive,2000,1594.2523,10,10,34.3485
.\test_images\emoji.png,boltzmann,uniform,single,0.5,additive,2000,1400.8907,10,30,41.6322
.\test_images\emoji.png,boltzmann,uniform,uniform,0.01,additive,2000,1534.3682,10,20,37.0818
.\test_images\emoji.png,boltzmann,uniform,uniform,0.01,additive,2000,1491.2358,10,30,49.2926
.\test_images\emoji.png,boltzmann,uniform,uniform,0.5,additive,2000,2385.0117,10,10,41.4530
.\test_images\emoji.png,boltzmann,uniform,uniform,0.1,additive,2000,1474.1498,10,20,42.8518
.\test_images\emoji.png,boltzmann,uniform,uniform,0.01,exclusive,2000,1514.9114,10,20,47.1632
.\test_images\emoji.png,boltzmann,uniform,uniform,0.1,additive,2000,1709.1108,10,10,44.4210
.\test_images\emoji.png,boltzmann,uniform,uniform,0.1,exclusive,2000,1759.9497,10,10,43.3066
.\test_images\emoji.png,boltzmann,uniform,single,0.5,exclusive,2000,1689.6104,10,30,52.8026
.\test_images\emoji.png,boltzmann,uniform,uniform,0.1,exclusive,2000,1511.0553,10,20,43.0494
.\test_images\emoji.png,boltzmann,uniform,uniform,0.01,exclusive,2000,1399.4727,10,30,48.0055
.\test_images\emoji.png,boltzmann,uniform,uniform,0.5,additive,2000,2163.9419,10,20,42.3833
.\test_images\emoji.png,boltzmann,uniform,uniform,0.1,additive,2000,1237.5647,10,30,48.2971
.\test_images\emoji.png,boltzmann,uniform,uniform,0.1,exclusive,2000,1462.9454,10,30,47.7442
.\test_images\emoji.png,ranking,one-point,single,0.01,exclusive,2000,2223.8445,10,20,26.5711
.\test_images\emoji.png,ranking,one-point,single,0.01,exclusive,2000,3518.8203,10,10,28.1126
.\test_images\emoji.png,boltzmann,uniform,uniform,0.5,exclusive,2000,3253.7275,10,20,33.2599
.\test_images\emoji.png,ranking,one-point,single,0.01,additive,2000,3532.4058,10,10,31.9610
.\test_images\emoji.png,ranking,one-point,single,0.01,additive,2000,2210.6465,10,20,31.2176
.\test_images\emoji.png,boltzmann,uniform,uniform,0.5,exclusive,2000,3521.5642,10,10,36.6504
.\test_images\emoji.png,ranking,one-point,single,0.01,additive,2000,2184.1667,10,30,31.2492
.\test_images\emoji.png,boltzmann,uniform,uniform,0.5,additive,2000,2176.2852,10,30,39.6487
.\test_images\emoji.png,ranking,one-point,single,0.01,exclusive,2000,2648.8438,10,30,30.4470
.\test_images\emoji.png,ranking,one-point,single,0.1,additive,2000,1750.3440,10,10,27.5949
.\test_images\emoji.png,boltzmann,uniform,uniform,0.5,exclusive,2000,2941.9878,10,30,46.1036
.\test_images\emoji.png,ranking,one-point,single,0.1,exclusive,2000,1932.6920,10,10,27.1277
.\test_images\emoji.png,ranking,one-point,single,0.5,additive,2000,1328.2263,10,10,28.4294
.\test_images\emoji.png,ranking,one-point,single,0.5,exclusive,2000,1367.7655,10,10,27.9277
.\test_images\emoji.png,ranking,one-point,single,0.1,additive,2000,1642.7566,10,20,30.8798
.\test_images\emoji.png,ranking,one-point,single,0.1,exclusive,2000,1559.9507,10,20,31.3646
.\test_images\emoji.png,ranking,one-point,single,0.5,additive,2000,1434.4301,10,20,31.4411
.\test_images\emoji.png,ranking,one-point,single,0.1,additive,2000,1569.5493,10,30,33.2546
.\test_images\emoji.png,ranking,one-point,single,0.1,exclusive,2000,1577.0673,10,30,39.7994
.\test_images\emoji.png,ranking,one-point,single,0.5,exclusive,2000,1544.8459,10,20,35.2657
.\test_images\emoji.png,ranking,one-point,single,0.5,additive,2000,1490.9510,10,30,40.1347
.\test_images\emoji.png,ranking,one-point,single,0.5,exclusive,2000,1584.2889,10,30,35.4987
.\test_images\emoji.png,ranking,one-point,uniform,0.1,additive,2000,1542.3820,10,10,28.0173
.\test_images\emoji.png,ranking,one-point,uniform,0.01,additive,2000,1487.1393,10,10,30.8490
.\test_images\emoji.png,ranking,one-point,uniform,0.01,exclusive,2000,1707.1155,10,10,29.4017
.\test_images\emoji.png,ranking,one-point,uniform,0.01,additive,2000,1580.5084,10,20,32.9564
.\test_images\emoji.png,ranking,one-point,uniform,0.01,exclusive,2000,1523.7827,10,20,32.9479
.\test_images\emoji.png,ranking,one-point,uniform,0.01,additive,2000,1154.5496,10,30,38.8086
.\test_images\emoji.png,ranking,one-point,uniform,0.1,additive,2000,1577.5408,10,20,36.0060
.\test_images\emoji.png,ranking,one-point,uniform,0.01,exclusive,2000,1484.2236,10,30,39.9970
.\test_images\emoji.png,ranking,one-point,uniform,0.1,exclusive,2000,3461.0461,10,10,29.6613
.\test_images\emoji.png,ranking,one-point,uniform,0.5,additive,2000,2303.6135,10,10,27.8821
.\test_images\emoji.png,ranking,one-point,uniform,0.1,additive,2000,1661.1538,10,30,40.9853
.\test_images\emoji.png,ranking,one-point,uniform,0.1,exclusive,2000,3078.3406,10,20,39.1601
.\test_images\emoji.png,ranking,one-point,uniform,0.5,exclusive,2000,7327.9653,10,10,35.1276
.\test_images\emoji.png,ranking,ring,single,0.01,additive,2000,3849.7534,10,10,28.6005
.\test_images\emoji.png,ranking,ring,single,0.01,exclusive,2000,3608.3542,10,10,28.3377
.\test_images\emoji.png,ranking,ring,single,0.01,additive,2000,2470.7078,10,20,29.6952
.\test_images\emoji.png,ranking,ring,single,0.1,additive,2000,1940.7620,10,10,26.7952
.\test_images\emoji.png,ranking,one-point,uniform,0.5,additive,2000,2156.0913,10,20,40.8860
.\test_images\emoji.png,ranking,one-point,uniform,0.5,exclusive,2000,5124.1323,10,20,39.9947
.\test_images\emoji.png,ranking,one-point,uniform,0.1,exclusive,2000,2844.0945,10,30,44.6280
.\test_images\emoji.png,ranking,ring,single,0.01,exclusive,2000,3544.5386,10,20,29.9598
.\test_images\emoji.png,ranking,ring,single,0.01,additive,2000,2230.6189,10,30,31.5690
.\test_images\emoji.png,ranking,ring,single,0.01,exclusive,2000,2345.4919,10,30,39.8804
.\test_images\emoji.png,ranking,ring,single,0.1,additive,2000,1655.1475,10,20,37.8092
.\test_images\emoji.png,ranking,ring,single,0.1,additive,2000,1592.1781,10,30,37.7340
.\test_images\emoji.png,ranking,one-point,uniform,0.5,exclusive,2000,4667.6904,10,30,52.5599
.\test_images\emoji.png,ranking,ring,single,0.1,exclusive,2000,2109.6240,10,10,34.0916
.\test_images\emoji.png,ranking,ring,single,0.1,exclusive,2000,1667.3984,10,20,34.2451
.\test_images\emoji.png,ranking,ring,single,0.5,additive,2000,1372.3365,10,10,29.6835
.\test_images\emoji.png,ranking,ring,single,0.5,additive,2000,1318.5270,10,20,29.4871
.\test_images\emoji.png,ranking,ring,single,0.1,exclusive,2000,1559.3762,10,30,32.0393
.\test_images\emoji.png,ranking,one-point,uniform,0.5,additive,2000,2029.6224,10,30,63.1445
.\test_images\emoji.png,ranking,ring,single,0.5,additive,2000,1128.6902,10,30,45.8838
.\test_images\emoji.png,ranking,ring,single,0.5,exclusive,2000,1506.7109,10,10,39.3896
.\test_images\emoji.png,ranking,ring,uniform,0.01,additive,2000,1218.9098,10,20,38.3778
.\test_images\emoji.png,ranking,ring,single,0.5,exclusive,2000,1478.7919,10,20,42.9917
.\test_images\emoji.png,ranking,ring,uniform,0.01,additive,2000,1224.1456,10,10,40.4521
.\test_images\emoji.png,ranking,ring,uniform,0.01,exclusive,2000,1636.3783,10,20,38.3150
.\test_images\emoji.png,ranking,ring,uniform,0.01,exclusive,2000,1650.4990,10,10,39.4916
.\test_images\emoji.png,ranking,ring,uniform,0.1,additive,2000,1231.4812,10,10,37.6967
.\test_images\emoji.png,ranking,ring,single,0.5,exclusive,2000,1353.6387,10,30,41.9081
.\test_images\emoji.png,ranking,ring,uniform,0.1,additive,2000,1598.7416,10,20,58.3830
.\test_images\emoji.png,ranking,ring,uniform,0.01,additive,2000,1593.0695,10,30,61.5056
.\test_images\emoji.png,ranking,ring,uniform,0.5,additive,2000,2251.9500,10,10,45.7281
.\test_images\emoji.png,ranking,ring,uniform,0.01,exclusive,2000,1593.0662,10,30,65.4508
.\test_images\emoji.png,ranking,ring,uniform,0.5,exclusive,2000,7279.0767,10,10,51.7445
.\test_images\emoji.png,ranking,ring,uniform,0.1,exclusive,2000,3400.0149,10,10,54.2075
.\test_images\emoji.png,ranking,ring,uniform,0.1,exclusive,2000,2990.2922,10,20,53.3434
.\test_images\emoji.png,ranking,ring,uniform,0.1,additive,2000,1386.5490,10,30,55.7294
.\test_images\emoji.png,ranking,ring,uniform,0.5,additive,2000,2209.5684,10,20,53.4673
.\test_images\emoji.png,ranking,ring,uniform,0.5,exclusive,2000,4683.3623,10,20,53.0703
.\test_images\emoji.png,ranking,ring,uniform,0.1,exclusive,2000,2792.5183,10,30,55.1407
.\test_images\emoji.png,ranking,ring,uniform,0.5,additive,2000,2143.0205,10,30,58.9319
.\test_images\emoji.png,ranking,uniform,single,0.01,additive,2000,4051.6619,10,10,42.1267
.\test_images\emoji.png,ranking,uniform,single,0.01,additive,2000,2571.5745,10,20,43.8088
.\test_images\emoji.png,ranking,uniform,single,0.01,exclusive,2000,3559.4480,10,20,39.2902
.\test_images\emoji.png,ranking,uniform,single,0.01,exclusive,2000,2898.0977,10,30,39.3192
.\test_images\emoji.png,ranking,uniform,single,0.1,additive,2000,1737.8444,10,10,39.2201
.\test_images\emoji.png,ranking,ring,uniform,0.5,exclusive,2000,5498.2104,10,30,56.0383
.\test_images\emoji.png,ranking,uniform,single,0.1,additive,2000,1219.3932,10,20,39.3185
.\test_images\emoji.png,ranking,uniform,single,0.01,additive,2000,2333.9670,10,30,41.0656
.\test_images\emoji.png,ranking,uniform,single,0.01,exclusive,2000,4595.5654,10,10,40.3247
.\test_images\emoji.png,ranking,uniform,single,0.1,additive,2000,1247.5458,10,30,39.7443
.\test_images\emoji.png,ranking,uniform,single,0.1,exclusive,2000,2013.5981,10,10,24.6878
.\test_images\emoji.png,ranking,uniform,single,0.1,exclusive,2000,1777.7128,10,20,33.4517
.\test_images\emoji.png,ranking,uniform,single,0.5,additive,2000,1540.4275,10,10,31.1187
.\test_images\emoji.png,ranking,uniform,single,0.1,exclusive,2000,1813.3318,10,30,36.5032
.\test_images\emoji.png,ranking,uniform,single,0.5,exclusive,2000,1715.6454,10,10,31.3131
.\test_images\emoji.png,ranking,uniform,uniform,0.01,additive,2000,1559.8020,10,10,30.8660
.\test_images\emoji.png,ranking,uniform,single,0.5,additive,2000,1455.0488,10,20,40.8273
.\test_images\emoji.png,ranking,uniform,single,0.5,exclusive,2000,1254.7540,10,20,40.3610
.\test_images\emoji.png,ranking,uniform,single,0.5,additive,2000,1549.0825,10,30,42.8364
.\test_images\emoji.png,ranking,uniform,uniform,0.01,exclusive,2000,1688.3040,10,10,35.6389
.\test_images\emoji.png,ranking,uniform,uniform,0.01,additive,2000,1458.5245,10,20,40.7863
.\test_images\emoji.png,ranking,uniform,uniform,0.1,exclusive,2000,3626.4229,10,10,32.3620
.\test_images\emoji.png,ranking,uniform,uniform,0.1,additive,2000,1594.8781,10,10,32.6906
.\test_images\emoji.png,ranking,uniform,single,0.5,exclusive,2000,1550.3306,10,30,42.5444
.\test_images\emoji.png,ranking,uniform,uniform,0.1,additive,2000,1191.0012,10,20,33.4207
.\test_images\emoji.png,ranking,uniform,uniform,0.01,additive,2000,1229.6566,10,30,37.7718
.\test_images\emoji.png,ranking,uniform,uniform,0.5,additive,2000,2338.5591,10,10,32.4195
.\test_images\emoji.png,ranking,uniform,uniform,0.01,exclusive,2000,1519.9937,10,20,35.5234
.\test_images\emoji.png,ranking,uniform,uniform,0.1,exclusive,2000,2664.8142,10,20,36.2379
.\test_images\emoji.png,ranking,uniform,uniform,0.01,exclusive,2000,1349.9858,10,30,37.8243
.\test_images\emoji.png,ranking,uniform,uniform,0.1,additive,2000,1429.8010,10,30,48.8473
.\test_images\emoji.png,ranking,uniform,uniform,0.5,exclusive,2000,6137.8716,10,10,31.4110
.\test_images\emoji.png,ranking,uniform,uniform,0.1,exclusive,2000,2734.0513,10,30,50.2603
.\test_images\emoji.png,ranking,uniform,uniform,0.5,additive,2000,2229.2532,10,20,43.8253
.\test_images\emoji.png,tournament-deterministic,one-point,single,0.01,additive,2000,3120.5366,10,10,29.4935
.\test_images\emoji.png,ranking,uniform,uniform,0.5,exclusive,2000,5292.8447,10,20,38.5650
.\test_images\emoji.png,tournament-deterministic,one-point,single,0.01,additive,2000,2236.4702,10,20,44.3961
.\test_images\emoji.png,tournament-deterministic,one-point,single,0.01,exclusive,2000,3557.3052,10,20,42.8159
.\test_images\emoji.png,tournament-deterministic,one-point,single,0.01,exclusive,2000,2615.7771,10,30,42.2753
.\test_images\emoji.png,tournament-deterministic,one-point,single,0.1,exclusive,2000,1687.6007,10,30,40.5941
.\test_images\emoji.png,tournament-deterministic,one-point,single,0.1,additive,2000,1761.8220,10,10,42.2450
.\test_images\emoji.png,tournament-deterministic,one-point,single,0.1,exclusive,2000,1561.4668,10,20,41.4744
.\test_images\emoji.png,tournament-deterministic,one-point,single,0.1,additive,2000,1526.4248,10,30,42.9960
.\test_images\emoji.png,tournament-deterministic,one-point,single,0.01,exclusive,2000,2764.9636,10,10,44.2438
.\test_images\emoji.png,tournament-deterministic,one-point,single,0.01,additive,2000,2268.9236,10,30,46.3173
.\test_images\emoji.png,ranking,uniform,uniform,0.5,exclusive,2000,5222.2559,10,30,55.2069
.\test_images\emoji.png,tournament-deterministic,one-point,single,0.1,additive,2000,1548.7473,10,20,43.5016
.\test_images\emoji.png,tournament-deterministic,one-point,single,0.1,exclusive,2000,1856.3700,10,10,42.8202
.\test_images\emoji.png,ranking,uniform,uniform,0.5,additive,2000,2202.3381,10,30,60.5196
.\test_images\emoji.png,tournament-deterministic,one-point,single,0.5,additive,2000,1632.3594,10,10,40.9442
.\test_images\emoji.png,tournament-deterministic,one-point,single,0.5,additive,2000,1495.2860,10,20,39.7207
.\test_images\emoji.png,tournament-deterministic,one-point,single,0.5,exclusive,2000,1514.2982,10,10,32.1531
.\test_images\emoji.png,tournament-deterministic,one-point,uniform,0.01,additive,2000,1315.2748,10,10,37.0453
.\test_images\emoji.png,tournament-deterministic,one-point,single,0.5,additive,2000,1462.2225,10,30,51.2662
.\test_images\emoji.png,tournament-deterministic,one-point,single,0.5,exclusive,2000,1389.2477,10,30,42.0664
.\test_images\emoji.png,tournament-deterministic,one-point,single,0.5,exclusive,2000,1298.2748,10,20,48.8469
.\test_images\emoji.png,tournament-deterministic,one-point,uniform,0.01,additive,2000,1310.4475,10,20,48.4353
.\test_images\emoji.png,tournament-deterministic,one-point,uniform,0.01,additive,2000,1107.8947,10,30,43.6073
.\test_images\emoji.png,tournament-deterministic,ring,single,0.01,additive,2000,2990.6504,10,10,23.6889
.\test_images\emoji.png,tournament-deterministic,one-point,uniform,0.01,exclusive,2000,1181.3719,10,20,30.5809
.\test_images\emoji.png,tournament-deterministic,one-point,uniform,0.1,additive,2000,1514.0114,10,10,30.5061
.\test_images\emoji.png,tournament-deterministic,one-point,uniform,0.01,exclusive,2000,1698.4331,10,10,31.2956
.\test_images\emoji.png,tournament-deterministic,one-point,uniform,0.1,exclusive,2000,2575.3882,10,10,29.7206
.\test_images\emoji.png,tournament-deterministic,one-point,uniform,0.5,exclusive,2000,6517.0747,10,10,28.9786
.\test_images\emoji.png,tournament-deterministic,one-point,uniform,0.5,additive,2000,2253.2458,10,10,29.3378
.\test_images\emoji.png,tournament-deterministic,one-point,uniform,0.1,additive,2000,1375.3875,10,20,31.7362
.\test_images\emoji.png,tournament-deterministic,one-point,uniform,0.01,exclusive,2000,1214.2672,10,30,34.3221
.\test_images\emoji.png,tournament-deterministic,ring,single,0.01,additive,2000,2222.0291,10,20,21.5379
.\test_images\emoji.png,tournament-deterministic,one-point,uniform,0.1,exclusive,2000,2504.1653,10,20,34.6911
.\test_images\emoji.png,tournament-deterministic,one-point,uniform,0.5,exclusive,2000,4910.2393,10,20,35.7247
.\test_images\emoji.png,tournament-deterministic,one-point,uniform,0.1,additive,2000,1510.8529,10,30,36.8454
.\test_images\emoji.png,tournament-deterministic,one-point,uniform,0.5,additive,2000,2089.5500,10,20,36.1829
.\test_images\emoji.png,tournament-deterministic,ring,single,0.01,exclusive,2000,2903.6648,10,10,19.3804
.\test_images\emoji.png,tournament-deterministic,ring,single,0.01,additive,2000,2357.3391,10,30,23.7305
.\test_images\emoji.png,tournament-deterministic,one-point,uniform,0.1,exclusive,2000,2281.8037,10,30,38.1808
.\test_images\emoji.png,tournament-deterministic,one-point,uniform,0.5,exclusive,2000,3804.3035,10,30,49.2708
.\test_images\emoji.png,tournament-deterministic,one-point,uniform,0.5,additive,2000,2080.2900,10,30,49.6610
.\test_images\emoji.png,tournament-deterministic,ring,single,0.1,additive,2000,1828.8999,10,10,31.8184
.\test_images\emoji.png,tournament-deterministic,ring,single,0.01,exclusive,2000,2158.1711,10,20,77.2669
.\test_images\emoji.png,tournament-deterministic,ring,single,0.01,exclusive,2000,2108.8804,10,30,78.0114
.\test_images\emoji.png,tournament-deterministic,ring,single,0.1,exclusive,2000,1948.6718,10,10,73.1141
.\test_images\emoji.png,tournament-deterministic,ring,single,0.5,additive,2000,1395.7079,10,10,74.0931
.\test_images\emoji.png,tournament-deterministic,ring,single,0.1,additive,2000,1570.3997,10,20,76.5587
.\test_images\emoji.png,tournament-deterministic,ring,single,0.5,exclusive,2000,1463.1742,10,10,73.1696
.\test_images\emoji.png,tournament-deterministic,ring,single,0.1,exclusive,2000,1313.6499,10,30,77.1938
.\test_images\emoji.png,tournament-deterministic,ring,uniform,0.01,exclusive,2000,1551.0336,10,10,70.2065
.\test_images\emoji.png,tournament-deterministic,ring,single,0.1,additive,2000,1528.1990,10,30,77.9601
.\test_images\emoji.png,tournament-deterministic,ring,single,0.1,exclusive,2000,1623.0692,10,20,77.8435
.\test_images\emoji.png,tournament-deterministic,ring,uniform,0.01,additive,2000,1010.9561,10,10,71.0201
.\test_images\emoji.png,tournament-deterministic,ring,single,0.5,exclusive,2000,1473.2256,10,20,73.4751
.\test_images\emoji.png,tournament-deterministic,ring,uniform,0.01,exclusive,2000,1321.8669,10,20,70.8095
.\test_images\emoji.png,tournament-deterministic,ring,single,0.5,additive,2000,1318.3339,10,30,77.7442
.\test_images\emoji.png,tournament-deterministic,ring,single,0.5,additive,2000,1588.4949,10,20,79.0155
.\test_images\emoji.png,tournament-deterministic,ring,uniform,0.01,additive,2000,1614.6470,10,20,72.4437
.\test_images\emoji.png,tournament-deterministic,ring,single,0.5,exclusive,2000,1648.5737,10,30,74.6660
.\test_images\emoji.png,tournament-deterministic,ring,uniform,0.01,exclusive,2000,1464.9080,10,30,76.1789
.\test_images\emoji.png,tournament-deterministic,ring,uniform,0.1,additive,2000,1444.4791,10,10,65.3565
.\test_images\emoji.png,tournament-deterministic,ring,uniform,0.01,additive,2000,1400.4554,10,30,78.8325
.\test_images\emoji.png,tournament-deterministic,ring,uniform,0.1,additive,2000,1617.8983,10,20,67.3226
.\test_images\emoji.png,tournament-deterministic,ring,uniform,0.1,additive,2000,1599.6025,10,30,62.6630
.\test_images\emoji.png,tournament-deterministic,ring,uniform,0.1,exclusive,2000,2576.5798,10,10,24.4239
.\test_images\emoji.png,tournament-deterministic,uniform,single,0.01,additive,2000,4514.9150,10,10,21.4567
.\test_images\emoji.png,tournament-deterministic,uniform,single,0.01,exclusive,2000,3908.3130,10,10,21.4030
.\test_images\emoji.png,tournament-deterministic,ring,uniform,0.5,additive,2000,2192.9968,10,10,25.9431
.\test_images\emoji.png,tournament-deterministic,ring,uniform,0.1,exclusive,2000,2512.0603,10,20,29.3300
.\test_images\emoji.png,tournament-deterministic,uniform,single,0.1,additive,2000,1615.2980,10,10,22.3324
.\test_images\emoji.png,tournament-deterministic,ring,uniform,0.5,exclusive,2000,6362.4409,10,10,25.2629
.\test_images\emoji.png,tournament-deterministic,uniform,single,0.01,additive,2000,2869.5066,10,20,24.6477
.\test_images\emoji.png,tournament-deterministic,uniform,single,0.01,exclusive,2000,3451.4250,10,20,23.9422
.\test_images\emoji.png,tournament-deterministic,uniform,single,0.1,exclusive,2000,1870.7239,10,10,17.8166
.\test_images\emoji.png,tournament-deterministic,uniform,single,0.1,additive,2000,1590.3031,10,20,27.4217
.\test_images\emoji.png,tournament-deterministic,uniform,single,0.01,additive,2000,2438.2075,10,30,29.8813
.\test_images\emoji.png,tournament-deterministic,uniform,single,0.01,exclusive,2000,2360.2026,10,30,30.2121
.\test_images\emoji.png,tournament-deterministic,ring,uniform,0.1,exclusive,2000,2500.9050,10,30,37.5448
.\test_images\emoji.png,tournament-deterministic,ring,uniform,0.5,additive,2000,2141.4521,10,20,34.4043
.\test_images\emoji.png,tournament-deterministic,ring,uniform,0.5,exclusive,2000,5425.1162,10,20,33.3546
.\test_images\emoji.png,tournament-deterministic,uniform,single,0.1,exclusive,2000,1528.5939,10,20,27.0392
.\test_images\emoji.png,tournament-deterministic,uniform,single,0.5,additive,2000,1151.8011,10,10,27.8065
.\test_images\emoji.png,tournament-deterministic,uniform,single,0.1,additive,2000,1427.1234,10,30,39.2583
.\test_images\emoji.png,tournament-deterministic,uniform,single,0.1,exclusive,2000,1355.5757,10,30,45.5722
.\test_images\emoji.png,tournament-deterministic,ring,uniform,0.5,additive,2000,2160.5732,10,30,59.6874
.\test_images\emoji.png,tournament-deterministic,ring,uniform,0.5,exclusive,2000,4205.4263,10,30,59.0076
.\test_images\emoji.png,tournament-deterministic,uniform,single,0.5,exclusive,2000,1441.1188,10,10,39.3631
.\test_images\emoji.png,tournament-deterministic,uniform,single,0.5,additive,2000,1528.8682,10,20,43.6756
.\test_images\emoji.png,tournament-deterministic,uniform,uniform,0.01,exclusive,2000,1705.9794,10,10,40.3717
.\test_images\emoji.png,tournament-deterministic,uniform,uniform,0.01,additive,2000,1398.1732,10,10,41.5123
.\test_images\emoji.png,tournament-deterministic,uniform,single,0.5,exclusive,2000,1484.3969,10,20,45.1881
.\test_images\emoji.png,tournament-deterministic,uniform,single,0.5,additive,2000,1528.9160,10,30,46.6073
.\test_images\emoji.png,tournament-deterministic,uniform,uniform,0.01,exclusive,2000,1200.2139,10,20,41.9890
.\test_images\emoji.png,tournament-deterministic,uniform,uniform,0.01,additive,2000,1460.2764,10,20,44.3241
.\test_images\emoji.png,tournament-deterministic,uniform,uniform,0.1,additive,2000,1409.2968,10,10,38.7415
.\test_images\emoji.png,tournament-deterministic,uniform,uniform,0.1,exclusive,2000,2611.2253,10,10,35.7357
.\test_images\emoji.png,tournament-deterministic,uniform,uniform,0.01,additive,2000,1138.9103,10,30,44.5879
.\test_images\emoji.png,tournament-deterministic,uniform,single,0.5,exclusive,2000,1460.5969,10,30,45.5835
.\test_images\emoji.png,tournament-deterministic,uniform,uniform,0.5,additive,2000,2321.0278,10,10,28.5985
.\test_images\emoji.png,tournament-deterministic,uniform,uniform,0.1,additive,2000,1558.1709,10,20,38.1352
.\test_images\emoji.png,tournament-deterministic,uniform,uniform,0.1,exclusive,2000,2667.8799,10,20,37.2496
.\test_images\emoji.png,tournament-deterministic,uniform,uniform,0.01,exclusive,2000,1377.0275,10,30,41.5869
.\test_images\emoji.png,tournament-deterministic,uniform,uniform,0.1,additive,2000,1338.7679,10,30,48.9617
.\test_images\emoji.png,tournament-deterministic,uniform,uniform,0.5,additive,2000,2282.6890,10,20,36.8506
.\test_images\emoji.png,tournament-deterministic,uniform,uniform,0.1,exclusive,2000,2262.9001,10,30,49.8129
.\test_images\emoji.png,tournament-probabilistic,one-point,single,0.1,exclusive,2000,2388.2852,10,10,18.2079
.\test_images\emoji.png,tournament-probabilistic,one-point,single,0.5,additive,2000,1523.4456,10,10,17.8945
.\test_images\emoji.png,tournament-probabilistic,one-point,single,0.01,additive,2000,2925.7708,10,20,30.1118
.\test_images\emoji.png,tournament-probabilistic,one-point,single,0.01,exclusive,2000,4272.1929,10,10,58.2593
.\test_images\emoji.png,tournament-probabilistic,one-point,single,0.01,additive,2000,2592.2678,10,10,94.1752
.\test_images\emoji.png,tournament-deterministic,uniform,uniform,0.5,exclusive,2000,4771.4707,10,10,101.4568
.\test_images\emoji.png,tournament-probabilistic,one-point,single,0.1,additive,2000,1823.2664,10,10,96.7099
.\test_images\emoji.png,tournament-probabilistic,one-point,single,0.01,exclusive,2000,3776.2539,10,20,98.7139
.\test_images\emoji.png,tournament-probabilistic,one-point,single,0.5,exclusive,2000,1954.1414,10,10,85.7318
.\test_images\emoji.png,tournament-probabilistic,one-point,single,0.1,additive,2000,1686.1222,10,20,98.7392
.\test_images\emoji.png,tournament-probabilistic,one-point,single,0.01,additive,2000,2107.4988,10,30,102.2573
.\test_images\emoji.png,tournament-deterministic,uniform,uniform,0.5,exclusive,2000,5055.1670,10,20,109.0271
.\test_images\emoji.png,tournament-probabilistic,one-point,single,0.1,exclusive,2000,1910.3842,10,30,98.7988
.\test_images\emoji.png,tournament-probabilistic,one-point,single,0.1,exclusive,2000,1880.3557,10,20,99.1932
.\test_images\emoji.png,tournament-probabilistic,one-point,uniform,0.01,additive,2000,1565.6140,10,10,81.1263
.\test_images\emoji.png,tournament-probabilistic,one-point,single,0.5,additive,2000,1491.9091,10,20,98.3620
.\test_images\emoji.png,tournament-probabilistic,one-point,single,0.01,exclusive,2000,2887.0981,10,30,101.4962
.\test_images\emoji.png,tournament-probabilistic,one-point,single,0.1,additive,2000,1521.7308,10,30,100.7903
.\test_images\emoji.png,tournament-deterministic,uniform,uniform,0.5,additive,2000,2140.9128,10,30,115.7519
.\test_images\emoji.png,tournament-probabilistic,one-point,single,0.5,exclusive,2000,1635.8621,10,20,89.7475
.\test_images\emoji.png,tournament-probabilistic,one-point,single,0.5,exclusive,2000,1824.5558,10,30,88.2018
.\test_images\emoji.png,tournament-probabilistic,one-point,uniform,0.01,additive,2000,1485.5779,10,30,77.1955
.\test_images\emoji.png,tournament-probabilistic,one-point,uniform,0.01,additive,2000,1654.9047,10,20,85.1256
.\test_images\emoji.png,tournament-probabilistic,one-point,single,0.5,additive,2000,1612.2743,10,30,101.8822
.\test_images\emoji.png,tournament-deterministic,uniform,uniform,0.5,exclusive,2000,4425.2856,10,30,112.7306
.\test_images\emoji.png,tournament-probabilistic,one-point,uniform,0.01,exclusive,2000,2025.4231,10,10,51.1605
.\test_images\emoji.png,tournament-probabilistic,one-point,uniform,0.01,exclusive,2000,1888.6135,10,20,33.2362
.\test_images\emoji.png,tournament-probabilistic,one-point,uniform,0.1,exclusive,2000,4023.9219,10,10,39.4176
.\test_images\emoji.png,tournament-probabilistic,one-point,uniform,0.01,exclusive,2000,1894.2754,10,30,46.6955
.\test_images\emoji.png,tournament-probabilistic,ring,single,0.01,exclusive,2000,3517.4490,10,10,34.1224
.\test_images\emoji.png,tournament-probabilistic,one-point,uniform,0.1,additive,2000,1574.3472,10,10,41.5128
.\test_images\emoji.png,tournament-probabilistic,ring,single,0.01,additive,2000,2996.7209,10,10,35.9116
.\test_images\emoji.png,tournament-probabilistic,one-point,uniform,0.5,additive,2000,2127.1995,10,10,42.2028
.\test_images\emoji.png,tournament-probabilistic,one-point,uniform,0.5,exclusive,2000,6819.0391,10,10,42.0207
.\test_images\emoji.png,tournament-probabilistic,ring,single,0.1,additive,2000,1726.8107,10,10,37.6313
.\test_images\emoji.png,tournament-probabilistic,ring,single,0.01,additive,2000,2209.7820,10,20,39.5656
.\test_images\emoji.png,tournament-probabilistic,one-point,uniform,0.1,additive,2000,1748.1974,10,20,45.7900
.\test_images\emoji.png,tournament-probabilistic,ring,single,0.01,exclusive,2000,3024.3096,10,20,39.9917
.\test_images\emoji.png,tournament-probabilistic,one-point,uniform,0.1,exclusive,2000,3580.9097,10,20,48.3793
.\test_images\emoji.png,tournament-probabilistic,ring,single,0.1,additive,2000,1722.4419,10,20,40.0155
.\test_images\emoji.png,tournament-probabilistic,ring,single,0.01,exclusive,2000,3016.6399,10,30,44.2130
.\test_images\emoji.png,tournament-probabilistic,ring,single,0.01,additive,2000,2358.1775,10,30,47.5150
.\test_images\emoji.png,tournament-probabilistic,one-point,uniform,0.1,additive,2000,1188.9004,10,30,53.4901
.\test_images\emoji.png,tournament-probabilistic,one-point,uniform,0.5,exclusive,2000,6127.1948,10,20,53.3608
.\test_images\emoji.png,tournament-probabilistic,one-point,uniform,0.5,additive,2000,2145.9714,10,20,54.9521
.\test_images\emoji.png,tournament-probabilistic,one-point,uniform,0.1,exclusive,2000,3411.8379,10,30,55.9055
.\test_images\emoji.png,tournament-probabilistic,one-point,uniform,0.5,exclusive,2000,7044.0190,10,30,56.1155
.\test_images\emoji.png,tournament-probabilistic,one-point,uniform,0.5,additive,2000,2155.0322,10,30,57.1915
.\test_images\emoji.png,tournament-probabilistic,ring,single,0.1,additive,2000,1426.1653,10,30,36.3552
.\test_images\emoji.png,tournament-probabilistic,ring,single,0.1,exclusive,2000,2342.9910,10,10,28.4137
.\test_images\emoji.png,tournament-probabilistic,ring,single,0.5,additive,2000,1340.5013,10,10,40.7478
.\test_images\emoji.png,tournament-probabilistic,ring,single,0.1,exclusive,2000,1884.6876,10,20,41.3921
.\test_images\emoji.png,tournament-probabilistic,ring,single,0.5,exclusive,2000,1897.3295,10,10,38.2302
.\test_images\emoji.png,tournament-probabilistic,ring,single,0.5,additive,2000,1651.6099,10,20,42.6149
.\test_images\emoji.png,tournament-probabilistic,ring,single,0.1,exclusive,2000,1754.4585,10,30,43.2677
.\test_images\emoji.png,tournament-probabilistic,ring,uniform,0.01,additive,2000,1412.4246,10,10,38.3700
.\test_images\emoji.png,tournament-probabilistic,ring,single,0.5,exclusive,2000,1656.1649,10,20,39.8774
.\test_images\emoji.png,tournament-probabilistic,ring,uniform,0.01,exclusive,2000,2069.3865,10,10,35.1034
.\test_images\emoji.png,tournament-probabilistic,ring,uniform,0.01,additive,2000,1568.4810,10,20,42.1503
.\test_images\emoji.png,tournament-probabilistic,ring,single,0.5,additive,2000,1551.2356,10,30,46.5773
.\test_images\emoji.png,tournament-probabilistic,ring,single,0.5,exclusive,2000,1626.4773,10,30,47.4439
.\test_images\emoji.png,tournament-probabilistic,ring,uniform,0.1,additive,2000,1523.6189,10,10,39.5816
.\test_images\emoji.png,tournament-probabilistic,ring,uniform,0.01,exclusive,2000,1894.0963,10,20,43.8630
.\test_images\emoji.png,tournament-probabilistic,ring,uniform,0.1,exclusive,2000,4228.9048,10,10,38.9189
.\test_images\emoji.png,tournament-probabilistic,ring,uniform,0.01,additive,2000,1440.8391,10,30,51.4174
.\test_images\emoji.png,tournament-probabilistic,ring,uniform,0.1,additive,2000,1463.6285,10,20,45.7683
.\test_images\emoji.png,tournament-probabilistic,ring,uniform,0.1,exclusive,2000,3886.3694,10,20,44.2462
.\test_images\emoji.png,tournament-probabilistic,ring,uniform,0.5,additive,2000,2197.6326,10,10,44.7735
.\test_images\emoji.png,tournament-probabilistic,ring,uniform,0.1,exclusive,2000,3895.5156,10,30,45.5745
.\test_images\emoji.png,tournament-probabilistic,ring,uniform,0.01,exclusive,2000,1589.0461,10,30,50.9428
.\test_images\emoji.png,tournament-probabilistic,ring,uniform,0.1,additive,2000,1565.1075,10,30,48.1253
.\test_images\emoji.png,tournament-probabilistic,ring,uniform,0.5,additive,2000,2170.1101,10,20,42.3641
.\test_images\emoji.png,tournament-probabilistic,uniform,single,0.01,additive,2000,3777.3733,10,10,29.2078
.\test_images\emoji.png,tournament-probabilistic,ring,uniform,0.5,exclusive,2000,8740.8965,10,10,32.3493
.\test_images\emoji.png,tournament-probabilistic,uniform,single,0.01,exclusive,2000,3699.7146,10,10,28.7402
.\test_images\emoji.png,tournament-probabilistic,uniform,single,0.01,additive,2000,2681.7271,10,20,35.1285
.\test_images\emoji.png,tournament-probabilistic,uniform,single,0.1,additive,2000,1716.6097,10,10,27.8312
.\test_images\emoji.png,tournament-probabilistic,uniform,single,0.01,additive,2000,2021.3508,10,30,37.3369
.\test_images\emoji.png,tournament-probabilistic,uniform,single,0.01,exclusive,2000,3346.3076,10,20,33.3326
.\test_images\emoji.png,tournament-probabilistic,uniform,single,0.1,exclusive,2000,2564.5098,10,10,30.0129
.\test_images\emoji.png,tournament-probabilistic,ring,uniform,0.5,exclusive,2000,8164.2241,10,20,45.1719
.\test_images\emoji.png,tournament-probabilistic,uniform,single,0.01,exclusive,2000,3658.2278,10,30,38.2584
.\test_images\emoji.png,tournament-probabilistic,uniform,single,0.1,additive,2000,1553.3408,10,20,36.5273
.\test_images\emoji.png,tournament-probabilistic,ring,uniform,0.5,exclusive,2000,7300.1709,10,30,53.0478
.\test_images\emoji.png,tournament-probabilistic,uniform,single,0.1,additive,2000,1312.7393,10,30,41.6630
.\test_images\emoji.png,tournament-probabilistic,ring,uniform,0.5,additive,2000,2060.9758,10,30,55.1608
.\test_images\emoji.png,tournament-probabilistic,uniform,single,0.5,additive,2000,1568.1177,10,10,33.1686
.\test_images\emoji.png,tournament-probabilistic,uniform,single,0.1,exclusive,2000,1833.5878,10,20,36.6667
.\test_images\emoji.png,tournament-probabilistic,uniform,single,0.5,exclusive,2000,2059.3372,10,10,32.7787
.\test_images\emoji.png,tournament-probabilistic,uniform,single,0.1,exclusive,2000,1853.7042,10,30,49.1059
.\test_images\emoji.png,tournament-probabilistic,uniform,single,0.5,additive,2000,1507.4939,10,20,49.4133
.\test_images\emoji.png,tournament-probabilistic,uniform,single,0.5,exclusive,2000,1447.9416,10,20,49.7491
.\test_images\emoji.png,tournament-probabilistic,uniform,uniform,0.01,additive,2000,1593.0186,10,10,42.3208
.\test_images\emoji.png,tournament-probabilistic,uniform,single,0.5,additive,2000,1177.1008,10,30,52.8019
.\test_images\emoji.png,tournament-probabilistic,uniform,uniform,0.01,exclusive,2000,1853.9003,10,10,43.7572
.\test_images\emoji.png,tournament-probabilistic,uniform,uniform,0.01,additive,2000,1624.3890,10,20,49.8239
.\test_images\emoji.png,tournament-probabilistic,uniform,single,0.5,exclusive,2000,1624.4885,10,30,53.3944
.\test_images\emoji.png,tournament-probabilistic,uniform,uniform,0.1,additive,2000,1465.1249,10,10,47.0144
.\test_images\emoji.png,tournament-probabilistic,uniform,uniform,0.01,exclusive,2000,1883.9722,10,20,49.0005
.\test_images\emoji.png,tournament-probabilistic,uniform,uniform,0.01,additive,2000,1507.9379,10,30,56.2708
.\test_images\emoji.png,tournament-probabilistic,uniform,uniform,0.1,exclusive,2000,4085.7749,10,10,43.7594
.\test_images\emoji.png,tournament-probabilistic,uniform,uniform,0.01,exclusive,2000,1827.4465,10,30,58.6338
.\test_images\emoji.png,tournament-probabilistic,uniform,uniform,0.1,additive,2000,1180.4875,10,20,55.0921
.\test_images\emoji.png,tournament-probabilistic,uniform,uniform,0.5,exclusive,2000,7348.9849,10,10,44.0132
.\test_images\emoji.png,tournament-probabilistic,uniform,uniform,0.1,additive,2000,1309.5500,10,30,57.7404
.\test_images\emoji.png,tournament-probabilistic,uniform,uniform,0.1,exclusive,2000,4024.2366,10,20,54.4135
.\test_images\emoji.png,tournament-probabilistic,uniform,uniform,0.5,additive,2000,2363.0186,10,10,49.4003
.\test_images\emoji.png,tournament-probabilistic,uniform,uniform,0.5,additive,2000,2249.9504,10,20,61.8036
.\test_images\emoji.png,elite,one-point,single,0.01,additive,2000,2473.2737,20,10,45.6357
.\test_images\emoji.png,tournament-probabilistic,uniform,uniform,0.1,exclusive,2000,4139.6919,10,30,63.1772
.\test_images\emoji.png,tournament-probabilistic,uniform,uniform,0.5,exclusive,2000,7077.9458,10,20,62.1454
.\test_images\emoji.png,elite,one-point,single,0.01,exclusive,2000,5326.6802,20,10,49.3004
.\test_images\emoji.png,tournament-probabilistic,uniform,uniform,0.5,additive,2000,2145.7039,10,30,73.3018
.\test_images\emoji.png,elite,one-point,single,0.01,additive,2000,2126.8301,20,20,56.5749
.\test_images\emoji.png,elite,one-point,single,0.1,additive,2000,1537.0287,20,10,47.8414
.\test_images\emoji.png,elite,one-point,single,0.1,exclusive,2000,5794.8203,20,10,45.1039
.\test_images\emoji.png,elite,one-point,single,0.01,exclusive,2000,5094.9111,20,20,52.9792
.\test_images\emoji.png,tournament-probabilistic,uniform,uniform,0.5,exclusive,2000,6681.5083,10,30,68.1255
.\test_images\emoji.png,elite,one-point,single,0.01,additive,2000,2181.0374,20,30,64.8508
.\test_images\emoji.png,elite,one-point,single,0.01,exclusive,2000,8289.3936,20,30,56.9214
.\test_images\emoji.png,elite,one-point,single,0.1,additive,2000,1283.0870,20,20,51.7616
.\test_images\emoji.png,elite,one-point,single,0.1,exclusive,2000,7111.5664,20,20,55.8643
.\test_images\emoji.png,elite,one-point,single,0.5,additive,2000,1088.3198,20,10,47.9630
.\test_images\emoji.png,elite,one-point,single,0.1,additive,2000,1287.8180,20,30,58.9623
.\test_images\emoji.png,elite,one-point,single,0.5,exclusive,2000,7574.7700,20,10,45.2625
.\test_images\emoji.png,elite,one-point,single,0.5,exclusive,2000,8055.8799,20,20,50.6667
.\test_images\emoji.png,elite,one-point,single,0.5,additive,2000,855.4945,20,20,55.5723
.\test_images\emoji.png,elite,one-point,single,0.1,exclusive,2000,7785.0093,20,30,57.8890
.\test_images\emoji.png,elite,one-point,uniform,0.01,additive,2000,1069.9789,20,10,44.3412
.\test_images\emoji.png,elite,one-point,single,0.5,additive,2000,949.6029,20,30,67.2200
.\test_images\emoji.png,elite,one-point,uniform,0.01,exclusive,2000,8896.7471,20,10,49.4887
.\test_images\emoji.png,elite,one-point,uniform,0.01,additive,2000,666.1190,20,20,72.6223
.\test_images\emoji.png,elite,one-point,single,0.5,exclusive,2000,8405.1445,20,30,76.1180
.\test_images\emoji.png,elite,one-point,uniform,0.1,additive,2000,1166.8292,20,10,61.8597
.\test_images\emoji.png,elite,one-point,uniform,0.1,exclusive,2000,10386.9736,20,10,58.4003
.\test_images\emoji.png,elite,one-point,uniform,0.01,additive,2000,708.9474,20,30,78.1506
.\test_images\emoji.png,elite,one-point,uniform,0.01,exclusive,2000,9420.7275,20,20,68.2561
.\test_images\emoji.png,elite,one-point,uniform,0.5,additive,2000,2289.4028,20,10,61.6854
.\test_images\emoji.png,elite,one-point,uniform,0.1,additive,2000,1237.4723,20,20,66.8654
.\test_images\emoji.png,elite,one-point,uniform,0.5,exclusive,2000,9173.3145,20,10,53.6515
.\test_images\emoji.png,elite,ring,single,0.01,additive,2000,2601.9019,20,10,47.0363
.\test_images\emoji.png,elite,one-point,uniform,0.1,exclusive,2000,9646.7451,20,20,64.2963
.\test_images\emoji.png,elite,one-point,uniform,0.01,exclusive,2000,12098.6338,20,30,73.6206
.\test_images\emoji.png,elite,ring,single,0.01,additive,2000,2241.0164,20,20,46.3898
.\test_images\emoji.png,elite,one-point,uniform,0.1,additive,2000,1115.4416,20,30,82.0099
.\test_images\emoji.png,elite,ring,single,0.01,additive,2000,2034.7645,20,30,59.5224
.\test_images\emoji.png,elite,ring,single,0.01,exclusive,2000,8280.5928,20,10,50.8876
.\test_images\emoji.png,elite,ring,single,0.01,exclusive,2000,6950.5327,20,20,47.1095
.\test_images\emoji.png,elite,one-point,uniform,0.5,exclusive,2000,7823.1870,20,20,73.0087
.\test_images\emoji.png,elite,one-point,uniform,0.5,additive,2000,2082.9036,20,20,74.6378
.\test_images\emoji.png,elite,one-point,uniform,0.1,exclusive,2000,7214.5557,20,30,83.4188
.\test_images\emoji.png,elite,one-point,uniform,0.5,additive,2000,2165.5630,20,30,90.2463
.\test_images\emoji.png,elite,ring,single,0.1,additive,2000,1424.1056,20,10,45.2072
.\test_images\emoji.png,elite,one-point,uniform,0.5,exclusive,2000,8272.4365,20,30,89.5346
.\test_images\emoji.png,elite,ring,single,0.5,additive,2000,1250.8549,20,10,46.0783
.\test_images\emoji.png,elite,ring,single,0.5,additive,2000,923.1396,20,20,45.7089
.\test_images\emoji.png,elite,ring,single,0.1,exclusive,2000,7721.0996,20,10,51.0127
.\test_images\emoji.png,elite,ring,single,0.1,additive,2000,1033.9003,20,30,51.9350
.\test_images\emoji.png,elite,ring,single,0.1,additive,2000,1282.2996,20,20,55.0866
.\test_images\emoji.png,elite,ring,single,0.5,exclusive,2000,6367.4517,20,20,44.9949
.\test_images\emoji.png,elite,ring,single,0.1,exclusive,2000,7224.7593,20,20,51.6088
.\test_images\emoji.png,elite,ring,single,0.5,exclusive,2000,8266.9551,20,10,45.5472
.\test_images\emoji.png,elite,ring,single,0.01,exclusive,2000,8111.2407,20,30,58.1401
.\test_images\emoji.png,elite,ring,single,0.1,exclusive,2000,5139.5542,20,30,47.6294
.\test_images\emoji.png,elite,ring,single,0.5,additive,2000,930.1909,20,30,49.9853
.\test_images\emoji.png,elite,ring,single,0.5,exclusive,2000,5765.0210,20,30,51.1238
.\test_images\emoji.png,elite,ring,uniform,0.01,additive,2000,848.9022,20,10,40.3224
.\test_images\emoji.png,elite,ring,uniform,0.01,exclusive,2000,8705.1133,20,10,36.1845
.\test_images\emoji.png,elite,ring,uniform,0.1,additive,2000,1380.8999,20,10,40.9668
.\test_images\emoji.png,elite,ring,uniform,0.01,additive,2000,881.5543,20,20,42.5279
.\test_images\emoji.png,elite,ring,uniform,0.01,exclusive,2000,8993.5273,20,20,41.8101
.\test_images\emoji.png,elite,ring,uniform,0.01,additive,2000,901.3559,20,30,45.0488
.\test_images\emoji.png,elite,ring,uniform,0.01,exclusive,2000,8212.6738,20,30,46.3637
.\test_images\emoji.png,elite,ring,uniform,0.1,additive,2000,1279.7881,20,20,43.6504
.\test_images\emoji.png,elite,uniform,single,0.01,additive,2000,2638.4526,20,10,33.1462
.\test_images\emoji.png,elite,ring,uniform,0.1,exclusive,2000,9430.0234,20,10,37.2056
.\test_images\emoji.png,elite,ring,uniform,0.5,exclusive,2000,8555.8291,20,10,39.2422
.\test_images\emoji.png,elite,ring,uniform,0.5,additive,2000,2240.6130,20,10,40.1690
.\test_images\emoji.png,elite,uniform,single,0.01,exclusive,2000,6056.4546,20,10,33.4575
.\test_images\emoji.png,elite,uniform,single,0.01,additive,2000,2146.7534,20,20,39.8077
.\test_images\emoji.png,elite,ring,uniform,0.1,additive,2000,1199.1198,20,30,52.8587
.\test_images\emoji.png,elite,ring,uniform,0.1,exclusive,2000,7764.6982,20,20,43.6611
.\test_images\emoji.png,elite,uniform,single,0.01,exclusive,2000,6126.0684,20,20,34.8127
.\test_images\emoji.png,elite,uniform,single,0.1,additive,2000,1463.8148,20,10,30.3696
.\test_images\emoji.png,elite,uniform,single,0.1,exclusive,2000,8233.6758,20,10,29.9678
.\test_images\emoji.png,elite,uniform,single,0.01,additive,2000,1936.1174,20,30,47.0600
.\test_images\emoji.png,elite,uniform,single,0.1,additive,2000,1282.5459,20,20,37.1293
.\test_images\emoji.png,elite,uniform,single,0.01,exclusive,2000,7258.6816,20,30,44.2356
.\test_images\emoji.png,elite,uniform,single,0.1,exclusive,2000,6905.3271,20,20,34.4366
.\test_images\emoji.png,elite,ring,uniform,0.5,additive,2000,2048.0776,20,20,55.0242
.\test_images\emoji.png,elite,ring,uniform,0.5,exclusive,2000,9016.7354,20,20,55.1686
.\test_images\emoji.png,elite,ring,uniform,0.1,exclusive,2000,7586.5073,20,30,58.2094
.\test_images\emoji.png,elite,uniform,single,0.1,additive,2000,1101.0938,20,30,67.1738
.\test_images\emoji.png,elite,uniform,single,0.5,additive,2000,999.6320,20,10,51.4494
.\test_images\emoji.png,elite,ring,uniform,0.5,additive,2000,1993.2336,20,30,86.1449
.\test_images\emoji.png,elite,ring,uniform,0.5,exclusive,2000,7959.3813,20,30,87.2465
.\test_images\emoji.png,elite,uniform,single,0.5,exclusive,2000,7739.2212,20,10,51.5868
.\test_images\emoji.png,elite,uniform,single,0.1,exclusive,2000,6754.2280,20,30,59.2315
.\test_images\emoji.png,elite,uniform,single,0.5,additive,2000,1057.7448,20,20,58.8665
.\test_images\emoji.png,elite,uniform,uniform,0.01,additive,2000,861.3886,20,10,50.6542
.\test_images\emoji.png,elite,uniform,uniform,0.01,exclusive,2000,8496.4023,20,10,50.1328
.\test_images\emoji.png,elite,uniform,uniform,0.01,exclusive,2000,8675.6025,20,20,47.3221
.\test_images\emoji.png,elite,uniform,single,0.5,additive,2000,810.8113,20,30,56.9348
.\test_images\emoji.png,elite,uniform,uniform,0.1,exclusive,2000,10431.4033,20,10,42.3235
.\test_images\emoji.png,elite,uniform,single,0.5,exclusive,2000,6997.3735,20,20,57.0144
.\test_images\emoji.png,elite,uniform,uniform,0.1,additive,2000,1388.4874,20,20,43.1486
.\test_images\emoji.png,elite,uniform,single,0.5,exclusive,2000,7139.4678,20,30,56.6316
.\test_images\emoji.png,elite,uniform,uniform,0.1,exclusive,2000,8680.2393,20,20,42.3915
.\test_images\emoji.png,elite,uniform,uniform,0.01,exclusive,2000,8994.8770,20,30,46.7556
.\test_images\emoji.png,elite,uniform,uniform,0.1,additive,2000,1420.0516,20,10,46.5694
.\test_images\emoji.png,elite,uniform,uniform,0.01,additive,2000,713.8720,20,30,55.2523
.\test_images\emoji.png,elite,uniform,uniform,0.01,additive,2000,1028.1301,20,20,57.3754
.\test_images\emoji.png,elite,uniform,uniform,0.1,exclusive,2000,8825.9102,20,30,49.5898
.\test_images\emoji.png,elite,uniform,uniform,0.1,additive,2000,935.4981,20,30,52.5098
.\test_images\emoji.png,elite,uniform,uniform,0.5,additive,2000,2380.7920,20,10,33.9760
.\test_images\emoji.png,elite,uniform,uniform,0.5,exclusive,2000,8973.6836,20,10,40.7293
.\test_images\emoji.png,roulette,one-point,single,0.01,additive,2000,2501.9329,20,10,35.4616
.\test_images\emoji.png,roulette,one-point,single,0.01,exclusive,2000,2583.1580,20,10,33.4793
.\test_images\emoji.png,roulette,one-point,single,0.1,exclusive,2000,1718.9027,20,10,32.1916
.\test_images\emoji.png,roulette,one-point,single,0.1,additive,2000,1649.4696,20,10,33.3424
.\test_images\emoji.png,roulette,one-point,single,0.01,additive,2000,2016.9996,20,20,38.3035
.\test_images\emoji.png,roulette,one-point,single,0.5,additive,2000,996.9752,20,10,33.8338
.\test_images\emoji.png,roulette,one-point,single,0.01,exclusive,2000,2093.9531,20,20,37.7761
.\test_images\emoji.png,roulette,one-point,single,0.1,additive,2000,1496.1975,20,20,39.4984
.\test_images\emoji.png,roulette,one-point,single,0.1,exclusive,2000,1596.0111,20,20,39.0744
.\test_images\emoji.png,elite,uniform,uniform,0.5,additive,2000,2240.0715,20,20,52.8492
.\test_images\emoji.png,roulette,one-point,single,0.01,additive,2000,2164.5642,20,30,42.0475
.\test_images\emoji.png,roulette,one-point,single,0.5,exclusive,2000,1432.4735,20,10,31.1964
.\test_images\emoji.png,roulette,one-point,single,0.5,additive,2000,833.9399,20,20,40.8338
.\test_images\emoji.png,roulette,one-point,single,0.01,exclusive,2000,2000.1306,20,30,45.7428
.\test_images\emoji.png,roulette,one-point,single,0.1,additive,2000,1246.6161,20,30,51.7222
.\test_images\emoji.png,roulette,one-point,single,0.1,exclusive,2000,1513.5865,20,30,51.4684
.\test_images\emoji.png,elite,uniform,uniform,0.5,exclusive,2000,8223.8486,20,20,62.6492
.\test_images\emoji.png,roulette,one-point,single,0.5,exclusive,2000,1497.9850,20,20,42.6183
.\test_images\emoji.png,elite,uniform,uniform,0.5,additive,2000,2119.3989,20,30,75.0962
.\test_images\emoji.png,roulette,one-point,single,0.5,additive,2000,1079.0569,20,30,55.5273
.\test_images\emoji.png,roulette,one-point,uniform,0.01,exclusive,2000,1785.0317,20,10,39.1956
.\test_images\emoji.png,roulette,one-point,uniform,0.01,additive,2000,918.1581,20,10,42.2912
.\test_images\emoji.png,elite,uniform,uniform,0.5,exclusive,2000,8485.1055,20,30,79.0195
.\test_images\emoji.png,roulette,one-point,uniform,0.1,additive,2000,1217.7626,20,10,38.4788
.\test_images\emoji.png,roulette,one-point,uniform,0.01,additive,2000,908.5468,20,20,44.5609
.\test_images\emoji.png,roulette,one-point,uniform,0.1,exclusive,2000,3946.1206,20,10,37.2010
.\test_images\emoji.png,roulette,one-point,single,0.5,exclusive,2000,1216.2397,20,30,50.3338
.\test_images\emoji.png,roulette,one-point,uniform,0.01,exclusive,2000,1898.5129,20,20,47.2658
.\test_images\emoji.png,roulette,one-point,uniform,0.5,additive,2000,2171.7466,20,10,40.5056
.\test_images\emoji.png,roulette,one-point,uniform,0.01,additive,2000,881.0253,20,30,54.7375
.\test_images\emoji.png,roulette,one-point,uniform,0.1,additive,2000,1287.9346,20,20,50.4003
.\test_images\emoji.png,roulette,one-point,uniform,0.1,exclusive,2000,3800.4182,20,20,49.2999
.\test_images\emoji.png,roulette,ring,single,0.01,additive,2000,2306.2939,20,10,26.3459
.\test_images\emoji.png,roulette,one-point,uniform,0.01,exclusive,2000,1721.3390,20,30,54.4741
.\test_images\emoji.png,roulette,one-point,uniform,0.5,exclusive,2000,6416.0957,20,10,38.9232
.\test_images\emoji.png,roulette,ring,single,0.01,additive,2000,2532.8438,20,20,32.6767
.\test_images\emoji.png,roulette,one-point,uniform,0.5,additive,2000,2174.4412,20,20,54.9444
.\test_images\emoji.png,roulette,one-point,uniform,0.1,additive,2000,1128.2455,20,30,61.3977
.\test_images\emoji.png,roulette,one-point,uniform,0.1,exclusive,2000,3190.7773,20,30,60.5109
.\test_images\emoji.png,roulette,ring,single,0.01,exclusive,2000,2297.8047,20,10,28.7523
.\test_images\emoji.png,roulette,ring,single,0.1,additive,2000,1686.8217,20,10,28.1373
.\test_images\emoji.png,roulette,one-point,uniform,0.5,exclusive,2000,6713.7915,20,20,51.6577
.\test_images\emoji.png,roulette,ring,single,0.1,exclusive,2000,1653.6023,20,10,26.3137
.\test_images\emoji.png,roulette,ring,single,0.01,exclusive,2000,2271.2251,20,20,34.1192
.\test_images\emoji.png,roulette,ring,single,0.01,additive,2000,1912.6342,20,30,36.4066
.\test_images\emoji.png,roulette,ring,single,0.1,additive,2000,1417.0056,20,20,31.9341
.\test_images\emoji.png,roulette,ring,single,0.01,exclusive,2000,2070.7634,20,30,37.6794
.\test_images\emoji.png,roulette,ring,single,0.5,additive,2000,770.7628,20,10,27.7182
.\test_images\emoji.png,roulette,ring,single,0.1,additive,2000,1232.4534,20,30,37.5978
.\test_images\emoji.png,roulette,ring,single,0.1,exclusive,2000,1467.3964,20,20,34.1310
.\test_images\emoji.png,roulette,one-point,uniform,0.5,additive,2000,2061.2634,20,30,68.1413
.\test_images\emoji.png,roulette,ring,single,0.5,exclusive,2000,1467.3778,20,10,30.9859
.\test_images\emoji.png,roulette,ring,single,0.1,exclusive,2000,1588.8398,20,30,38.2307
.\test_images\emoji.png,roulette,ring,single,0.5,additive,2000,1003.2480,20,20,36.6834
.\test_images\emoji.png,roulette,ring,single,0.5,exclusive,2000,1469.7866,20,20,37.5922
.\test_images\emoji.png,roulette,one-point,uniform,0.5,exclusive,2000,6231.8086,20,30,68.1355
.\test_images\emoji.png,roulette,ring,uniform,0.01,additive,2000,710.2044,20,10,33.5614
.\test_images\emoji.png,roulette,ring,single,0.5,additive,2000,757.0763,20,30,49.5169
.\test_images\emoji.png,roulette,ring,uniform,0.01,exclusive,2000,1483.8304,20,10,37.7516
.\test_images\emoji.png,roulette,ring,single,0.5,exclusive,2000,1490.5775,20,30,138.6136
.\test_images\emoji.png,roulette,ring,uniform,0.1,additive,2000,1296.2845,20,10,128.8196
.\test_images\emoji.png,roulette,ring,uniform,0.01,additive,2000,545.8136,20,20,135.9808
.\test_images\emoji.png,roulette,ring,uniform,0.1,exclusive,2000,4635.5713,20,10,128.9582
.\test_images\emoji.png,roulette,ring,uniform,0.01,exclusive,2000,1745.3162,20,20,136.3722
.\test_images\emoji.png,roulette,ring,uniform,0.1,additive,2000,1248.6343,20,20,139.1327
.\test_images\emoji.png,roulette,ring,uniform,0.01,additive,2000,704.5239,20,30,145.7508
.\test_images\emoji.png,roulette,ring,uniform,0.5,additive,2000,2115.2161,20,10,130.0708
.\test_images\emoji.png,roulette,ring,uniform,0.1,exclusive,2000,3896.6614,20,20,137.4131
.\test_images\emoji.png,roulette,ring,uniform,0.5,exclusive,2000,6001.2788,20,10,129.3785
.\test_images\emoji.png,roulette,uniform,single,0.01,additive,2000,2052.8096,20,20,121.6424
.\test_images\emoji.png,roulette,ring,uniform,0.01,exclusive,2000,1727.5958,20,30,143.5768
.\test_images\emoji.png,roulette,ring,uniform,0.1,additive,2000,1064.3713,20,30,142.5241
.\test_images\emoji.png,roulette,ring,uniform,0.5,exclusive,2000,6710.8975,20,20,125.9066
.\test_images\emoji.png,roulette,uniform,single,0.01,additive,2000,2599.8879,20,10,121.6015
.\test_images\emoji.png,roulette,uniform,single,0.01,exclusive,2000,2420.5183,20,20,111.6355
.\test_images\emoji.png,roulette,ring,uniform,0.1,exclusive,2000,3181.9773,20,30,133.7981
.\test_images\emoji.png,roulette,uniform,single,0.01,exclusive,2000,2598.1792,20,10,111.9305
.\test_images\emoji.png,roulette,uniform,single,0.01,additive,2000,2083.3616,20,30,117.7982
.\test_images\emoji.png,roulette,ring,uniform,0.5,additive,2000,2044.8738,20,20,133.1969
.\test_images\emoji.png,roulette,ring,uniform,0.5,exclusive,2000,5942.6367,20,30,125.3211
.\test_images\emoji.png,roulette,ring,uniform,0.5,additive,2000,1958.2451,20,30,133.2949
.\test_images\emoji.png,roulette,uniform,single,0.1,exclusive,2000,1664.2054,20,10,18.8278
.\test_images\emoji.png,roulette,uniform,single,0.1,additive,2000,1573.3770,20,10,23.8094
.\test_images\emoji.png,roulette,uniform,single,0.1,additive,2000,1165.8892,20,20,39.0350
.\test_images\emoji.png,roulette,uniform,single,0.01,exclusive,2000,1958.6482,20,30,43.5481
.\test_images\emoji.png,roulette,uniform,single,0.5,additive,2000,1208.2841,20,10,34.6702
.\test_images\emoji.png,roulette,uniform,single,0.1,additive,2000,914.4518,20,30,44.9768
.\test_images\emoji.png,roulette,uniform,uniform,0.01,additive,2000,857.6676,20,10,43.6987
.\test_images\emoji.png,roulette,uniform,single,0.5,exclusive,2000,1320.3386,20,10,44.6061
.\test_images\emoji.png,roulette,uniform,uniform,0.01,exclusive,2000,1450.3845,20,10,45.0228
.\test_images\emoji.png,roulette,uniform,single,0.1,exclusive,2000,1523.3080,20,20,49.3907
.\test_images\emoji.png,roulette,uniform,uniform,0.1,additive,2000,1422.4208,20,10,47.0640
.\test_images\emoji.png,roulette,uniform,single,0.5,additive,2000,640.7051,20,20,48.2404
.\test_images\emoji.png,roulette,uniform,single,0.5,exclusive,2000,1536.2216,20,20,48.4314
.\test_images\emoji.png,roulette,uniform,single,0.1,exclusive,2000,1242.2234,20,30,53.5003
.\test_images\emoji.png,roulette,uniform,uniform,0.1,exclusive,2000,3387.2202,20,10,43.6363
.\test_images\emoji.png,roulette,uniform,uniform,0.01,exclusive,2000,1606.6283,20,20,52.8128
.\test_images\emoji.png,roulette,uniform,uniform,0.01,additive,2000,1342.8755,20,20,53.8309
.\test_images\emoji.png,roulette,uniform,single,0.5,additive,2000,908.4548,20,30,74.1937
.\test_images\emoji.png,roulette,uniform,uniform,0.1,additive,2000,959.9795,20,20,73.8538
.\test_images\emoji.png,roulette,uniform,uniform,0.01,additive,2000,679.4451,20,30,84.7831
.\test_images\emoji.png,roulette,uniform,uniform,0.5,additive,2000,2318.3943,20,10,56.5110
.\test_images\emoji.png,roulette,uniform,uniform,0.1,exclusive,2000,3477.8838,20,20,76.8737
.\test_images\emoji.png,roulette,uniform,uniform,0.01,exclusive,2000,1490.9165,20,30,85.9919
.\test_images\emoji.png,roulette,uniform,single,0.5,exclusive,2000,1519.7642,20,30,86.7205
.\test_images\emoji.png,roulette,uniform,uniform,0.1,additive,2000,931.0568,20,30,85.3021
.\test_images\emoji.png,universal,one-point,single,0.01,additive,2000,2522.8289,20,10,48.6235
.\test_images\emoji.png,universal,one-point,single,0.01,exclusive,2000,2075.6226,20,30,41.8980
.\test_images\emoji.png,roulette,uniform,uniform,0.5,exclusive,2000,5905.0508,20,10,51.0232
.\test_images\emoji.png,universal,one-point,single,0.01,exclusive,2000,3158.7375,20,10,46.5361
.\test_images\emoji.png,universal,one-point,single,0.1,additive,2000,1505.2318,20,10,41.9501
.\test_images\emoji.png,roulette,uniform,uniform,0.1,exclusive,2000,3274.6831,20,30,70.7068
.\test_images\emoji.png,roulette,uniform,uniform,0.5,additive,2000,2229.2568,20,20,63.5068
.\test_images\emoji.png,universal,one-point,single,0.1,additive,2000,1305.6306,20,20,41.9582
.\test_images\emoji.png,roulette,uniform,uniform,0.5,exclusive,2000,6013.1162,20,20,51.4021
.\test_images\emoji.png,universal,one-point,single,0.01,additive,2000,2282.6360,20,20,49.8027
.\test_images\emoji.png,universal,one-point,single,0.01,exclusive,2000,2398.7402,20,20,47.3555
.\test_images\emoji.png,universal,one-point,single,0.01,additive,2000,1918.8651,20,30,51.7545
.\test_images\emoji.png,roulette,uniform,uniform,0.5,additive,2000,2093.3264,20,30,66.5152
.\test_images\emoji.png,roulette,uniform,uniform,0.5,exclusive,2000,5717.3320,20,30,55.1276
.\test_images\emoji.png,universal,one-point,single,0.1,exclusive,2000,1643.7152,20,10,27.0560
.\test_images\emoji.png,universal,one-point,single,0.1,additive,2000,1212.5833,20,30,33.7975
.\test_images\emoji.png,universal,one-point,single,0.5,exclusive,2000,1299.6111,20,10,27.5929
.\test_images\emoji.png,universal,one-point,single,0.5,additive,2000,979.6888,20,10,38.8201
.\test_images\emoji.png,universal,one-point,single,0.5,additive,2000,822.1783,20,20,42.8837
.\test_images\emoji.png,universal,one-point,single,0.1,exclusive,2000,1325.3694,20,20,44.9728
.\test_images\emoji.png,universal,one-point,single,0.1,exclusive,2000,1430.2720,20,30,46.8916
.\test_images\emoji.png,universal,one-point,uniform,0.01,additive,2000,1021.5515,20,10,41.8253
.\test_images\emoji.png,universal,one-point,uniform,0.01,exclusive,2000,1561.9684,20,10,42.0601
.\test_images\emoji.png,universal,one-point,single,0.5,additive,2000,633.8729,20,30,53.4440
.\test_images\emoji.png,universal,one-point,uniform,0.1,exclusive,2000,3453.0359,20,10,40.7201
.\test_images\emoji.png,universal,one-point,uniform,0.1,additive,2000,1418.8043,20,10,53.4899
.\test_images\emoji.png,universal,one-point,single,0.5,exclusive,2000,1293.4120,20,20,64.4134
.\test_images\emoji.png,universal,one-point,uniform,0.01,additive,2000,1023.5120,20,20,64.5853
.\test_images\emoji.png,universal,one-point,uniform,0.01,exclusive,2000,1397.4832,20,20,63.7776
.\test_images\emoji.png,universal,one-point,uniform,0.5,additive,2000,2203.8970,20,10,58.2113
.\test_images\emoji.png,universal,one-point,uniform,0.1,additive,2000,922.6657,20,20,65.6217
.\test_images\emoji.png,universal,one-point,single,0.5,exclusive,2000,1442.7328,20,30,68.3699
.\test_images\emoji.png,universal,one-point,uniform,0.1,exclusive,2000,2921.2590,20,20,67.7460
.\test_images\emoji.png,universal,one-point,uniform,0.01,exclusive,2000,1400.0156,20,30,72.5787
.\test_images\emoji.png,universal,one-point,uniform,0.01,additive,2000,803.4371,20,30,73.5313
.\test_images\emoji.png,universal,ring,single,0.01,additive,2000,2427.7771,20,10,41.6844
.\test_images\emoji.png,universal,one-point,uniform,0.1,additive,2000,1172.7111,20,30,77.7387
.\test_images\emoji.png,universal,one-point,uniform,0.1,exclusive,2000,3553.3359,20,30,75.3236
.\test_images\emoji.png,universal,one-point,uniform,0.5,exclusive,2000,6226.9194,20,10,50.7003
.\test_images\emoji.png,universal,one-point,uniform,0.5,additive,2000,2082.2407,20,20,68.8617
.\test_images\emoji.png,universal,one-point,uniform,0.5,exclusive,2000,6471.1968,20,20,47.5339
.\test_images\emoji.png,universal,ring,single,0.01,additive,2000,2377.6863,20,20,42.8907
.\test_images\emoji.png,universal,ring,single,0.01,exclusive,2000,2434.9343,20,20,40.2796
.\test_images\emoji.png,universal,ring,single,0.01,additive,2000,2036.5171,20,30,43.9628
.\test_images\emoji.png,universal,ring,single,0.01,exclusive,2000,2929.4482,20,10,41.5718
.\test_images\emoji.png,universal,one-point,uniform,0.5,additive,2000,2022.7703,20,30,67.6258
.\test_images\emoji.png,universal,ring,single,0.01,exclusive,2000,2141.6775,20,30,36.0139
.\test_images\emoji.png,universal,ring,single,0.1,exclusive,2000,1616.1079,20,10,32.5194
.\test_images\emoji.png,universal,ring,single,0.1,additive,2000,1423.8373,20,10,34.1166
.\test_images\emoji.png,universal,one-point,uniform,0.5,exclusive,2000,5538.9419,20,30,75.4751
.\test_images\emoji.png,universal,ring,single,0.1,additive,2000,1321.6124,20,20,46.2415
.\test_images\emoji.png,universal,ring,single,0.1,exclusive,2000,1214.1422,20,20,44.0387
.\test_images\emoji.png,universal,ring,single,0.1,additive,2000,901.3500,20,30,47.7464
.\test_images\emoji.png,universal,ring,single,0.5,additive,2000,1055.9307,20,10,41.1710
.\test_images\emoji.png,universal,ring,single,0.1,exclusive,2000,1403.0116,20,30,46.6700
.\test_images\emoji.png,universal,ring,single,0.5,additive,2000,724.8900,20,20,43.9160
.\test_images\emoji.png,universal,ring,single,0.5,exclusive,2000,1545.2770,20,10,39.1325
.\test_images\emoji.png,universal,ring,uniform,0.01,additive,2000,845.2866,20,10,39.2045
.\test_images\emoji.png,universal,ring,single,0.5,additive,2000,719.0260,20,30,48.7387
.\test_images\emoji.png,universal,ring,single,0.5,exclusive,2000,1458.9309,20,20,43.7763
.\test_images\emoji.png,universal,ring,uniform,0.01,exclusive,2000,1695.3751,20,10,38.7822
.\test_images\emoji.png,universal,ring,uniform,0.1,additive,2000,1239.3992,20,10,40.1644
.\test_images\emoji.png,universal,ring,uniform,0.01,additive,2000,903.1111,20,20,45.9458
.\test_images\emoji.png,universal,ring,uniform,0.01,additive,2000,1100.5909,20,30,45.7181
.\test_images\emoji.png,universal,ring,uniform,0.1,exclusive,2000,3370.3115,20,10,30.7422
.\test_images\emoji.png,universal,ring,uniform,0.01,exclusive,2000,1486.9192,20,20,43.0461
.\test_images\emoji.png,universal,ring,single,0.5,exclusive,2000,1307.9286,20,30,48.5700
.\test_images\emoji.png,universal,ring,uniform,0.1,additive,2000,1374.4537,20,20,41.9284
.\test_images\emoji.png,universal,ring,uniform,0.01,exclusive,2000,1489.0291,20,30,46.5335
.\test_images\emoji.png,universal,ring,uniform,0.1,exclusive,2000,3380.3401,20,20,40.1537
.\test_images\emoji.png,universal,ring,uniform,0.1,additive,2000,1040.1185,20,30,52.4751
.\test_images\emoji.png,universal,uniform,single,0.01,additive,2000,2571.6643,20,10,28.1903
.\test_images\emoji.png,universal,ring,uniform,0.5,additive,2000,2153.7983,20,10,39.3497
.\test_images\emoji.png,universal,ring,uniform,0.5,exclusive,2000,6899.1636,20,10,38.4585
.\test_images\emoji.png,universal,uniform,single,0.01,exclusive,2000,2662.5920,20,10,38.7547
.\test_images\emoji.png,universal,uniform,single,0.1,additive,2000,1534.1854,20,10,37.8436
.\test_images\emoji.png,universal,uniform,single,0.01,additive,2000,2036.0072,20,20,46.0110
.\test_images\emoji.png,universal,uniform,single,0.01,exclusive,2000,2355.7012,20,20,42.7724
.\test_images\emoji.png,universal,uniform,single,0.1,exclusive,2000,1670.8657,20,10,37.9052
.\test_images\emoji.png,universal,ring,uniform,0.5,additive,2000,2076.5791,20,20,56.1016
.\test_images\emoji.png,universal,ring,uniform,0.5,exclusive,2000,6841.9390,20,20,54.3810
.\test_images\emoji.png,universal,uniform,single,0.1,additive,2000,1242.7408,20,20,41.7226
.\test_images\emoji.png,universal,ring,uniform,0.1,exclusive,2000,3326.1919,20,30,59.6199
.\test_images\emoji.png,universal,uniform,single,0.5,additive,2000,1048.0048,20,10,37.4783
.\test_images\emoji.png,universal,uniform,single,0.1,exclusive,2000,1587.1267,20,20,41.6502
.\test_images\emoji.png,universal,uniform,single,0.01,additive,2000,2086.7461,20,30,48.8712
.\test_images\emoji.png,universal,uniform,single,0.01,exclusive,2000,2311.3040,20,30,53.5249
.\test_images\emoji.png,universal,uniform,single,0.1,additive,2000,1101.5807,20,30,53.5505
.\test_images\emoji.png,universal,uniform,single,0.1,exclusive,2000,1256.2810,20,30,56.9954
.\test_images\emoji.png,universal,uniform,single,0.5,exclusive,2000,1302.8063,20,10,39.2214
.\test_images\emoji.png,universal,ring,uniform,0.5,additive,2000,1919.5446,20,30,74.0695
.\test_images\emoji.png,universal,uniform,single,0.5,additive,2000,860.1870,20,20,48.8725
.\test_images\emoji.png,universal,ring,uniform,0.5,exclusive,2000,5690.7471,20,30,70.5593
.\test_images\emoji.png,universal,uniform,single,0.5,exclusive,2000,1481.2390,20,20,43.9912
.\test_images\emoji.png,universal,uniform,single,0.5,additive,2000,1000.9520,20,30,59.2657
.\test_images\emoji.png,universal,uniform,single,0.5,exclusive,2000,1251.7881,20,30,75.3092
.\test_images\emoji.png,universal,uniform,uniform,0.01,additive,2000,690.7469,20,10,65.7649
.\test_images\emoji.png,universal,uniform,uniform,0.1,exclusive,2000,3684.1750,20,10,59.1622
.\test_images\emoji.png,universal,uniform,uniform,0.1,additive,2000,1197.0459,20,10,61.4851
.\test_images\emoji.png,universal,uniform,uniform,0.01,exclusive,2000,1439.9437,20,10,64.7615
.\test_images\emoji.png,universal,uniform,uniform,0.01,additive,2000,994.8383,20,20,67.2472
.\test_images\emoji.png,universal,uniform,uniform,0.01,exclusive,2000,1650.1136,20,20,70.4237
.\test_images\emoji.png,boltzmann,one-point,single,0.01,additive,2000,2502.6660,20,10,51.0854
.\test_images\emoji.png,universal,uniform,uniform,0.5,additive,2000,2323.9021,20,10,58.4599
.\test_images\emoji.png,universal,uniform,uniform,0.1,additive,2000,1480.7596,20,20,69.8305
.\test_images\emoji.png,universal,uniform,uniform,0.5,exclusive,2000,5611.2637,20,10,53.5878
.\test_images\emoji.png,universal,uniform,uniform,0.1,exclusive,2000,3434.1277,20,20,69.1293
.\test_images\emoji.png,universal,uniform,uniform,0.01,additive,2000,626.2032,20,30,74.3674
.\test_images\emoji.png,universal,uniform,uniform,0.01,exclusive,2000,1543.8521,20,30,72.9754
.\test_images\emoji.png,boltzmann,one-point,single,0.01,additive,2000,2041.6740,20,30,38.3472
.\test_images\emoji.png,boltzmann,one-point,single,0.01,additive,2000,2037.8817,20,20,46.6433
.\test_images\emoji.png,universal,uniform,uniform,0.5,exclusive,2000,5967.1934,20,20,55.5836
.\test_images\emoji.png,universal,uniform,uniform,0.1,exclusive,2000,3161.4875,20,30,71.8282
.\test_images\emoji.png,universal,uniform,uniform,0.5,additive,2000,2055.0979,20,20,62.5202
.\test_images\emoji.png,universal,uniform,uniform,0.1,additive,2000,791.2834,20,30,75.0106
.\test_images\emoji.png,universal,uniform,uniform,0.5,additive,2000,2144.4656,20,30,63.1671
.\test_images\emoji.png,boltzmann,one-point,single,0.01,exclusive,2000,2542.5061,20,10,27.4482
.\test_images\emoji.png,universal,uniform,uniform,0.5,exclusive,2000,6250.8652,20,30,69.5543
.\test_images\emoji.png,boltzmann,one-point,single,0.1,additive,2000,1581.4447,20,10,30.1636
.\test_images\emoji.png,boltzmann,one-point,single,0.01,exclusive,2000,2127.3818,20,20,39.1045
.\test_images\emoji.png,boltzmann,one-point,single,0.1,additive,2000,1386.0112,20,20,70.6314
.\test_images\emoji.png,boltzmann,one-point,single,0.1,exclusive,2000,1688.6099,20,10,65.8095
.\test_images\emoji.png,boltzmann,one-point,single,0.01,exclusive,2000,1941.6133,20,30,73.9016
.\test_images\emoji.png,boltzmann,one-point,single,0.5,additive,2000,1047.2291,20,10,65.5884
.\test_images\emoji.png,boltzmann,one-point,single,0.5,exclusive,2000,1347.4281,20,10,66.6481
.\test_images\emoji.png,boltzmann,one-point,uniform,0.01,additive,2000,875.7329,20,10,66.2858
.\test_images\emoji.png,boltzmann,one-point,single,0.1,additive,2000,1244.5952,20,30,75.0865
.\test_images\emoji.png,boltzmann,one-point,single,0.1,exclusive,2000,1613.4114,20,20,69.6881
.\test_images\emoji.png,boltzmann,one-point,uniform,0.01,exclusive,2000,858.3448,20,10,65.6240
.\test_images\emoji.png,boltzmann,one-point,single,0.5,exclusive,2000,1098.9404,20,20,70.8706
.\test_images\emoji.png,boltzmann,one-point,single,0.5,additive,2000,687.7015,20,20,73.0093
.\test_images\emoji.png,boltzmann,one-point,single,0.1,exclusive,2000,1410.1433,20,30,74.4925
.\test_images\emoji.png,boltzmann,one-point,uniform,0.01,additive,2000,791.5015,20,20,98.9385
.\test_images\emoji.png,boltzmann,one-point,uniform,0.1,additive,2000,1334.2809,20,10,87.8905
.\test_images\emoji.png,boltzmann,one-point,uniform,0.01,exclusive,2000,652.0780,20,30,92.9314
.\test_images\emoji.png,boltzmann,one-point,single,0.5,additive,2000,943.3971,20,30,102.2971
.\test_images\emoji.png,boltzmann,one-point,uniform,0.01,exclusive,2000,977.8153,20,20,98.4726
.\test_images\emoji.png,boltzmann,one-point,uniform,0.1,additive,2000,1346.8385,20,20,87.0080
.\test_images\emoji.png,boltzmann,one-point,single,0.5,exclusive,2000,1067.1300,20,30,102.5329
.\test_images\emoji.png,boltzmann,one-point,uniform,0.1,additive,2000,1290.0800,20,30,82.3088
.\test_images\emoji.png,boltzmann,one-point,uniform,0.1,exclusive,2000,2104.5237,20,10,77.4598
.\test_images\emoji.png,boltzmann,one-point,uniform,0.01,additive,2000,930.9855,20,30,103.3976
.\test_images\emoji.png,boltzmann,one-point,uniform,0.1,exclusive,2000,1602.4020,20,20,162.4670
.\test_images\emoji.png,boltzmann,one-point,uniform,0.5,exclusive,2000,3290.7263,20,10,156.7865
.\test_images\emoji.png,boltzmann,ring,single,0.01,additive,2000,2378.1621,20,10,154.6517
.\test_images\emoji.png,boltzmann,ring,single,0.01,additive,2000,1888.4584,20,30,151.6780
.\test_images\emoji.png,boltzmann,ring,single,0.01,exclusive,2000,2445.9663,20,10,151.4934
.\test_images\emoji.png,boltzmann,one-point,uniform,0.1,exclusive,2000,1360.2286,20,30,162.2785
.\test_images\emoji.png,boltzmann,one-point,uniform,0.5,additive,2000,2308.2134,20,10,161.8387
.\test_images\emoji.png,boltzmann,one-point,uniform,0.5,additive,2000,2187.8484,20,20,160.1738
.\test_images\emoji.png,boltzmann,ring,single,0.01,additive,2000,2405.1318,20,20,153.8687
.\test_images\emoji.png,boltzmann,one-point,uniform,0.5,exclusive,2000,3100.2180,20,20,158.3076
.\test_images\emoji.png,boltzmann,one-point,uniform,0.5,additive,2000,1975.0288,20,30,165.6454
.\test_images\emoji.png,boltzmann,ring,single,0.1,exclusive,2000,1348.0532,20,30,129.3404
.\test_images\emoji.png,boltzmann,ring,single,0.1,additive,2000,1542.6571,20,10,130.5348
.\test_images\emoji.png,boltzmann,ring,single,0.5,additive,2000,1053.7727,20,20,126.5625
.\test_images\emoji.png,boltzmann,one-point,uniform,0.5,exclusive,2000,3233.6309,20,30,164.4413
.\test_images\emoji.png,boltzmann,ring,single,0.1,exclusive,2000,1564.4823,20,20,130.1186
.\test_images\emoji.png,boltzmann,ring,single,0.1,additive,2000,1343.1014,20,30,130.9706
.\test_images\emoji.png,boltzmann,ring,single,0.5,additive,2000,1195.7598,20,10,129.5362
.\test_images\emoji.png,boltzmann,ring,single,0.1,exclusive,2000,1638.6100,20,10,131.3277
.\test_images\emoji.png,boltzmann,ring,single,0.01,exclusive,2000,2405.5876,20,30,133.2597
.\test_images\emoji.png,boltzmann,ring,single,0.1,additive,2000,1457.1293,20,20,133.0355
.\test_images\emoji.png,boltzmann,ring,single,0.01,exclusive,2000,2435.3669,20,20,135.1890
.\test_images\emoji.png,boltzmann,ring,single,0.5,exclusive,2000,1380.9160,20,10,37.4359
.\test_images\emoji.png,boltzmann,ring,uniform,0.01,exclusive,2000,1276.2018,20,10,40.4393
.\test_images\emoji.png,boltzmann,ring,single,0.5,exclusive,2000,1324.9034,20,20,42.7185
.\test_images\emoji.png,boltzmann,ring,uniform,0.01,additive,2000,1234.6084,20,10,42.1957
.\test_images\emoji.png,boltzmann,ring,uniform,0.01,additive,2000,745.8726,20,20,45.2476
.\test_images\emoji.png,boltzmann,ring,uniform,0.1,additive,2000,1407.7885,20,10,39.2767
.\test_images\emoji.png,boltzmann,ring,uniform,0.1,exclusive,2000,2051.3276,20,10,39.4747
.\test_images\emoji.png,boltzmann,ring,single,0.5,exclusive,2000,1128.4321,20,30,48.6281
.\test_images\emoji.png,boltzmann,ring,single,0.5,additive,2000,633.9868,20,30,50.3325
.\test_images\emoji.png,boltzmann,ring,uniform,0.01,exclusive,2000,1018.0716,20,20,49.6585
.\test_images\emoji.png,boltzmann,ring,uniform,0.5,additive,2000,2095.3228,20,10,44.4109
.\test_images\emoji.png,boltzmann,ring,uniform,0.5,exclusive,2000,4520.1265,20,10,44.5808
.\test_images\emoji.png,boltzmann,ring,uniform,0.01,additive,2000,1000.2341,20,30,55.5383
.\test_images\emoji.png,boltzmann,ring,uniform,0.01,exclusive,2000,697.7624,20,30,57.6249
.\test_images\emoji.png,boltzmann,ring,uniform,0.1,additive,2000,1254.6936,20,20,53.1023
.\test_images\emoji.png,boltzmann,ring,uniform,0.1,exclusive,2000,1514.3448,20,20,54.4342
.\test_images\emoji.png,boltzmann,uniform,single,0.01,additive,2000,2617.2427,20,10,31.2645
.\test_images\emoji.png,boltzmann,ring,uniform,0.5,additive,2000,2093.8984,20,20,59.9433
.\test_images\emoji.png,boltzmann,ring,uniform,0.1,additive,2000,1062.7062,20,30,63.9654
.\test_images\emoji.png,boltzmann,ring,uniform,0.5,exclusive,2000,3073.3125,20,20,61.9873
.\test_images\emoji.png,boltzmann,uniform,single,0.01,exclusive,2000,2652.6155,20,10,34.8084
.\test_images\emoji.png,boltzmann,ring,uniform,0.1,exclusive,2000,1396.3538,20,30,69.5604
.\test_images\emoji.png,boltzmann,uniform,single,0.1,additive,2000,1596.5177,20,10,37.0736
.\test_images\emoji.png,boltzmann,uniform,single,0.01,additive,2000,2042.6096,20,20,44.2728
.\test_images\emoji.png,boltzmann,uniform,single,0.1,exclusive,2000,1738.9338,20,10,35.5294
.\test_images\emoji.png,boltzmann,uniform,single,0.01,exclusive,2000,2265.0435,20,20,43.8824
.\test_images\emoji.png,boltzmann,ring,uniform,0.5,additive,2000,2120.9216,20,30,90.6426
.\test_images\emoji.png,boltzmann,uniform,single,0.01,additive,2000,2170.7769,20,30,58.1082
.\test_images\emoji.png,boltzmann,ring,uniform,0.5,exclusive,2000,3103.9978,20,30,89.1024
.\test_images\emoji.png,boltzmann,uniform,single,0.1,additive,2000,1338.7321,20,20,52.5567
.\test_images\emoji.png,boltzmann,uniform,single,0.5,additive,2000,1100.5876,20,10,50.5043
.\test_images\emoji.png,boltzmann,uniform,single,0.1,exclusive,2000,1564.8848,20,20,61.1631
.\test_images\emoji.png,boltzmann,uniform,single,0.01,exclusive,2000,2327.7664,20,30,67.5051
.\test_images\emoji.png,boltzmann,uniform,single,0.5,exclusive,2000,1348.4215,20,10,52.0861
.\test_images\emoji.png,boltzmann,uniform,single,0.1,additive,2000,936.9930,20,30,66.3013
.\test_images\emoji.png,boltzmann,uniform,single,0.5,additive,2000,1028.5468,20,20,68.8257
.\test_images\emoji.png,boltzmann,uniform,single,0.1,exclusive,2000,1543.9406,20,30,73.5599
.\test_images\emoji.png,boltzmann,uniform,uniform,0.01,additive,2000,997.3639,20,10,58.6270
.\test_images\emoji.png,boltzmann,uniform,single,0.5,exclusive,2000,1189.8821,20,20,69.4291
.\test_images\emoji.png,boltzmann,uniform,single,0.5,additive,2000,1192.9431,20,30,78.3873
.\test_images\emoji.png,boltzmann,uniform,uniform,0.01,exclusive,2000,1137.7982,20,10,61.0859
.\test_images\emoji.png,boltzmann,uniform,single,0.5,exclusive,2000,1128.8727,20,30,70.7876
.\test_images\emoji.png,boltzmann,uniform,uniform,0.01,additive,2000,505.4320,20,20,76.3242
.\test_images\emoji.png,boltzmann,uniform,uniform,0.1,additive,2000,1509.1160,20,10,63.2171
.\test_images\emoji.png,boltzmann,uniform,uniform,0.01,exclusive,2000,920.7355,20,20,67.2074
.\test_images\emoji.png,boltzmann,uniform,uniform,0.01,additive,2000,983.8284,20,30,83.0547
.\test_images\emoji.png,boltzmann,uniform,uniform,0.1,exclusive,2000,1878.8982,20,10,61.3648
.\test_images\emoji.png,boltzmann,uniform,uniform,0.1,additive,2000,1164.2301,20,20,72.3772
.\test_images\emoji.png,boltzmann,uniform,uniform,0.01,exclusive,2000,754.9540,20,30,81.1416
.\test_images\emoji.png,boltzmann,uniform,uniform,0.5,additive,2000,2252.3521,20,10,60.8841
.\test_images\emoji.png,boltzmann,uniform,uniform,0.1,exclusive,2000,1541.3552,20,20,68.3301
.\test_images\emoji.png,boltzmann,uniform,uniform,0.5,exclusive,2000,4028.2705,20,10,56.0491
.\test_images\emoji.png,ranking,one-point,single,0.01,additive,2000,2493.8589,20,10,50.8209
.\test_images\emoji.png,boltzmann,uniform,uniform,0.1,additive,2000,1112.0021,20,30,80.2574
.\test_images\emoji.png,ranking,one-point,single,0.01,additive,2000,2025.3760,20,20,52.2781
.\test_images\emoji.png,boltzmann,uniform,uniform,0.5,additive,2000,2149.5564,20,20,68.7517
.\test_images\emoji.png,ranking,one-point,single,0.01,exclusive,2000,3118.5298,20,10,43.6329
.\test_images\emoji.png,boltzmann,uniform,uniform,0.1,exclusive,2000,1419.8733,20,30,83.5588
.\test_images\emoji.png,boltzmann,uniform,uniform,0.5,exclusive,2000,3265.2593,20,20,69.5829
.\test_images\emoji.png,ranking,one-point,single,0.01,additive,2000,2028.3402,20,30,49.0844
.\test_images\emoji.png,ranking,one-point,single,0.01,exclusive,2000,2327.6335,20,20,52.7884
.\test_images\emoji.png,ranking,one-point,single,0.1,additive,2000,1625.7638,20,10,44.5724
.\test_images\emoji.png,ranking,one-point,single,0.01,exclusive,2000,2217.1665,20,30,54.4128
.\test_images\emoji.png,boltzmann,uniform,uniform,0.5,additive,2000,2171.3254,20,30,81.3008
.\test_images\emoji.png,ranking,one-point,single,0.1,additive,2000,1433.5958,20,20,47.3076
.\test_images\emoji.png,ranking,one-point,single,0.1,exclusive,2000,1888.7386,20,10,39.4362
.\test_images\emoji.png,ranking,one-point,single,0.1,additive,2000,1222.7092,20,30,49.2607
.\test_images\emoji.png,ranking,one-point,single,0.1,exclusive,2000,1362.2777,20,20,43.6273
.\test_images\emoji.png,boltzmann,uniform,uniform,0.5,exclusive,2000,3002.5955,20,30,78.4255
.\test_images\emoji.png,ranking,one-point,single,0.5,additive,2000,1281.0444,20,10,39.5691
.\test_images\emoji.png,ranking,one-point,single,0.5,exclusive,2000,1331.2120,20,10,36.8481
.\test_images\emoji.png,ranking,one-point,single,0.1,exclusive,2000,1379.1393,20,30,51.7535
.\test_images\emoji.png,ranking,one-point,single,0.5,additive,2000,980.8051,20,20,48.1874
.\test_images\emoji.png,ranking,one-point,uniform,0.01,additive,2000,821.5182,20,10,36.9244
.\test_images\emoji.png,ranking,one-point,single,0.5,additive,2000,915.0955,20,30,52.9344
.\test_images\emoji.png,ranking,one-point,uniform,0.01,exclusive,2000,1439.6044,20,10,38.4318
.\test_images\emoji.png,ranking,one-point,single,0.5,exclusive,2000,1221.7607,20,20,43.5118
.\test_images\emoji.png,ranking,one-point,uniform,0.01,additive,2000,642.8075,20,20,48.1684
.\test_images\emoji.png,ranking,one-point,uniform,0.1,additive,2000,1277.2728,20,10,39.2036
.\test_images\emoji.png,ranking,one-point,uniform,0.01,exclusive,2000,801.3879,20,20,46.7616
.\test_images\emoji.png,ranking,one-point,single,0.5,exclusive,2000,1000.3889,20,30,53.2850
.\test_images\emoji.png,ranking,one-point,uniform,0.1,exclusive,2000,4040.1152,20,10,41.1584
.\test_images\emoji.png,ranking,one-point,uniform,0.1,additive,2000,1200.4388,20,20,52.8108
.\test_images\emoji.png,ranking,one-point,uniform,0.5,additive,2000,2287.4790,20,10,44.8093
.\test_images\emoji.png,ranking,one-point,uniform,0.01,additive,2000,929.2430,20,30,63.2514
.\test_images\emoji.png,ranking,one-point,uniform,0.01,exclusive,2000,1096.7053,20,30,59.8835
.\test_images\emoji.png,ranking,ring,single,0.01,additive,2000,2407.4065,20,10,31.4235
.\test_images\emoji.png,ranking,one-point,uniform,0.5,exclusive,2000,6607.7896,20,10,40.7181
.\test_images\emoji.png,ranking,one-point,uniform,0.1,exclusive,2000,3053.2444,20,20,53.6518
.\test_images\emoji.png,ranking,ring,single,0.01,exclusive,2000,3838.2566,20,10,30.4574
.\test_images\emoji.png,ranking,ring,single,0.01,additive,2000,2187.8284,20,20,43.2980
.\test_images\emoji.png,ranking,ring,single,0.01,exclusive,2000,2293.0598,20,20,42.5273
.\test_images\emoji.png,ranking,one-point,uniform,0.1,additive,2000,1229.9573,20,30,73.3057
.\test_images\emoji.png,ranking,ring,single,0.01,additive,2000,1906.9442,20,30,46.3443
.\test_images\emoji.png,ranking,ring,single,0.1,additive,2000,1553.7430,20,10,36.5785
.\test_images\emoji.png,ranking,one-point,uniform,0.5,additive,2000,2185.9648,20,20,64.0376
.\test_images\emoji.png,ranking,one-point,uniform,0.1,exclusive,2000,2677.2539,20,30,71.2484
.\test_images\emoji.png,ranking,one-point,uniform,0.5,exclusive,2000,5651.1758,20,20,64.1842
.\test_images\emoji.png,ranking,ring,single,0.1,exclusive,2000,2125.0547,20,10,34.7442
.\test_images\emoji.png,ranking,ring,single,0.1,additive,2000,999.3045,20,20,42.1764
.\test_images\emoji.png,ranking,ring,single,0.01,exclusive,2000,2641.0720,20,30,46.6630
.\test_images\emoji.png,ranking,ring,single,0.1,additive,2000,1222.0760,20,30,49.3587
.\test_images\emoji.png,ranking,ring,single,0.5,additive,2000,1073.5862,20,10,37.1624
.\test_images\emoji.png,ranking,ring,single,0.5,additive,2000,732.2433,20,20,37.0744
.\test_images\emoji.png,ranking,ring,single,0.1,exclusive,2000,1318.0531,20,20,37.8928
.\test_images\emoji.png,ranking,ring,uniform,0.01,additive,2000,802.1949,20,10,20.8912
.\test_images\emoji.png,ranking,one-point,uniform,0.5,exclusive,2000,4544.5239,20,30,71.4783
.\test_images\emoji.png,ranking,one-point,uniform,0.5,additive,2000,2015.3521,20,30,80.2084
.\test_images\emoji.png,ranking,ring,single,0.5,exclusive,2000,1364.3922,20,10,38.6686
.\test_images\emoji.png,ranking,ring,single,0.1,exclusive,2000,1250.2103,20,30,42.3554
.\test_images\emoji.png,ranking,ring,single,0.5,exclusive,2000,854.1703,20,20,39.4745
.\test_images\emoji.png,ranking,ring,single,0.5,additive,2000,766.0905,20,30,47.6823
.\test_images\emoji.png,ranking,ring,single,0.5,exclusive,2000,1090.9857,20,30,47.4936
.\test_images\emoji.png,ranking,ring,uniform,0.01,exclusive,2000,1628.7917,20,10,34.3998
.\test_images\emoji.png,ranking,ring,uniform,0.01,additive,1467,499.5224,20,30,39.6111
.\test_images\emoji.png,ranking,ring,uniform,0.01,additive,2000,834.2561,20,20,43.8447
.\test_images\emoji.png,ranking,ring,uniform,0.1,additive,2000,1307.6581,20,10,38.2690
.\test_images\emoji.png,ranking,ring,uniform,0.1,exclusive,2000,3322.5974,20,10,42.4074
.\test_images\emoji.png,ranking,ring,uniform,0.01,exclusive,2000,1258.1455,20,20,49.2367
.\test_images\emoji.png,ranking,uniform,single,0.01,additive,2000,2607.8264,20,10,39.1200
.\test_images\emoji.png,ranking,ring,uniform,0.1,additive,2000,989.0710,20,20,54.0088
.\test_images\emoji.png,ranking,ring,uniform,0.5,additive,2000,2092.5662,20,10,45.5597
.\test_images\emoji.png,ranking,uniform,single,0.01,exclusive,2000,4017.9915,20,10,34.3372
.\test_images\emoji.png,ranking,ring,uniform,0.01,exclusive,2000,1191.9344,20,30,60.4850
.\test_images\emoji.png,ranking,ring,uniform,0.5,exclusive,2000,5973.1807,20,10,45.6966
.\test_images\emoji.png,ranking,ring,uniform,0.1,exclusive,2000,3093.2288,20,20,52.4456
.\test_images\emoji.png,ranking,uniform,single,0.01,additive,2000,2102.4868,20,20,44.4408
.\test_images\emoji.png,ranking,uniform,single,0.01,additive,2000,2186.8118,20,30,57.5766
.\test_images\emoji.png,ranking,ring,uniform,0.1,additive,2000,1369.8146,20,30,76.3470
.\test_images\emoji.png,ranking,uniform,single,0.1,additive,2000,1508.3826,20,10,41.7593
.\test_images\emoji.png,ranking,uniform,single,0.01,exclusive,2000,2574.0640,20,20,50.1285
.\test_images\emoji.png,ranking,ring,uniform,0.5,exclusive,2000,5655.1411,20,20,66.7055
.\test_images\emoji.png,ranking,ring,uniform,0.5,additive,2000,2090.3965,20,20,68.8131
.\test_images\emoji.png,ranking,ring,uniform,0.1,exclusive,2000,2820.3882,20,30,72.7485
.\test_images\emoji.png,ranking,uniform,single,0.01,exclusive,2000,2311.2097,20,30,53.2183
.\test_images\emoji.png,ranking,uniform,single,0.1,exclusive,2000,2088.1665,20,10,52.7249
.\test_images\emoji.png,ranking,uniform,single,0.1,additive,2000,1360.6473,20,20,60.5053
.\test_images\emoji.png,ranking,uniform,single,0.5,additive,2000,1259.3369,20,10,48.4325
.\test_images\emoji.png,ranking,uniform,single,0.5,exclusive,2000,1324.8187,20,10,44.5058
.\test_images\emoji.png,ranking,uniform,single,0.1,exclusive,2000,1454.2927,20,20,57.0531
.\test_images\emoji.png,ranking,ring,uniform,0.5,exclusive,2000,5200.2764,20,30,89.3455
.\test_images\emoji.png,ranking,ring,uniform,0.5,additive,2000,2112.2917,20,30,90.9665
.\test_images\emoji.png,ranking,uniform,single,0.1,additive,2000,1230.8239,20,30,65.0329
.\test_images\emoji.png,ranking,uniform,uniform,0.01,additive,2000,673.8511,20,10,42.4766
.\test_images\emoji.png,ranking,uniform,single,0.5,additive,2000,774.6423,20,20,48.3889
.\test_images\emoji.png,ranking,uniform,single,0.1,exclusive,2000,1382.1505,20,30,52.7431
.\test_images\emoji.png,ranking,uniform,single,0.5,exclusive,2000,929.7457,20,20,62.2794
.\test_images\emoji.png,ranking,uniform,uniform,0.01,exclusive,2000,1333.3621,20,10,47.3799
.\test_images\emoji.png,ranking,uniform,single,0.5,exclusive,2000,1322.0768,20,30,66.6873
.\test_images\emoji.png,ranking,uniform,uniform,0.01,additive,2000,945.7672,20,20,49.6799
.\test_images\emoji.png,ranking,uniform,single,0.5,additive,2000,612.2170,20,30,68.0230
.\test_images\emoji.png,ranking,uniform,uniform,0.1,additive,2000,1516.2617,20,10,56.3628
.\test_images\emoji.png,ranking,uniform,uniform,0.01,exclusive,2000,1029.9318,20,20,64.7154
.\test_images\emoji.png,ranking,uniform,uniform,0.01,additive,2000,939.1982,20,30,73.4318
.\test_images\emoji.png,ranking,uniform,uniform,0.1,additive,2000,1370.0374,20,20,66.9197
.\test_images\emoji.png,ranking,uniform,uniform,0.01,exclusive,2000,1145.5442,20,30,71.7906
.\test_images\emoji.png,ranking,uniform,uniform,0.1,exclusive,2000,3976.7036,20,10,54.3204
.\test_images\emoji.png,tournament-deterministic,one-point,single,0.01,additive,2000,2281.7891,20,20,46.9822
.\test_images\emoji.png,ranking,uniform,uniform,0.1,additive,2000,1243.6631,20,30,68.5049
.\test_images\emoji.png,tournament-deterministic,one-point,single,0.01,additive,2000,2659.2620,20,10,47.2253
.\test_images\emoji.png,ranking,uniform,uniform,0.5,exclusive,2000,5867.0635,20,10,51.3197
.\test_images\emoji.png,ranking,uniform,uniform,0.5,additive,2000,2293.7236,20,10,52.3077
.\test_images\emoji.png,ranking,uniform,uniform,0.5,additive,2000,2161.3899,20,20,68.0093
.\test_images\emoji.png,ranking,uniform,uniform,0.1,exclusive,2000,2969.2793,20,20,72.7567
.\test_images\emoji.png,tournament-deterministic,one-point,single,0.1,additive,2000,1540.5100,20,10,45.7688
.\test_images\emoji.png,tournament-deterministic,one-point,single,0.01,exclusive,2000,2775.4255,20,10,46.3525
.\test_images\emoji.png,tournament-deterministic,one-point,single,0.01,exclusive,2000,2175.3408,20,30,46.5301
.\test_images\emoji.png,tournament-deterministic,one-point,single,0.01,additive,2000,1851.6425,20,30,51.2067
.\test_images\emoji.png,tournament-deterministic,one-point,single,0.01,exclusive,2000,2507.7808,20,20,46.9459
.\test_images\emoji.png,ranking,uniform,uniform,0.5,exclusive,2000,5455.7402,20,20,68.9418
.\test_images\emoji.png,ranking,uniform,uniform,0.1,exclusive,2000,2807.1223,20,30,70.4508
.\test_images\emoji.png,ranking,uniform,uniform,0.5,additive,2000,2063.9651,20,30,71.9016
.\test_images\emoji.png,ranking,uniform,uniform,0.5,exclusive,2000,7262.8618,20,30,72.6336
.\test_images\emoji.png,tournament-deterministic,one-point,single,0.1,additive,2000,1234.5432,20,20,40.0805
.\test_images\emoji.png,tournament-deterministic,one-point,single,0.1,additive,2000,1279.3539,20,30,45.2013
.\test_images\emoji.png,tournament-deterministic,one-point,single,0.5,additive,2000,927.9954,20,20,41.0906
.\test_images\emoji.png,tournament-deterministic,one-point,single,0.5,exclusive,2000,809.3789,20,20,39.2072
.\test_images\emoji.png,tournament-deterministic,one-point,single,0.5,additive,2000,939.4222,20,10,41.3387
.\test_images\emoji.png,tournament-deterministic,one-point,single,0.5,exclusive,2000,1142.7418,20,10,41.0057
.\test_images\emoji.png,tournament-deterministic,one-point,single,0.1,exclusive,2000,1588.4496,20,10,44.1197
.\test_images\emoji.png,tournament-deterministic,one-point,single,0.1,exclusive,2000,1187.3901,20,20,43.2630
.\test_images\emoji.png,tournament-deterministic,one-point,single,0.1,exclusive,2000,1094.2808,20,30,42.8200
.\test_images\emoji.png,tournament-deterministic,one-point,single,0.5,additive,2000,824.8730,20,30,45.9264
.\test_images\emoji.png,tournament-deterministic,one-point,single,0.5,exclusive,2000,711.7462,20,30,47.3335
.\test_images\emoji.png,tournament-deterministic,one-point,uniform,0.01,additive,2000,754.7748,20,10,36.7825
.\test_images\emoji.png,tournament-deterministic,one-point,uniform,0.01,exclusive,2000,782.4437,20,10,44.5453
.\test_images\emoji.png,tournament-deterministic,one-point,uniform,0.1,additive,2000,1386.8599,20,10,45.1940
.\test_images\emoji.png,tournament-deterministic,one-point,uniform,0.1,exclusive,2000,2610.1509,20,10,43.9002
.\test_images\emoji.png,tournament-deterministic,one-point,uniform,0.01,additive,2000,692.6599,20,20,48.5149
.\test_images\emoji.png,tournament-deterministic,one-point,uniform,0.01,exclusive,2000,714.8605,20,20,49.6473
.\test_images\emoji.png,tournament-deterministic,one-point,uniform,0.1,additive,2000,989.6520,20,20,50.0179
.\test_images\emoji.png,tournament-deterministic,ring,single,0.01,additive,2000,2416.7964,20,10,40.7566
.\test_images\emoji.png,tournament-deterministic,one-point,uniform,0.1,exclusive,2000,2514.9675,20,20,60.1910
.\test_images\emoji.png,tournament-deterministic,one-point,uniform,0.01,additive,2000,942.5259,20,30,67.0697
.\test_images\emoji.png,tournament-deterministic,one-point,uniform,0.01,exclusive,2000,871.2394,20,30,67.1619
.\test_images\emoji.png,tournament-deterministic,one-point,uniform,0.5,additive,2000,2194.0112,20,10,49.9103
.\test_images\emoji.png,tournament-deterministic,ring,single,0.01,additive,2000,2202.0496,20,20,44.6702
.\test_images\emoji.png,tournament-deterministic,ring,single,0.01,exclusive,2000,2529.3530,20,10,37.9306
.\test_images\emoji.png,tournament-deterministic,one-point,uniform,0.1,exclusive,2000,2297.6589,20,30,63.1922
.\test_images\emoji.png,tournament-deterministic,one-point,uniform,0.5,exclusive,2000,4331.2773,20,10,47.4683
.\test_images\emoji.png,tournament-deterministic,one-point,uniform,0.1,additive,2000,1418.4254,20,30,68.9293
.\test_images\emoji.png,tournament-deterministic,ring,single,0.01,additive,2000,1839.1488,20,30,43.2942
.\test_images\emoji.png,tournament-deterministic,ring,single,0.01,exclusive,2000,2263.6880,20,20,38.6398
.\test_images\emoji.png,tournament-deterministic,ring,single,0.1,additive,2000,1006.1336,20,30,33.0119
.\test_images\emoji.png,tournament-deterministic,ring,single,0.1,additive,2000,1509.1523,20,10,35.7304
.\test_images\emoji.png,tournament-deterministic,one-point,uniform,0.5,additive,2000,2050.4395,20,20,60.4671
.\test_images\emoji.png,tournament-deterministic,ring,single,0.01,exclusive,2000,1856.2751,20,30,38.7429
.\test_images\emoji.png,tournament-deterministic,ring,single,0.1,additive,2000,1284.4420,20,20,35.9463
.\test_images\emoji.png,tournament-deterministic,one-point,uniform,0.5,exclusive,2000,4807.2925,20,20,61.2074
.\test_images\emoji.png,tournament-deterministic,ring,single,0.1,exclusive,2000,1518.9708,20,10,33.4704
.\test_images\emoji.png,tournament-deterministic,ring,single,0.1,exclusive,2000,1337.0133,20,20,32.7773
.\test_images\emoji.png,tournament-deterministic,one-point,uniform,0.5,exclusive,2000,4215.6338,20,30,61.9757
.\test_images\emoji.png,tournament-deterministic,one-point,uniform,0.5,additive,2000,2008.0592,20,30,64.5880
.\test_images\emoji.png,tournament-deterministic,ring,single,0.5,additive,2000,946.7827,20,10,32.1974
.\test_images\emoji.png,tournament-deterministic,ring,single,0.5,exclusive,2000,895.4640,20,10,37.7732
.\test_images\emoji.png,tournament-deterministic,ring,uniform,0.01,additive,2000,787.4626,20,10,49.3173
.\test_images\emoji.png,tournament-deterministic,ring,single,0.5,additive,2000,942.7917,20,20,52.4382
.\test_images\emoji.png,tournament-deterministic,ring,uniform,0.01,exclusive,2000,947.2430,20,10,49.1083
.\test_images\emoji.png,tournament-deterministic,ring,single,0.1,exclusive,2000,789.7733,20,30,57.1244
.\test_images\emoji.png,tournament-deterministic,ring,single,0.5,exclusive,2000,941.7286,20,20,56.5904
.\test_images\emoji.png,tournament-deterministic,ring,single,0.5,exclusive,2000,734.2152,20,30,63.1255
.\test_images\emoji.png,tournament-deterministic,ring,uniform,0.01,additive,2000,945.3394,20,20,62.2806
.\test_images\emoji.png,tournament-deterministic,ring,single,0.5,additive,2000,735.1744,20,30,64.7239
.\test_images\emoji.png,tournament-deterministic,ring,uniform,0.1,additive,2000,1428.8529,20,10,51.2553
.\test_images\emoji.png,tournament-deterministic,ring,uniform,0.01,exclusive,2000,961.0792,20,20,57.5499
.\test_images\emoji.png,tournament-deterministic,ring,uniform,0.1,exclusive,2000,2876.9958,20,10,50.7128
.\test_images\emoji.png,tournament-deterministic,ring,uniform,0.5,additive,2000,2334.2000,20,10,50.5046
.\test_images\emoji.png,tournament-deterministic,ring,uniform,0.1,additive,2000,1109.6442,20,20,52.0192
.\test_images\emoji.png,tournament-deterministic,ring,uniform,0.01,additive,2000,611.6306,20,30,64.8549
.\test_images\emoji.png,tournament-deterministic,ring,uniform,0.01,exclusive,2000,780.3909,20,30,54.1048
.\test_images\emoji.png,tournament-deterministic,ring,uniform,0.1,exclusive,2000,2519.7456,20,20,62.6441
.\test_images\emoji.png,tournament-deterministic,ring,uniform,0.5,exclusive,2000,4932.9438,20,10,49.0534
.\test_images\emoji.png,tournament-deterministic,ring,uniform,0.1,exclusive,2000,2262.1909,20,30,69.5918
.\test_images\emoji.png,tournament-deterministic,ring,uniform,0.1,additive,2000,1016.4694,20,30,73.8430
.\test_images\emoji.png,tournament-deterministic,ring,uniform,0.5,additive,2000,2096.3396,20,20,73.6340
.\test_images\emoji.png,tournament-deterministic,ring,uniform,0.5,exclusive,2000,5001.8398,20,20,91.6950
.\test_images\emoji.png,tournament-deterministic,uniform,single,0.01,additive,2000,2574.8347,20,10,82.1659
.\test_images\emoji.png,tournament-deterministic,ring,uniform,0.5,additive,2000,2123.0422,20,30,114.7151
.\test_images\emoji.png,tournament-deterministic,uniform,single,0.01,additive,2000,2110.1135,20,20,82.9721
.\test_images\emoji.png,tournament-deterministic,uniform,single,0.01,exclusive,2000,2530.9290,20,10,78.3604
.\test_images\emoji.png,tournament-deterministic,uniform,single,0.01,additive,2000,2178.8357,20,30,85.1890
.\test_images\emoji.png,tournament-deterministic,uniform,single,0.1,additive,2000,1671.1875,20,10,73.4987
.\test_images\emoji.png,tournament-deterministic,uniform,single,0.01,exclusive,2000,2082.6104,20,30,77.1378
.\test_images\emoji.png,tournament-deterministic,uniform,single,0.5,additive,2000,965.3043,20,10,75.3456
.\test_images\emoji.png,tournament-deterministic,uniform,single,0.1,exclusive,2000,1687.3345,20,10,77.6138
.\test_images\emoji.png,tournament-deterministic,uniform,single,0.1,additive,2000,1269.9771,20,20,80.4558
.\test_images\emoji.png,tournament-deterministic,uniform,single,0.5,additive,2000,760.1724,20,20,78.4955
.\test_images\emoji.png,tournament-deterministic,uniform,single,0.01,exclusive,2000,2615.1689,20,20,81.9910
.\test_images\emoji.png,tournament-deterministic,uniform,single,0.1,additive,2000,1090.5203,20,30,81.2628
.\test_images\emoji.png,tournament-deterministic,uniform,single,0.5,exclusive,2000,1080.8820,20,10,67.6880
.\test_images\emoji.png,tournament-deterministic,ring,uniform,0.5,exclusive,2000,4048.1589,20,30,95.5596
.\test_images\emoji.png,tournament-deterministic,uniform,single,0.1,exclusive,2000,1541.5613,20,20,79.5850
.\test_images\emoji.png,tournament-deterministic,uniform,single,0.1,exclusive,2000,1377.2649,20,30,79.7803
.\test_images\emoji.png,tournament-deterministic,uniform,uniform,0.01,additive,2000,667.7640,20,10,63.0933
.\test_images\emoji.png,tournament-deterministic,uniform,single,0.5,exclusive,2000,1121.0983,20,20,68.7882
.\test_images\emoji.png,tournament-deterministic,uniform,single,0.5,additive,2000,694.4225,20,30,78.6488
.\test_images\emoji.png,tournament-deterministic,uniform,single,0.5,exclusive,2000,1048.5270,20,30,69.3352
.\test_images\emoji.png,tournament-deterministic,uniform,uniform,0.01,additive,2000,879.7429,20,20,31.5886
.\test_images\emoji.png,tournament-deterministic,uniform,uniform,0.01,exclusive,2000,1111.1846,20,10,34.0578
.\test_images\emoji.png,tournament-deterministic,uniform,uniform,0.1,additive,2000,1426.1295,20,10,38.0324
.\test_images\emoji.png,tournament-deterministic,uniform,uniform,0.01,exclusive,2000,621.9560,20,20,41.2746
.\test_images\emoji.png,tournament-probabilistic,one-point,single,0.01,additive,2000,2658.9153,20,10,44.6543
.\test_images\emoji.png,tournament-deterministic,uniform,uniform,0.1,exclusive,2000,2654.7505,20,10,50.1901
.\test_images\emoji.png,tournament-probabilistic,one-point,single,0.01,exclusive,2000,4279.4209,20,10,40.2184
.\test_images\emoji.png,tournament-deterministic,uniform,uniform,0.5,exclusive,2000,5247.9512,20,10,51.0909
.\test_images\emoji.png,tournament-deterministic,uniform,uniform,0.5,additive,2000,2199.1140,20,10,51.5524
.\test_images\emoji.png,tournament-deterministic,uniform,uniform,0.1,additive,2000,1289.8000,20,20,59.5972
.\test_images\emoji.png,tournament-deterministic,uniform,uniform,0.01,additive,2000,618.3064,20,30,63.9967
.\test_images\emoji.png,tournament-probabilistic,one-point,single,0.01,additive,2000,2095.9341,20,20,47.0047
.\test_images\emoji.png,tournament-deterministic,uniform,uniform,0.01,exclusive,2000,968.6696,20,30,65.1968
.\test_images\emoji.png,tournament-deterministic,uniform,uniform,0.1,exclusive,2000,2447.9778,20,20,59.0095
.\test_images\emoji.png,tournament-probabilistic,one-point,single,0.01,exclusive,2000,2912.4548,20,20,43.9592
.\test_images\emoji.png,tournament-probabilistic,one-point,single,0.1,additive,2000,1536.6650,20,10,35.5831
.\test_images\emoji.png,tournament-deterministic,uniform,uniform,0.5,additive,2000,2142.8284,20,20,57.6003
.\test_images\emoji.png,tournament-deterministic,uniform,uniform,0.5,exclusive,2000,4938.9873,20,20,57.9600
.\test_images\emoji.png,tournament-deterministic,uniform,uniform,0.1,exclusive,2000,2403.0923,20,30,58.9377
.\test_images\emoji.png,tournament-probabilistic,one-point,single,0.1,additive,2000,1333.1660,20,20,28.3793
.\test_images\emoji.png,tournament-probabilistic,one-point,single,0.01,exclusive,2000,2776.0642,20,30,44.5769
.\test_images\emoji.png,tournament-probabilistic,one-point,single,0.01,additive,2000,1943.3119,20,30,53.1649
.\test_images\emoji.png,tournament-deterministic,uniform,uniform,0.1,additive,2000,934.5411,20,30,66.2278
.\test_images\emoji.png,tournament-probabilistic,one-point,single,0.1,additive,2000,1229.5250,20,30,34.3461
.\test_images\emoji.png,tournament-deterministic,uniform,uniform,0.5,exclusive,2000,4678.8276,20,30,74.3804
.\test_images\emoji.png,tournament-deterministic,uniform,uniform,0.5,additive,2000,2039.8328,20,30,74.6497
.\test_images\emoji.png,tournament-probabilistic,one-point,single,0.1,exclusive,2000,2427.1787,20,10,29.3009
.\test_images\emoji.png,tournament-probabilistic,one-point,single,0.1,exclusive,2000,1754.1094,20,20,30.1952
.\test_images\emoji.png,tournament-probabilistic,one-point,single,0.5,additive,2000,876.0479,20,10,31.3621
.\test_images\emoji.png,tournament-probabilistic,one-point,single,0.5,exclusive,2000,1570.6195,20,10,31.5732
.\test_images\emoji.png,tournament-probabilistic,one-point,single,0.5,additive,2000,855.0330,20,20,57.0075
.\test_images\emoji.png,tournament-probabilistic,one-point,uniform,0.01,exclusive,2000,2157.2373,20,10,50.8385
.\test_images\emoji.png,tournament-probabilistic,one-point,uniform,0.01,additive,2000,732.0773,20,10,52.3426
.\test_images\emoji.png,tournament-probabilistic,one-point,uniform,0.1,additive,2000,1337.2400,20,10,51.5577
.\test_images\emoji.png,tournament-probabilistic,one-point,single,0.5,exclusive,2000,1245.7301,20,20,56.1682
.\test_images\emoji.png,tournament-probabilistic,one-point,single,0.1,exclusive,2000,1776.0602,20,30,61.8734
.\test_images\emoji.png,tournament-probabilistic,one-point,uniform,0.1,exclusive,2000,5599.3457,20,10,51.8478
.\test_images\emoji.png,tournament-probabilistic,one-point,single,0.5,additive,2000,747.4775,20,30,63.2080
.\test_images\emoji.png,tournament-probabilistic,one-point,uniform,0.01,additive,2000,939.6337,20,20,84.9644
.\test_images\emoji.png,tournament-probabilistic,one-point,uniform,0.01,exclusive,2000,1687.8423,20,20,84.1504
.\test_images\emoji.png,tournament-probabilistic,one-point,uniform,0.01,exclusive,2000,1324.3427,20,30,85.0990
.\test_images\emoji.png,tournament-probabilistic,one-point,single,0.5,exclusive,2000,1479.7252,20,30,89.1640
.\test_images\emoji.png,tournament-probabilistic,one-point,uniform,0.1,additive,2000,1262.6675,20,20,83.7578
.\test_images\emoji.png,tournament-probabilistic,one-point,uniform,0.1,additive,2000,794.1082,20,30,82.5212
.\test_images\emoji.png,tournament-probabilistic,one-point,uniform,0.01,additive,2000,864.9545,20,30,86.5303
.\test_images\emoji.png,tournament-probabilistic,one-point,uniform,0.5,additive,2000,2225.4514,20,10,69.1626
.\test_images\emoji.png,tournament-probabilistic,one-point,uniform,0.5,exclusive,2000,5480.1167,20,10,61.1795
.\test_images\emoji.png,tournament-probabilistic,one-point,uniform,0.1,exclusive,2000,3767.9766,20,20,79.9682
.\test_images\emoji.png,tournament-probabilistic,one-point,uniform,0.5,additive,2000,2103.9358,20,20,69.9185
.\test_images\emoji.png,tournament-probabilistic,one-point,uniform,0.1,exclusive,2000,3515.1462,20,30,80.7405
.\test_images\emoji.png,tournament-probabilistic,one-point,uniform,0.5,exclusive,2000,7034.1909,20,20,72.9522
.\test_images\emoji.png,tournament-probabilistic,ring,single,0.01,additive,2000,2439.1658,20,10,93.3094
.\test_images\emoji.png,tournament-probabilistic,ring,single,0.01,additive,2000,1944.0515,20,30,95.8721
.\test_images\emoji.png,tournament-probabilistic,ring,single,0.01,exclusive,2000,4190.0879,20,10,95.6185
.\test_images\emoji.png,tournament-probabilistic,ring,single,0.1,additive,2000,1428.0615,20,10,91.9771
.\test_images\emoji.png,tournament-probabilistic,ring,single,0.01,additive,2000,2101.9094,20,20,97.1444
.\test_images\emoji.png,tournament-probabilistic,ring,single,0.01,exclusive,2000,2773.9460,20,20,93.3131
.\test_images\emoji.png,tournament-probabilistic,one-point,uniform,0.5,additive,2000,2138.6299,20,30,129.2168
.\test_images\emoji.png,tournament-probabilistic,ring,single,0.01,exclusive,2000,2507.2773,20,30,93.0186
.\test_images\emoji.png,tournament-probabilistic,one-point,uniform,0.5,exclusive,2000,6058.8105,20,30,98.8134
.\test_images\emoji.png,tournament-probabilistic,ring,single,0.5,exclusive,2000,1606.6332,20,10,67.8748
.\test_images\emoji.png,tournament-probabilistic,ring,single,0.1,exclusive,2000,3104.6433,20,10,72.7374
.\test_images\emoji.png,tournament-probabilistic,ring,single,0.1,additive,2000,1342.3021,20,20,74.2196
.\test_images\emoji.png,tournament-probabilistic,ring,single,0.5,additive,2000,928.5856,20,10,72.4561
.\test_images\emoji.png,tournament-probabilistic,ring,single,0.1,additive,2000,945.9031,20,30,75.2322
.\test_images\emoji.png,tournament-probabilistic,ring,single,0.1,exclusive,2000,1738.1327,20,20,74.7395
.\test_images\emoji.png,tournament-probabilistic,ring,single,0.5,exclusive,2000,1576.4592,20,20,74.6175
.\test_images\emoji.png,tournament-probabilistic,ring,single,0.5,exclusive,2000,1287.8315,20,30,73.8178
.\test_images\emoji.png,tournament-probabilistic,ring,single,0.1,exclusive,2000,1471.3251,20,30,75.4777
.\test_images\emoji.png,tournament-probabilistic,ring,single,0.5,additive,2000,1006.5256,20,20,75.3360
.\test_images\emoji.png,tournament-probabilistic,ring,single,0.5,additive,2000,928.5607,20,30,75.0977
.\test_images\emoji.png,tournament-probabilistic,ring,uniform,0.01,additive,2000,836.7436,20,20,63.2675
.\test_images\emoji.png,tournament-probabilistic,ring,uniform,0.01,additive,2000,754.6836,20,10,64.6872
.\test_images\emoji.png,tournament-probabilistic,ring,uniform,0.01,exclusive,2000,2042.5116,20,10,24.1545
.\test_images\emoji.png,tournament-probabilistic,ring,uniform,0.1,additive,2000,1470.7516,20,10,46.0047
.\test_images\emoji.png,tournament-probabilistic,ring,uniform,0.1,exclusive,2000,4003.8984,20,10,46.1051
.\test_images\emoji.png,tournament-probabilistic,ring,uniform,0.01,exclusive,2000,1902.7242,20,20,67.7679
.\test_images\emoji.png,tournament-probabilistic,ring,uniform,0.01,additive,2000,631.0583,20,30,71.6881
.\test_images\emoji.png,tournament-probabilistic,uniform,single,0.01,additive,2000,2488.5024,20,10,55.6872
.\test_images\emoji.png,tournament-probabilistic,ring,uniform,0.1,additive,2000,1116.9839,20,20,68.5090
.\test_images\emoji.png,tournament-probabilistic,uniform,single,0.01,exclusive,2000,3534.0554,20,10,55.7909
.\test_images\emoji.png,tournament-probabilistic,ring,uniform,0.1,exclusive,2000,3750.3354,20,20,69.6815
.\test_images\emoji.png,tournament-probabilistic,ring,uniform,0.5,additive,2000,2158.0691,20,10,60.9746
.\test_images\emoji.png,tournament-probabilistic,ring,uniform,0.5,exclusive,2000,8621.6797,20,10,61.4150
.\test_images\emoji.png,tournament-probabilistic,ring,uniform,0.01,exclusive,2000,1359.7823,20,30,73.2273
.\test_images\emoji.png,tournament-probabilistic,uniform,single,0.01,additive,2000,2249.4895,20,30,60.7700
.\test_images\emoji.png,tournament-probabilistic,uniform,single,0.01,exclusive,2000,2786.2253,20,20,60.7141
.\test_images\emoji.png,tournament-probabilistic,ring,uniform,0.1,exclusive,2000,3736.9829,20,30,68.8736
.\test_images\emoji.png,tournament-probabilistic,ring,uniform,0.5,exclusive,2000,5732.7305,20,20,62.5434
.\test_images\emoji.png,tournament-probabilistic,uniform,single,0.1,additive,2000,1490.6055,20,10,50.9405
.\test_images\emoji.png,tournament-probabilistic,ring,uniform,0.5,additive,2000,2004.4391,20,20,65.3506
.\test_images\emoji.png,tournament-probabilistic,uniform,single,0.01,exclusive,2000,2660.4641,20,30,61.3839
.\test_images\emoji.png,tournament-probabilistic,ring,uniform,0.1,additive,2000,1131.3378,20,30,75.2251
.\test_images\emoji.png,tournament-probabilistic,uniform,single,0.01,additive,2000,2561.6370,20,20,62.9091
.\test_images\emoji.png,tournament-probabilistic,ring,uniform,0.5,additive,2000,2156.0400,20,30,71.5045
.\test_images\emoji.png,tournament-probabilistic,ring,uniform,0.5,exclusive,2000,6757.6377,20,30,69.3004
.\test_images\emoji.png,tournament-probabilistic,uniform,single,0.1,exclusive,2000,2362.4714,20,10,19.9008
.\test_images\emoji.png,tournament-probabilistic,uniform,single,0.1,additive,2000,947.6767,20,30,41.5361
.\test_images\emoji.png,tournament-probabilistic,uniform,single,0.1,additive,2000,1391.4222,20,20,41.9807
.\test_images\emoji.png,tournament-probabilistic,uniform,single,0.5,exclusive,2000,1706.1290,20,10,45.1382
.\test_images\emoji.png,tournament-probabilistic,uniform,single,0.5,additive,2000,1127.3702,20,10,47.8521
.\test_images\emoji.png,tournament-probabilistic,uniform,single,0.1,exclusive,2000,1721.3564,20,20,48.9530
.\test_images\emoji.png,tournament-probabilistic,uniform,uniform,0.01,additive,2000,905.4636,20,10,43.6303
.\test_images\emoji.png,tournament-probabilistic,uniform,uniform,0.01,exclusive,2000,2081.8672,20,10,44.4270
.\test_images\emoji.png,tournament-probabilistic,uniform,single,0.5,additive,2000,1055.1916,20,20,51.7431
.\test_images\emoji.png,tournament-probabilistic,uniform,uniform,0.1,additive,2000,1504.9796,20,10,46.3352
.\test_images\emoji.png,tournament-probabilistic,uniform,single,0.1,exclusive,2000,1590.0348,20,30,53.9164
.\test_images\emoji.png,tournament-probabilistic,uniform,single,0.5,exclusive,2000,1500.3804,20,20,51.2737
.\test_images\emoji.png,tournament-probabilistic,uniform,uniform,0.01,additive,2000,658.1053,20,20,51.2489
.\test_images\emoji.png,tournament-probabilistic,uniform,uniform,0.1,exclusive,2000,4618.3936,20,10,44.0017
.\test_images\emoji.png,tournament-probabilistic,uniform,single,0.5,additive,2000,1041.5620,20,30,55.7228
.\test_images\emoji.png,tournament-probabilistic,uniform,uniform,0.01,exclusive,2000,1531.4121,20,20,51.4070
.\test_images\emoji.png,tournament-probabilistic,uniform,uniform,0.1,exclusive,2000,3892.5168,20,20,44.9458
.\test_images\emoji.png,tournament-probabilistic,uniform,uniform,0.1,additive,2000,1186.0229,20,20,51.9406
.\test_images\emoji.png,tournament-probabilistic,uniform,uniform,0.5,additive,2000,2283.6165,20,10,39.5596
.\test_images\emoji.png,tournament-probabilistic,uniform,single,0.5,exclusive,2000,1072.1892,20,30,54.2170
.\test_images\emoji.png,tournament-probabilistic,uniform,uniform,0.01,additive,2000,912.6981,20,30,52.7744
.\test_images\emoji.png,tournament-probabilistic,uniform,uniform,0.01,exclusive,2000,1599.5685,20,30,52.5367
.\test_images\emoji.png,tournament-probabilistic,uniform,uniform,0.1,additive,2000,1452.9427,20,30,52.2379
.\test_images\emoji.png,tournament-probabilistic,uniform,uniform,0.5,additive,2000,2185.2319,20,20,41.2795
.\test_images\emoji.png,tournament-probabilistic,uniform,uniform,0.1,exclusive,2000,3650.1301,20,30,42.0813
.\test_images\emoji.png,tournament-probabilistic,uniform,uniform,0.5,exclusive,2000,8208.7539,20,10,14.5905
.\test_images\emoji.png,tournament-probabilistic,uniform,uniform,0.5,exclusive,2000,6797.3477,20,20,25.9219
.\test_images\emoji.png,tournament-probabilistic,uniform,uniform,0.5,additive,2000,2163.5808,20,30,38.4731
.\test_images\emoji.png,tournament-probabilistic,uniform,uniform,0.5,exclusive,2000,6375.6777,20,30,37.8909
.\test_images\flag_argentina.png,elite,one-point,single,0.5,additive,429,467.5219,5,30,10.4188
.\test_images\flag_argentina.png,elite,one-point,single,0.1,exclusive,2000,7456.9219,5,10,12.9105
.\test_images\flag_argentina.png,elite,one-point,single,0.1,additive,2000,1187.6401,5,10,14.3953
.\test_images\flag_argentina.png,elite,one-point,single,0.01,exclusive,2000,5682.6260,5,10,15.1163
.\test_images\flag_argentina.png,elite,one-point,single,0.01,additive,2000,3100.7036,5,10,15.7538
.\test_images\flag_argentina.png,elite,one-point,single,0.5,exclusive,2000,6801.6182,5,10,18.1294
.\test_images\flag_argentina.png,elite,one-point,single,0.1,exclusive,2000,10302.7998,5,20,18.5079
.\test_images\flag_argentina.png,elite,one-point,single,0.5,additive,2000,1183.2112,5,10,18.4735
.\test_images\flag_argentina.png,elite,one-point,single,0.01,additive,2000,1832.2717,5,20,20.5544
.\test_images\flag_argentina.png,elite,one-point,single,0.01,exclusive,2000,5609.8149,5,20,23.3524
.\test_images\flag_argentina.png,elite,one-point,single,0.01,exclusive,2000,6121.2920,5,30,27.1448
.\test_images\flag_argentina.png,elite,one-point,single,0.1,additive,2000,987.4780,5,20,27.1382
.\test_images\flag_argentina.png,elite,one-point,uniform,0.01,additive,1664,484.2681,5,10,13.0775
.\test_images\flag_argentina.png,elite,one-point,single,0.01,additive,2000,1558.6372,5,30,29.4106
.\test_images\flag_argentina.png,elite,one-point,single,0.5,additive,2000,950.9831,5,20,31.5458
.\test_images\flag_argentina.png,elite,one-point,single,0.1,exclusive,2000,6059.5464,5,30,31.7720
.\test_images\flag_argentina.png,elite,one-point,single,0.1,additive,2000,627.1401,5,30,32.6577
.\test_images\flag_argentina.png,elite,one-point,uniform,0.01,exclusive,2000,6419.4854,5,10,15.4324
.\test_images\flag_argentina.png,elite,one-point,single,0.5,exclusive,2000,7697.7104,5,20,22.9862
.\test_images\flag_argentina.png,elite,one-point,uniform,0.01,exclusive,2000,5909.6631,5,20,22.7566
.\test_images\flag_argentina.png,elite,one-point,uniform,0.1,additive,2000,849.6937,5,10,21.8348
.\test_images\flag_argentina.png,elite,one-point,uniform,0.1,exclusive,2000,6855.4194,5,10,16.6714
.\test_images\flag_argentina.png,elite,one-point,single,0.5,exclusive,2000,5825.8452,5,30,34.5406
.\test_images\flag_argentina.png,elite,one-point,uniform,0.01,additive,2000,1235.2853,5,20,33.1117
.\test_images\flag_argentina.png,elite,one-point,uniform,0.01,exclusive,2000,6504.1470,5,30,32.8499
.\test_images\flag_argentina.png,elite,one-point,uniform,0.5,additive,2000,1128.7653,5,10,20.2308
.\test_images\flag_argentina.png,elite,one-point,uniform,0.01,additive,2000,650.4507,5,30,37.7755
.\test_images\flag_argentina.png,elite,ring,single,0.01,additive,2000,3538.5876,5,10,12.0418
.\test_images\flag_argentina.png,elite,one-point,uniform,0.5,exclusive,2000,5510.0151,5,10,25.4037
.\test_images\flag_argentina.png,elite,one-point,uniform,0.1,exclusive,2000,5878.0063,5,20,31.3213
.\test_images\flag_argentina.png,elite,one-point,uniform,0.1,additive,2000,997.6171,5,20,35.9299
.\test_images\flag_argentina.png,elite,ring,single,0.01,additive,2000,2414.8035,5,20,17.8877
.\test_images\flag_argentina.png,elite,ring,single,0.01,exclusive,2000,6990.8486,5,10,16.6500
.\test_images\flag_argentina.png,elite,one-point,uniform,0.5,exclusive,2000,5595.7686,5,20,33.5638
.\test_images\flag_argentina.png,elite,ring,single,0.1,additive,2000,1167.3927,5,10,15.5079
.\test_images\flag_argentina.png,elite,ring,single,0.1,exclusive,2000,7652.7466,5,10,11.2872
.\test_images\flag_argentina.png,elite,ring,single,0.01,exclusive,2000,6314.9448,5,20,19.4112
.\test_images\flag_argentina.png,elite,one-point,uniform,0.1,exclusive,2000,6633.4019,5,30,43.7273
.\test_images\flag_argentina.png,elite,one-point,uniform,0.5,additive,2000,1243.7765,5,20,41.2934
.\test_images\flag_argentina.png,elite,ring,single,0.01,additive,2000,1640.9340,5,30,25.6814
.\test_images\flag_argentina.png,elite,ring,single,0.01,exclusive,2000,5759.4565,5,30,23.5205
.\test_images\flag_argentina.png,elite,ring,single,0.1,additive,2000,1006.8751,5,20,21.0027
.\test_images\flag_argentina.png,elite,one-point,uniform,0.1,additive,2000,545.5472,5,30,49.2331
.\test_images\flag_argentina.png,elite,ring,single,0.1,exclusive,2000,7803.3872,5,20,21.8916
.\test_images\flag_argentina.png,elite,ring,single,0.5,additive,2000,832.4073,5,10,18.5362
.\test_images\flag_argentina.png,elite,ring,single,0.5,exclusive,2000,5620.9243,5,10,13.2265
.\test_images\flag_argentina.png,elite,ring,single,0.5,additive,1303,486.3338,5,20,16.9798
.\test_images\flag_argentina.png,elite,ring,single,0.1,additive,2000,696.1060,5,30,27.6959
.\test_images\flag_argentina.png,elite,ring,uniform,0.01,additive,2000,1124.3328,5,10,14.2020
.\test_images\flag_argentina.png,elite,one-point,uniform,0.5,additive,2000,752.6237,5,30,54.9747
.\test_images\flag_argentina.png,elite,ring,single,0.1,exclusive,2000,6444.7588,5,30,26.8286
.\test_images\flag_argentina.png,elite,ring,uniform,0.1,additive,409,499.6953,5,10,5.4319
.\test_images\flag_argentina.png,elite,one-point,uniform,0.5,exclusive,2000,5486.0239,5,30,50.6200
.\test_images\flag_argentina.png,elite,ring,uniform,0.01,exclusive,2000,6762.8589,5,10,16.0412
.\test_images\flag_argentina.png,elite,ring,uniform,0.01,additive,2000,590.4381,5,20,23.9836
.\test_images\flag_argentina.png,elite,ring,single,0.5,exclusive,2000,6265.6763,5,20,27.2904
.\test_images\flag_argentina.png,elite,ring,uniform,0.1,additive,736,490.1848,5,30,17.1760
.\test_images\flag_argentina.png,elite,ring,uniform,0.01,exclusive,2000,6687.9082,5,20,25.9757
.\test_images\flag_argentina.png,elite,ring,single,0.5,additive,2000,645.0130,5,30,35.2407
.\test_images\flag_argentina.png,elite,ring,uniform,0.1,exclusive,2000,6763.8452,5,10,18.1636
.\test_images\flag_argentina.png,elite,ring,uniform,0.01,additive,2000,642.9096,5,30,31.6214
.\test_images\flag_argentina.png,elite,ring,uniform,0.5,additive,2000,1346.4114,5,10,20.2312
.\test_images\flag_argentina.png,elite,ring,single,0.5,exclusive,2000,6293.3354,5,30,36.6282
.\test_images\flag_argentina.png,elite,ring,uniform,0.5,exclusive,2000,5991.0088,5,10,19.2679
.\test_images\flag_argentina.png,elite,uniform,single,0.01,additive,2000,2598.5781,5,10,11.3933
.\test_images\flag_argentina.png,elite,ring,uniform,0.01,exclusive,2000,7607.0400,5,30,34.3941
.\test_images\flag_argentina.png,elite,ring,uniform,0.1,additive,2000,865.8398,5,20,32.0815
.\test_images\flag_argentina.png,elite,ring,uniform,0.1,exclusive,2000,5102.5356,5,20,29.0085
.\test_images\flag_argentina.png,elite,uniform,single,0.01,exclusive,2000,4668.1504,5,10,16.5584
.\test_images\flag_argentina.png,elite,uniform,single,0.01,additive,2000,2074.1008,5,20,21.7668
.\test_images\flag_argentina.png,elite,uniform,single,0.1,additive,2000,1728.1865,5,10,16.1270
.\test_images\flag_argentina.png,elite,uniform,single,0.01,exclusive,2000,6151.4253,5,20,19.0957
.\test_images\flag_argentina.png,elite,ring,uniform,0.5,additive,2000,1219.3971,5,20,39.2560
.\test_images\flag_argentina.png,elite,ring,uniform,0.1,exclusive,2000,4817.4209,5,30,42.2437
.\test_images\flag_argentina.png,elite,ring,uniform,0.5,exclusive,2000,6019.9707,5,20,32.1817
.\test_images\flag_argentina.png,elite,uniform,single,0.1,exclusive,2000,6436.6538,5,10,15.8844
.\test_images\flag_argentina.png,elite,uniform,single,0.01,exclusive,2000,6017.7529,5,30,25.3325
.\test_images\flag_argentina.png,elite,uniform,single,0.1,additive,2000,1130.8030,5,20,23.0093
.\test_images\flag_argentina.png,elite,uniform,single,0.1,exclusive,2000,6096.6699,5,20,19.0962
.\test_images\flag_argentina.png,elite,uniform,single,0.01,additive,2000,1421.1956,5,30,31.8670
.\test_images\flag_argentina.png,elite,uniform,single,0.5,exclusive,2000,6780.6162,5,10,13.9543
.\test_images\flag_argentina.png,elite,uniform,single,0.5,additive,2000,553.2245,5,10,20.9653
.\test_images\flag_argentina.png,elite,uniform,single,0.1,exclusive,2000,5746.0322,5,30,27.2906
.\test_images\flag_argentina.png,elite,ring,uniform,0.5,additive,2000,1204.2258,5,30,52.5700
.\test_images\flag_argentina.png,elite,uniform,single,0.1,additive,2000,946.3490,5,30,32.8617
.\test_images\flag_argentina.png,elite,uniform,uniform,0.01,additive,2000,783.1133,5,10,17.2257
.\test_images\flag_argentina.png,elite,uniform,uniform,0.01,exclusive,2000,6237.9429,5,10,13.9952
.\test_images\flag_argentina.png,elite,ring,uniform,0.5,exclusive,2000,5743.1440,5,30,52.1232
.\test_images\flag_argentina.png,elite,uniform,single,0.5,additive,2000,525.8410,5,20,30.3383
.\test_images\flag_argentina.png,elite,uniform,single,0.5,exclusive,2000,5987.6538,5,20,27.0002
.\test_images\flag_argentina.png,elite,uniform,uniform,0.01,exclusive,2000,6182.4746,5,20,22.7187
.\test_images\flag_argentina.png,elite,uniform,uniform,0.1,additive,2000,554.5565,5,10,18.4554
.\test_images\flag_argentina.png,elite,uniform,uniform,0.01,additive,2000,564.0126,5,20,29.1153
.\test_images\flag_argentina.png,elite,uniform,uniform,0.1,exclusive,2000,6094.7847,5,10,17.1866
.\test_images\flag_argentina.png,elite,uniform,uniform,0.1,additive,1048,498.3309,5,20,19.4330
.\test_images\flag_argentina.png,elite,uniform,single,0.5,additive,2000,550.5874,5,30,38.7699
.\test_images\flag_argentina.png,elite,uniform,single,0.5,exclusive,2000,6641.3599,5,30,36.9525
.\test_images\flag_argentina.png,elite,uniform,uniform,0.01,additive,2000,732.2211,5,30,34.1457
.\test_images\flag_argentina.png,elite,uniform,uniform,0.5,additive,2000,1215.3328,5,10,20.8190
.\test_images\flag_argentina.png,elite,uniform,uniform,0.01,exclusive,2000,6767.4395,5,30,38.8338
.\test_images\flag_argentina.png,elite,uniform,uniform,0.5,exclusive,2000,6015.8950,5,10,20.2575
.\test_images\flag_argentina.png,roulette,one-point,single,0.01,additive,2000,3398.5686,5,10,16.5616
.\test_images\flag_argentina.png,elite,uniform,uniform,0.1,exclusive,2000,5546.4971,5,20,31.9376
.\test_images\flag_argentina.png,roulette,one-point,single,0.01,additive,2000,3361.0383,5,20,18.1742
.\test_images\flag_argentina.png,roulette,one-point,single,0.01,exclusive,2000,3785.2029,5,10,16.4446
.\test_images\flag_argentina.png,roulette,one-point,single,0.1,additive,2000,1196.1576,5,10,14.8842
.\test_images\flag_argentina.png,roulette,one-point,single,0.01,exclusive,2000,3203.5591,5,20,21.2613
.\test_images\flag_argentina.png,elite,uniform,uniform,0.5,additive,2000,1348.4724,5,20,38.8460
.\test_images\flag_argentina.png,roulette,one-point,single,0.01,additive,2000,2400.9778,5,30,27.0942
.\test_images\flag_argentina.png,elite,uniform,uniform,0.1,exclusive,2000,5778.0464,5,30,45.0110
.\test_images\flag_argentina.png,roulette,one-point,single,0.1,exclusive,2000,955.4901,5,10,15.0794
.\test_images\flag_argentina.png,elite,uniform,uniform,0.5,exclusive,2000,5913.4785,5,20,34.7554
.\test_images\flag_argentina.png,elite,uniform,uniform,0.1,additive,2000,672.7043,5,30,51.7679
.\test_images\flag_argentina.png,roulette,one-point,single,0.01,exclusive,2000,2308.9861,5,30,27.6906
.\test_images\flag_argentina.png,roulette,one-point,single,0.1,additive,2000,604.2139,5,20,22.2117
.\test_images\flag_argentina.png,roulette,one-point,single,0.1,exclusive,2000,1300.0989,5,20,21.2276
.\test_images\flag_argentina.png,roulette,one-point,single,0.5,additive,2000,652.4291,5,10,22.9798
.\test_images\flag_argentina.png,roulette,one-point,single,0.5,exclusive,2000,814.8936,5,10,17.0430
.\test_images\flag_argentina.png,elite,uniform,uniform,0.5,exclusive,2000,5110.2456,5,30,48.6244
.\test_images\flag_argentina.png,roulette,one-point,single,0.1,additive,2000,1161.0164,5,30,32.5268
.\test_images\flag_argentina.png,roulette,one-point,uniform,0.01,additive,2000,1449.1169,5,10,17.2338
.\test_images\flag_argentina.png,roulette,one-point,single,0.5,additive,2000,1881.0475,5,20,26.9797
.\test_images\flag_argentina.png,roulette,one-point,single,0.1,exclusive,2000,1374.3983,5,30,32.0071
.\test_images\flag_argentina.png,roulette,one-point,uniform,0.01,exclusive,2000,839.3780,5,10,16.2107
.\test_images\flag_argentina.png,elite,uniform,uniform,0.5,additive,2000,1335.3480,5,30,61.2629
.\test_images\flag_argentina.png,roulette,one-point,uniform,0.01,additive,2000,913.5144,5,20,24.2194
.\test_images\flag_argentina.png,roulette,one-point,single,0.5,exclusive,2000,1782.0995,5,20,29.7228
.\test_images\flag_argentina.png,roulette,one-point,uniform,0.01,exclusive,1771,495.9946,5,20,24.8815
.\test_images\flag_argentina.png,roulette,one-point,uniform,0.1,additive,2000,723.5768,5,10,19.0840
.\test_images\flag_argentina.png,roulette,one-point,single,0.5,additive,2000,907.7908,5,30,39.9182
.\test_images\flag_argentina.png,roulette,one-point,uniform,0.1,exclusive,2000,2664.6504,5,10,21.8896
.\test_images\flag_argentina.png,roulette,one-point,uniform,0.01,additive,2000,737.1129,5,30,35.8262
.\test_images\flag_argentina.png,roulette,one-point,single,0.5,exclusive,2000,1663.9698,5,30,40.2780
.\test_images\flag_argentina.png,roulette,one-point,uniform,0.01,exclusive,2000,692.0061,5,30,33.5698
.\test_images\flag_argentina.png,roulette,one-point,uniform,0.5,additive,2000,1148.9402,5,10,21.1391
.\test_images\flag_argentina.png,roulette,one-point,uniform,0.5,exclusive,2000,4029.1846,5,10,19.0292
.\test_images\flag_argentina.png,roulette,ring,single,0.01,additive,2000,3492.7234,5,10,19.4004
.\test_images\flag_argentina.png,roulette,one-point,uniform,0.1,additive,2000,826.1259,5,20,37.3108
.\test_images\flag_argentina.png,roulette,one-point,uniform,0.1,exclusive,2000,2790.4275,5,20,34.2906
.\test_images\flag_argentina.png,roulette,ring,single,0.01,exclusive,2000,3295.1965,5,10,13.3177
.\test_images\flag_argentina.png,roulette,ring,single,0.1,additive,2000,1048.0487,5,10,13.1198
.\test_images\flag_argentina.png,roulette,one-point,uniform,0.5,additive,2000,1327.1213,5,20,34.9093
.\test_images\flag_argentina.png,roulette,ring,single,0.01,exclusive,2000,2965.9465,5,20,17.8336
.\test_images\flag_argentina.png,roulette,ring,single,0.01,additive,2000,2872.9702,5,20,24.7312
.\test_images\flag_argentina.png,roulette,one-point,uniform,0.5,exclusive,2000,3991.1353,5,20,36.4035
.\test_images\flag_argentina.png,roulette,ring,single,0.1,exclusive,2000,1515.2749,5,10,12.2763
.\test_images\flag_argentina.png,roulette,ring,single,0.01,additive,2000,2326.5430,5,30,26.4569
.\test_images\flag_argentina.png,roulette,one-point,uniform,0.1,exclusive,2000,2676.2078,5,30,45.4837
.\test_images\flag_argentina.png,roulette,ring,single,0.01,exclusive,2000,1448.1152,5,30,27.0307
.\test_images\flag_argentina.png,roulette,ring,single,0.1,additive,2000,1199.4751,5,20,24.7295
.\test_images\flag_argentina.png,roulette,one-point,uniform,0.1,additive,2000,908.4902,5,30,55.1499
.\test_images\flag_argentina.png,roulette,ring,single,0.5,additive,2000,739.0204,5,10,17.0611
.\test_images\flag_argentina.png,roulette,ring,single,0.1,additive,1673,486.8106,5,30,23.1940
.\test_images\flag_argentina.png,roulette,ring,single,0.1,exclusive,2000,1214.9946,5,20,21.9455
.\test_images\flag_argentina.png,roulette,one-point,uniform,0.5,additive,2000,615.8411,5,30,50.9764
.\test_images\flag_argentina.png,roulette,ring,single,0.5,exclusive,2000,1186.7502,5,10,17.8800
.\test_images\flag_argentina.png,roulette,ring,single,0.1,exclusive,2000,955.0308,5,30,26.5989
.\test_images\flag_argentina.png,roulette,ring,uniform,0.01,additive,2000,783.4356,5,10,15.7365
.\test_images\flag_argentina.png,roulette,ring,single,0.5,additive,2000,1085.8455,5,20,25.8189
.\test_images\flag_argentina.png,roulette,one-point,uniform,0.5,exclusive,2000,5060.8838,5,30,52.5308
.\test_images\flag_argentina.png,roulette,ring,uniform,0.01,exclusive,2000,1303.6803,5,10,17.7298
.\test_images\flag_argentina.png,roulette,ring,uniform,0.01,additive,2000,729.8782,5,20,23.9908
.\test_images\flag_argentina.png,roulette,ring,single,0.5,additive,2000,840.4683,5,30,34.7105
.\test_images\flag_argentina.png,roulette,ring,uniform,0.1,additive,2000,627.1396,5,10,20.5319
.\test_images\flag_argentina.png,roulette,ring,single,0.5,exclusive,2000,1252.8063,5,20,31.0731
.\test_images\flag_argentina.png,roulette,ring,uniform,0.01,exclusive,2000,1036.9122,5,20,24.2942
.\test_images\flag_argentina.png,roulette,ring,single,0.5,exclusive,2000,1065.9814,5,30,36.1196
.\test_images\flag_argentina.png,roulette,ring,uniform,0.1,exclusive,2000,3273.0530,5,10,21.8404
.\test_images\flag_argentina.png,roulette,ring,uniform,0.5,additive,2000,1089.6774,5,10,20.3408
.\test_images\flag_argentina.png,roulette,ring,uniform,0.01,additive,2000,1042.3668,5,30,36.9551
.\test_images\flag_argentina.png,roulette,ring,uniform,0.01,exclusive,2000,1053.5011,5,30,33.3524
.\test_images\flag_argentina.png,roulette,ring,uniform,0.1,additive,2000,763.6271,5,20,31.2560
.\test_images\flag_argentina.png,roulette,ring,uniform,0.5,exclusive,2000,4317.3818,5,10,17.9887
.\test_images\flag_argentina.png,roulette,ring,uniform,0.1,exclusive,2000,2942.4321,5,20,31.7910
.\test_images\flag_argentina.png,roulette,uniform,single,0.01,additive,2000,3013.1506,5,10,17.1207
.\test_images\flag_argentina.png,roulette,uniform,single,0.01,additive,2000,2697.4827,5,20,19.4849
.\test_images\flag_argentina.png,roulette,uniform,single,0.01,exclusive,2000,3759.7024,5,10,15.3196
.\test_images\flag_argentina.png,roulette,uniform,single,0.1,additive,2000,1355.0635,5,10,12.0649
.\test_images\flag_argentina.png,roulette,ring,uniform,0.1,additive,1731,495.2929,5,30,43.5417
.\test_images\flag_argentina.png,roulette,uniform,single,0.01,exclusive,2000,3129.0769,5,20,19.1722
.\test_images\flag_argentina.png,roulette,uniform,single,0.1,exclusive,2000,871.5038,5,10,12.0194
.\test_images\flag_argentina.png,roulette,ring,uniform,0.1,exclusive,2000,2889.1133,5,30,44.8269
.\test_images\flag_argentina.png,roulette,ring,uniform,0.5,additive,2000,1057.4464,5,20,42.8187
.\test_images\flag_argentina.png,roulette,ring,uniform,0.5,exclusive,2000,4117.1318,5,20,33.0516
.\test_images\flag_argentina.png,roulette,uniform,single,0.1,additive,2000,1125.0148,5,20,23.5615
.\test_images\flag_argentina.png,roulette,uniform,single,0.01,additive,2000,2146.1104,5,30,31.4015
.\test_images\flag_argentina.png,roulette,uniform,single,0.5,additive,2000,1700.6415,5,10,17.1891
.\test_images\flag_argentina.png,roulette,uniform,single,0.01,exclusive,2000,1892.7897,5,30,27.9834
.\test_images\flag_argentina.png,roulette,uniform,single,0.5,exclusive,2000,1365.5847,5,10,14.9873
.\test_images\flag_argentina.png,roulette,uniform,single,0.1,exclusive,2000,1093.5452,5,20,28.0955
.\test_images\flag_argentina.png,roulette,ring,uniform,0.5,additive,2000,1303.4540,5,30,54.0964
.\test_images\flag_argentina.png,roulette,uniform,single,0.1,additive,2000,1187.2697,5,30,34.9194
.\test_images\flag_argentina.png,roulette,uniform,uniform,0.01,additive,2000,1160.8463,5,10,17.2192
.\test_images\flag_argentina.png,roulette,ring,uniform,0.5,exclusive,2000,4003.2581,5,30,49.4761
.\test_images\flag_argentina.png,roulette,uniform,single,0.5,additive,2000,599.5524,5,20,26.9692
.\test_images\flag_argentina.png,roulette,uniform,single,0.1,exclusive,2000,992.4227,5,30,29.6449
.\test_images\flag_argentina.png,roulette,uniform,single,0.5,exclusive,2000,1568.3497,5,20,27.9315
.\test_images\flag_argentina.png,roulette,uniform,uniform,0.01,additive,2000,1099.4913,5,20,26.6280
.\test_images\flag_argentina.png,roulette,uniform,uniform,0.1,additive,2000,1066.7633,5,10,20.2072
.\test_images\flag_argentina.png,roulette,uniform,uniform,0.01,exclusive,2000,859.8343,5,10,25.9441
.\test_images\flag_argentina.png,roulette,uniform,uniform,0.1,exclusive,2000,2920.0315,5,10,17.6688
.\test_images\flag_argentina.png,roulette,uniform,single,0.5,exclusive,2000,1076.9879,5,30,34.9881
.\test_images\flag_argentina.png,roulette,uniform,uniform,0.01,exclusive,2000,1192.8239,5,20,27.6011
.\test_images\flag_argentina.png,roulette,uniform,single,0.5,additive,2000,978.5280,5,30,43.2270
.\test_images\flag_argentina.png,roulette,uniform,uniform,0.5,additive,2000,1175.2240,5,10,23.5549
.\test_images\flag_argentina.png,roulette,uniform,uniform,0.01,additive,2000,1060.5697,5,30,41.9371
.\test_images\flag_argentina.png,roulette,uniform,uniform,0.01,exclusive,2000,1014.3640,5,30,40.6047
.\test_images\flag_argentina.png,roulette,uniform,uniform,0.1,additive,2000,769.6638,5,20,33.9094
.\test_images\flag_argentina.png,universal,one-point,single,0.01,additive,2000,3441.7056,5,10,14.6387
.\test_images\flag_argentina.png,roulette,uniform,uniform,0.5,exclusive,2000,4986.4229,5,10,21.9746
.\test_images\flag_argentina.png,universal,one-point,single,0.01,exclusive,2000,3106.2424,5,10,14.8829
.\test_images\flag_argentina.png,roulette,uniform,uniform,0.1,additive,1545,498.7244,5,30,36.2044
.\test_images\flag_argentina.png,roulette,uniform,uniform,0.1,exclusive,2000,3241.9392,5,20,35.6062
.\test_images\flag_argentina.png,roulette,uniform,uniform,0.5,additive,2000,1140.3599,5,20,34.4768
.\test_images\flag_argentina.png,universal,one-point,single,0.01,exclusive,2000,2579.0378,5,20,17.5246
.\test_images\flag_argentina.png,universal,one-point,single,0.01,additive,2000,3120.6516,5,20,26.1905
.\test_images\flag_argentina.png,universal,one-point,single,0.1,additive,2000,935.5345,5,10,14.0430
.\test_images\flag_argentina.png,universal,one-point,single,0.1,exclusive,2000,1045.1624,5,10,13.4797
.\test_images\flag_argentina.png,universal,one-point,single,0.01,additive,2000,1652.0818,5,30,28.7752
.\test_images\flag_argentina.png,roulette,uniform,uniform,0.5,exclusive,2000,4837.7681,5,20,33.1884
.\test_images\flag_argentina.png,roulette,uniform,uniform,0.1,exclusive,2000,2480.5930,5,30,46.8280
.\test_images\flag_argentina.png,universal,one-point,single,0.5,additive,2000,1206.8807,5,10,17.0163
.\test_images\flag_argentina.png,universal,one-point,single,0.1,additive,2000,1311.4336,5,20,22.4011
.\test_images\flag_argentina.png,universal,one-point,single,0.01,exclusive,2000,1614.0642,5,30,26.0827
.\test_images\flag_argentina.png,universal,one-point,single,0.1,exclusive,2000,836.0049,5,20,25.0397
.\test_images\flag_argentina.png,roulette,uniform,uniform,0.5,additive,2000,1304.9980,5,30,51.9438
.\test_images\flag_argentina.png,universal,one-point,single,0.5,exclusive,2000,896.3630,5,10,17.0646
.\test_images\flag_argentina.png,universal,one-point,single,0.1,additive,2000,665.5735,5,30,30.0539
.\test_images\flag_argentina.png,universal,one-point,single,0.5,additive,2000,974.7071,5,20,26.3335
.\test_images\flag_argentina.png,universal,one-point,uniform,0.01,additive,2000,1038.8799,5,10,17.3273
.\test_images\flag_argentina.png,roulette,uniform,uniform,0.5,exclusive,2000,4354.5737,5,30,50.0534
.\test_images\flag_argentina.png,universal,one-point,single,0.1,exclusive,2000,921.1196,5,30,31.8529
.\test_images\flag_argentina.png,universal,one-point,single,0.5,exclusive,2000,1661.3289,5,20,24.3091
.\test_images\flag_argentina.png,universal,one-point,uniform,0.1,additive,533,489.8191,5,20,9.5027
.\test_images\flag_argentina.png,universal,one-point,uniform,0.01,additive,2000,1311.5723,5,20,23.6977
.\test_images\flag_argentina.png,universal,one-point,single,0.5,additive,2000,954.5079,5,30,34.8841
.\test_images\flag_argentina.png,universal,one-point,uniform,0.01,exclusive,2000,1410.0204,5,10,24.7933
.\test_images\flag_argentina.png,universal,one-point,uniform,0.1,additive,2000,1086.3915,5,10,21.3376
.\test_images\flag_argentina.png,universal,one-point,uniform,0.1,exclusive,2000,2720.1833,5,10,17.5643
.\test_images\flag_argentina.png,universal,one-point,uniform,0.01,exclusive,2000,1184.1853,5,20,30.3590
.\test_images\flag_argentina.png,universal,one-point,single,0.5,exclusive,2000,1229.3763,5,30,37.6628
.\test_images\flag_argentina.png,universal,one-point,uniform,0.5,additive,2000,1872.7067,5,10,23.0024
.\test_images\flag_argentina.png,universal,one-point,uniform,0.01,additive,2000,641.9137,5,30,40.1738
.\test_images\flag_argentina.png,universal,one-point,uniform,0.5,exclusive,2000,4778.2651,5,10,19.2371
.\test_images\flag_argentina.png,universal,one-point,uniform,0.01,exclusive,2000,923.6146,5,30,38.6406
.\test_images\flag_argentina.png,universal,ring,single,0.01,additive,2000,3392.5151,5,10,15.4771
.\test_images\flag_argentina.png,universal,one-point,uniform,0.1,exclusive,2000,2578.0396,5,20,32.0881
.\test_images\flag_argentina.png,universal,ring,single,0.01,exclusive,2000,3649.1348,5,10,15.6164
.\test_images\flag_argentina.png,universal,ring,single,0.01,additive,2000,3478.9299,5,20,20.3833
.\test_images\flag_argentina.png,universal,ring,single,0.01,exclusive,2000,2920.1633,5,20,17.2475
.\test_images\flag_argentina.png,universal,ring,single,0.1,additive,2000,984.4315,5,10,15.8927
.\test_images\flag_argentina.png,universal,one-point,uniform,0.5,additive,2000,1406.1764,5,20,38.2193
.\test_images\flag_argentina.png,universal,ring,single,0.01,additive,2000,2616.0859,5,30,25.9065
.\test_images\flag_argentina.png,universal,one-point,uniform,0.5,exclusive,2000,4579.2163,5,20,34.6797
.\test_images\flag_argentina.png,universal,ring,single,0.1,exclusive,2000,1329.8134,5,10,16.0907
.\test_images\flag_argentina.png,universal,ring,single,0.1,additive,2000,1250.2284,5,20,19.8204
.\test_images\flag_argentina.png,universal,one-point,uniform,0.1,exclusive,2000,2503.0107,5,30,47.7064
.\test_images\flag_argentina.png,universal,ring,single,0.1,additive,1340,497.9933,5,30,19.2447
.\test_images\flag_argentina.png,universal,one-point,uniform,0.1,additive,2000,967.6318,5,30,51.2866
.\test_images\flag_argentina.png,universal,ring,single,0.01,exclusive,2000,1742.2078,5,30,24.8016
.\test_images\flag_argentina.png,universal,ring,single,0.1,exclusive,2000,925.3926,5,20,20.6675
.\test_images\flag_argentina.png,universal,ring,uniform,0.01,additive,277,465.1943,5,30,6.4070
.\test_images\flag_argentina.png,universal,ring,single,0.5,exclusive,2000,1002.3024,5,10,13.6145
.\test_images\flag_argentina.png,universal,ring,single,0.5,additive,2000,891.1570,5,10,21.9522
.\test_images\flag_argentina.png,universal,one-point,uniform,0.5,additive,2000,1504.5933,5,30,53.0690
.\test_images\flag_argentina.png,universal,ring,uniform,0.1,additive,828,494.7708,5,10,7.9063
.\test_images\flag_argentina.png,universal,ring,uniform,0.01,additive,2000,756.5543,5,10,16.1567
.\test_images\flag_argentina.png,universal,one-point,uniform,0.5,exclusive,2000,4567.5420,5,30,49.3791
.\test_images\flag_argentina.png,universal,ring,uniform,0.01,exclusive,2000,683.3658,5,10,16.5606
.\test_images\flag_argentina.png,universal,ring,single,0.5,additive,2000,521.4738,5,20,27.7320
.\test_images\flag_argentina.png,universal,ring,single,0.1,exclusive,2000,1179.1416,5,30,30.3174
.\test_images\flag_argentina.png,universal,ring,single,0.5,exclusive,2000,909.7732,5,20,24.0209
.\test_images\flag_argentina.png,universal,ring,uniform,0.01,additive,2000,822.4669,5,20,25.1853
.\test_images\flag_argentina.png,universal,ring,single,0.5,additive,2000,1305.8788,5,30,34.1014
.\test_images\flag_argentina.png,universal,ring,uniform,0.01,exclusive,2000,976.4288,5,20,27.0445
.\test_images\flag_argentina.png,universal,ring,single,0.5,exclusive,2000,930.2867,5,30,40.2323
.\test_images\flag_argentina.png,universal,ring,uniform,0.5,additive,2000,1362.0472,5,10,22.9447
.\test_images\flag_argentina.png,universal,ring,uniform,0.1,exclusive,2000,2427.3826,5,10,27.0187
.\test_images\flag_argentina.png,universal,uniform,single,0.01,additive,2000,2926.9150,5,10,15.3487
.\test_images\flag_argentina.png,universal,ring,uniform,0.5,exclusive,2000,4755.6401,5,10,21.7678
.\test_images\flag_argentina.png,universal,ring,uniform,0.01,exclusive,2000,771.6567,5,30,39.3667
.\test_images\flag_argentina.png,universal,ring,uniform,0.1,exclusive,2000,2335.3977,5,20,33.8668
.\test_images\flag_argentina.png,universal,uniform,single,0.01,exclusive,2000,2994.3152,5,10,11.7729
.\test_images\flag_argentina.png,universal,ring,uniform,0.1,additive,2000,1183.0243,5,20,43.8631
.\test_images\flag_argentina.png,universal,uniform,single,0.01,additive,2000,2426.5999,5,20,25.2767
.\test_images\flag_argentina.png,universal,ring,uniform,0.1,additive,2000,646.2426,5,30,45.4890
.\test_images\flag_argentina.png,universal,uniform,single,0.1,additive,2000,823.3643,5,10,14.0911
.\test_images\flag_argentina.png,universal,ring,uniform,0.5,additive,2000,1261.5742,5,20,38.6577
.\test_images\flag_argentina.png,universal,ring,uniform,0.5,exclusive,2000,4785.0801,5,20,38.1194
.\test_images\flag_argentina.png,universal,uniform,single,0.01,additive,2000,2071.9492,5,30,30.6588
.\test_images\flag_argentina.png,universal,ring,uniform,0.1,exclusive,2000,2820.2957,5,30,45.9860
.\test_images\flag_argentina.png,universal,uniform,single,0.1,exclusive,2000,1327.7560,5,10,15.5342
.\test_images\flag_argentina.png,universal,uniform,single,0.01,exclusive,2000,2608.7280,5,20,26.7764
.\test_images\flag_argentina.png,universal,uniform,single,0.1,additive,2000,798.2081,5,20,27.2201
.\test_images\flag_argentina.png,universal,uniform,single,0.01,exclusive,2000,1644.0901,5,30,32.3033
.\test_images\flag_argentina.png,universal,ring,uniform,0.5,exclusive,2000,4496.1050,5,30,52.1461
.\test_images\flag_argentina.png,universal,uniform,single,0.1,exclusive,2000,1649.6074,5,20,23.4709
.\test_images\flag_argentina.png,universal,uniform,single,0.5,additive,2000,995.0076,5,10,19.4325
.\test_images\flag_argentina.png,universal,ring,uniform,0.5,additive,2000,1036.1738,5,30,56.1401
.\test_images\flag_argentina.png,universal,uniform,single,0.5,exclusive,2000,1029.1798,5,10,19.4535
.\test_images\flag_argentina.png,universal,uniform,uniform,0.01,additive,2000,923.0179,5,10,16.0208
.\test_images\flag_argentina.png,universal,uniform,single,0.1,additive,2000,1072.0134,5,30,38.9530
.\test_images\flag_argentina.png,universal,uniform,uniform,0.01,exclusive,2000,1026.3710,5,10,17.5495
.\test_images\flag_argentina.png,universal,uniform,single,0.5,additive,2000,1106.7214,5,20,32.1834
.\test_images\flag_argentina.png,universal,uniform,single,0.5,exclusive,2000,1085.1959,5,20,29.0276
.\test_images\flag_argentina.png,universal,uniform,uniform,0.01,additive,2000,1436.8979,5,20,24.9887
.\test_images\flag_argentina.png,universal,uniform,single,0.1,exclusive,2000,1553.7241,5,30,37.6337
.\test_images\flag_argentina.png,universal,uniform,uniform,0.1,additive,2000,820.8106,5,10,23.7345
.\test_images\flag_argentina.png,universal,uniform,single,0.5,additive,2000,526.2292,5,30,42.4661
.\test_images\flag_argentina.png,universal,uniform,uniform,0.1,exclusive,2000,2716.4128,5,10,22.9456
.\test_images\flag_argentina.png,universal,uniform,uniform,0.01,exclusive,2000,1156.2495,5,20,33.5010
.\test_images\flag_argentina.png,universal,uniform,single,0.5,exclusive,2000,1688.4266,5,30,45.9674
.\test_images\flag_argentina.png,universal,uniform,uniform,0.5,additive,2000,705.2863,5,10,21.7803
.\test_images\flag_argentina.png,universal,uniform,uniform,0.5,exclusive,2000,4930.1128,5,10,21.6332
.\test_images\flag_argentina.png,universal,uniform,uniform,0.01,additive,2000,975.6220,5,30,43.4524
.\test_images\flag_argentina.png,universal,uniform,uniform,0.1,additive,2000,668.5655,5,20,38.1419
.\test_images\flag_argentina.png,universal,uniform,uniform,0.01,exclusive,2000,1233.7780,5,30,39.8483
.\test_images\flag_argentina.png,boltzmann,one-point,single,0.01,additive,2000,3002.9514,5,10,18.1530
.\test_images\flag_argentina.png,universal,uniform,uniform,0.1,exclusive,2000,2460.4380,5,20,38.9992
.\test_images\flag_argentina.png,boltzmann,one-point,single,0.01,additive,2000,2955.7073,5,20,20.6077
.\test_images\flag_argentina.png,universal,uniform,uniform,0.5,additive,2000,1600.4905,5,20,35.8784
.\test_images\flag_argentina.png,boltzmann,one-point,single,0.01,exclusive,2000,3532.6831,5,10,19.0431
.\test_images\flag_argentina.png,boltzmann,one-point,single,0.01,exclusive,2000,2330.9648,5,20,18.7688
.\test_images\flag_argentina.png,boltzmann,one-point,single,0.1,additive,2000,988.9932,5,10,17.8529
.\test_images\flag_argentina.png,universal,uniform,uniform,0.5,exclusive,2000,4251.3252,5,20,37.1861
.\test_images\flag_argentina.png,boltzmann,one-point,single,0.1,exclusive,2000,1501.2380,5,10,13.7005
.\test_images\flag_argentina.png,universal,uniform,uniform,0.1,additive,2000,1498.2970,5,30,55.3259
.\test_images\flag_argentina.png,universal,uniform,uniform,0.1,exclusive,2000,2739.7190,5,30,51.8006
.\test_images\flag_argentina.png,boltzmann,one-point,single,0.01,additive,2000,2291.7358,5,30,29.9366
.\test_images\flag_argentina.png,boltzmann,one-point,single,0.1,additive,2000,941.7073,5,20,24.9880
.\test_images\flag_argentina.png,boltzmann,one-point,single,0.01,exclusive,2000,2591.9658,5,30,29.1324
.\test_images\flag_argentina.png,boltzmann,one-point,single,0.1,exclusive,2000,919.8400,5,20,23.6848
.\test_images\flag_argentina.png,boltzmann,one-point,single,0.5,additive,2000,1068.3849,5,10,18.5037
.\test_images\flag_argentina.png,boltzmann,one-point,single,0.1,additive,2000,924.8160,5,30,31.2949
.\test_images\flag_argentina.png,universal,uniform,uniform,0.5,additive,2000,1215.8954,5,30,58.3100
.\test_images\flag_argentina.png,boltzmann,one-point,single,0.5,exclusive,2000,985.6935,5,10,20.7717
.\test_images\flag_argentina.png,universal,uniform,uniform,0.5,exclusive,2000,4846.8765,5,30,51.9441
.\test_images\flag_argentina.png,boltzmann,one-point,single,0.1,exclusive,2000,1061.6362,5,30,30.6480
.\test_images\flag_argentina.png,boltzmann,one-point,single,0.5,exclusive,1433,499.1576,5,20,23.2595
.\test_images\flag_argentina.png,boltzmann,one-point,uniform,0.01,additive,2000,956.0416,5,10,21.8769
.\test_images\flag_argentina.png,boltzmann,one-point,single,0.5,additive,2000,893.7723,5,20,29.1006
.\test_images\flag_argentina.png,boltzmann,one-point,uniform,0.01,exclusive,2000,972.6672,5,10,20.7075
.\test_images\flag_argentina.png,boltzmann,one-point,uniform,0.1,exclusive,903,493.8882,5,10,10.7829
.\test_images\flag_argentina.png,boltzmann,one-point,uniform,0.01,additive,2000,766.0582,5,20,31.8186
.\test_images\flag_argentina.png,boltzmann,one-point,uniform,0.1,additive,2000,774.0963,5,10,25.0711
.\test_images\flag_argentina.png,boltzmann,one-point,single,0.5,additive,2000,1157.3372,5,30,40.0139
.\test_images\flag_argentina.png,boltzmann,one-point,uniform,0.01,exclusive,2000,1147.7692,5,20,28.3671
.\test_images\flag_argentina.png,boltzmann,one-point,single,0.5,exclusive,2000,1080.1183,5,30,41.6278
.\test_images\flag_argentina.png,boltzmann,one-point,uniform,0.1,exclusive,1463,486.5047,5,20,23.2995
.\test_images\flag_argentina.png,boltzmann,one-point,uniform,0.01,additive,2000,644.6276,5,30,40.5729
.\test_images\flag_argentina.png,boltzmann,one-point,uniform,0.5,additive,2000,1524.9213,5,10,26.0054
.\test_images\flag_argentina.png,boltzmann,one-point,uniform,0.01,exclusive,2000,873.4114,5,30,38.0268
.\test_images\flag_argentina.png,boltzmann,one-point,uniform,0.1,additive,2000,903.0857,5,20,36.6230
.\test_images\flag_argentina.png,boltzmann,ring,single,0.01,additive,2000,3090.3582,5,10,16.4100
.\test_images\flag_argentina.png,boltzmann,one-point,uniform,0.5,exclusive,2000,3791.6196,5,10,25.4807
.\test_images\flag_argentina.png,boltzmann,ring,single,0.01,exclusive,2000,3587.6689,5,10,14.9783
.\test_images\flag_argentina.png,boltzmann,ring,single,0.01,additive,2000,2721.8628,5,20,21.6516
.\test_images\flag_argentina.png,boltzmann,ring,single,0.01,exclusive,2000,3020.9258,5,20,22.7385
.\test_images\flag_argentina.png,boltzmann,ring,single,0.1,additive,2000,1032.4612,5,10,19.3060
.\test_images\flag_argentina.png,boltzmann,one-point,uniform,0.5,additive,2000,1566.1101,5,20,44.1649
.\test_images\flag_argentina.png,boltzmann,ring,single,0.01,additive,2000,2008.9916,5,30,29.7363
.\test_images\flag_argentina.png,boltzmann,ring,single,0.1,exclusive,875,492.9221,5,30,13.2855
.\test_images\flag_argentina.png,boltzmann,ring,single,0.1,exclusive,2000,1277.9037,5,10,17.0013
.\test_images\flag_argentina.png,boltzmann,one-point,uniform,0.5,exclusive,2000,2244.4697,5,20,42.1202
.\test_images\flag_argentina.png,boltzmann,ring,single,0.1,additive,2000,853.5754,5,20,23.4380
.\test_images\flag_argentina.png,boltzmann,ring,single,0.5,exclusive,278,478.2130,5,20,5.6860
.\test_images\flag_argentina.png,boltzmann,ring,single,0.5,additive,550,481.7887,5,20,8.5937
.\test_images\flag_argentina.png,boltzmann,one-point,uniform,0.1,additive,2000,731.0233,5,30,57.6112
.\test_images\flag_argentina.png,boltzmann,ring,single,0.01,exclusive,2000,1689.9404,5,30,29.3044
.\test_images\flag_argentina.png,boltzmann,ring,uniform,0.01,additive,297,485.4276,5,20,5.0582
.\test_images\flag_argentina.png,boltzmann,one-point,uniform,0.1,exclusive,2000,571.3371,5,30,55.6145
.\test_images\flag_argentina.png,boltzmann,ring,single,0.1,exclusive,2000,1006.6512,5,20,25.0720
.\test_images\flag_argentina.png,boltzmann,ring,uniform,0.01,exclusive,305,490.6516,5,20,5.9352
.\test_images\flag_argentina.png,boltzmann,ring,single,0.5,additive,2000,1074.8533,5,10,20.7513
.\test_images\flag_argentina.png,boltzmann,ring,single,0.1,additive,2000,797.7427,5,30,31.4878
.\test_images\flag_argentina.png,boltzmann,ring,uniform,0.1,additive,224,494.6915,5,20,6.4992
.\test_images\flag_argentina.png,boltzmann,one-point,uniform,0.5,additive,2000,1246.3866,5,30,60.7830
.\test_images\flag_argentina.png,boltzmann,ring,uniform,0.01,additive,2000,569.4588,5,10,16.1977
.\test_images\flag_argentina.png,boltzmann,ring,single,0.5,exclusive,2000,747.5131,5,10,20.6338
.\test_images\flag_argentina.png,boltzmann,ring,uniform,0.1,exclusive,552,496.7918,5,20,11.4175
.\test_images\flag_argentina.png,boltzmann,ring,uniform,0.01,exclusive,2000,807.3614,5,10,17.7743
.\test_images\flag_argentina.png,boltzmann,one-point,uniform,0.5,exclusive,2000,2205.9092,5,30,63.2023
.\test_images\flag_argentina.png,boltzmann,ring,uniform,0.1,exclusive,816,478.7099,5,30,21.7484
.\test_images\flag_argentina.png,boltzmann,ring,uniform,0.1,additive,2000,966.2814,5,10,27.4474
.\test_images\flag_argentina.png,boltzmann,ring,uniform,0.1,exclusive,2000,992.6877,5,10,25.7677
.\test_images\flag_argentina.png,boltzmann,uniform,single,0.01,additive,2000,3833.1948,5,10,13.4909
.\test_images\flag_argentina.png,boltzmann,ring,uniform,0.5,additive,2000,1281.4133,5,10,24.4866
.\test_images\flag_argentina.png,boltzmann,ring,uniform,0.01,exclusive,2000,724.3564,5,30,36.9621
.\test_images\flag_argentina.png,boltzmann,ring,single,0.5,additive,2000,953.2658,5,30,44.6722
.\test_images\flag_argentina.png,boltzmann,ring,uniform,0.01,additive,2000,925.7309,5,30,39.1744
.\test_images\flag_argentina.png,boltzmann,ring,single,0.5,exclusive,2000,550.3027,5,30,41.3421
.\test_images\flag_argentina.png,boltzmann,ring,uniform,0.5,exclusive,2000,2782.7393,5,10,24.9171
.\test_images\flag_argentina.png,boltzmann,uniform,single,0.1,additive,2000,926.5361,5,10,12.9364
.\test_images\flag_argentina.png,boltzmann,uniform,single,0.01,additive,2000,2524.8652,5,20,22.2468
.\test_images\flag_argentina.png,boltzmann,uniform,single,0.01,exclusive,2000,3744.3901,5,10,17.4900
.\test_images\flag_argentina.png,boltzmann,ring,uniform,0.5,additive,2000,1097.7449,5,20,38.9381
.\test_images\flag_argentina.png,boltzmann,uniform,single,0.01,exclusive,2000,3417.6614,5,20,22.0820
.\test_images\flag_argentina.png,boltzmann,ring,uniform,0.5,exclusive,2000,2483.7109,5,20,38.9032
.\test_images\flag_argentina.png,boltzmann,uniform,single,0.1,exclusive,2000,1339.7122,5,10,16.1478
.\test_images\flag_argentina.png,boltzmann,ring,uniform,0.1,additive,2000,752.1106,5,30,52.6834
.\test_images\flag_argentina.png,boltzmann,uniform,single,0.01,additive,2000,2427.3723,5,30,30.9461
.\test_images\flag_argentina.png,boltzmann,uniform,single,0.01,exclusive,2000,2506.2769,5,30,28.7594
.\test_images\flag_argentina.png,boltzmann,uniform,single,0.5,exclusive,413,498.8950,5,20,7.6544
.\test_images\flag_argentina.png,boltzmann,uniform,single,0.1,additive,2000,1119.1635,5,20,24.5187
.\test_images\flag_argentina.png,boltzmann,uniform,single,0.1,exclusive,2000,1267.0641,5,20,24.5150
.\test_images\flag_argentina.png,boltzmann,ring,uniform,0.5,additive,2000,1139.6685,5,30,50.8609
.\test_images\flag_argentina.png,boltzmann,uniform,single,0.5,additive,2000,767.2138,5,10,16.9977
.\test_images\flag_argentina.png,boltzmann,uniform,single,0.5,exclusive,2000,722.3221,5,10,17.5396
.\test_images\flag_argentina.png,boltzmann,ring,uniform,0.5,exclusive,2000,2204.4700,5,30,49.4672
.\test_images\flag_argentina.png,boltzmann,uniform,single,0.1,additive,1927,498.4517,5,30,30.5312
.\test_images\flag_argentina.png,boltzmann,uniform,single,0.5,exclusive,662,491.1077,5,30,15.6972
.\test_images\flag_argentina.png,boltzmann,uniform,uniform,0.01,additive,2000,736.8577,5,10,16.5926
.\test_images\flag_argentina.png,boltzmann,uniform,uniform,0.01,exclusive,463,469.0186,5,30,10.3472
.\test_images\flag_argentina.png,boltzmann,uniform,single,0.1,exclusive,2000,1523.7638,5,30,33.9713
.\test_images\flag_argentina.png,boltzmann,uniform,uniform,0.01,exclusive,2000,871.0264,5,10,15.5375
.\test_images\flag_argentina.png,boltzmann,uniform,uniform,0.01,additive,1616,483.2043,5,20,20.9517
.\test_images\flag_argentina.png,boltzmann,uniform,uniform,0.1,exclusive,538,499.3618,5,20,10.3545
.\test_images\flag_argentina.png,boltzmann,uniform,single,0.5,additive,2000,882.3624,5,20,34.0727
.\test_images\flag_argentina.png,boltzmann,uniform,uniform,0.1,additive,2000,1160.1915,5,10,20.4182
.\test_images\flag_argentina.png,boltzmann,uniform,single,0.5,additive,2000,717.6963,5,30,39.4530
.\test_images\flag_argentina.png,boltzmann,uniform,uniform,0.01,exclusive,2000,557.3319,5,20,27.1065
.\test_images\flag_argentina.png,boltzmann,uniform,uniform,0.1,exclusive,2000,731.9678,5,10,22.4310
.\test_images\flag_argentina.png,ranking,one-point,single,0.01,additive,2000,3373.5120,5,10,11.9857
.\test_images\flag_argentina.png,boltzmann,uniform,uniform,0.5,exclusive,2000,3269.0308,5,10,20.9654
.\test_images\flag_argentina.png,boltzmann,uniform,uniform,0.01,additive,2000,904.4443,5,30,34.4238
.\test_images\flag_argentina.png,boltzmann,uniform,uniform,0.5,additive,2000,1893.9155,5,10,28.8597
.\test_images\flag_argentina.png,ranking,one-point,single,0.01,exclusive,2000,3932.1736,5,10,12.7389
.\test_images\flag_argentina.png,ranking,one-point,single,0.01,additive,2000,2635.5210,5,20,20.5010
.\test_images\flag_argentina.png,ranking,one-point,single,0.1,additive,2000,1217.4001,5,10,13.2215
.\test_images\flag_argentina.png,boltzmann,uniform,uniform,0.5,additive,2000,928.5962,5,20,34.8878
.\test_images\flag_argentina.png,boltzmann,uniform,uniform,0.1,additive,2000,1064.3473,5,20,44.1755
.\test_images\flag_argentina.png,ranking,one-point,single,0.01,exclusive,2000,2978.7256,5,20,21.2387
.\test_images\flag_argentina.png,boltzmann,uniform,uniform,0.1,exclusive,1523,494.1256,5,30,42.5330
.\test_images\flag_argentina.png,ranking,one-point,single,0.1,exclusive,2000,1527.7330,5,10,14.1612
.\test_images\flag_argentina.png,ranking,one-point,single,0.01,additive,2000,2542.5859,5,30,29.5991
.\test_images\flag_argentina.png,boltzmann,uniform,uniform,0.5,exclusive,2000,2319.2131,5,20,37.5820
.\test_images\flag_argentina.png,ranking,one-point,single,0.1,additive,2000,1602.0585,5,20,22.8102
.\test_images\flag_argentina.png,boltzmann,uniform,uniform,0.1,additive,2000,689.1975,5,30,53.5829
.\test_images\flag_argentina.png,ranking,one-point,single,0.5,additive,2000,1253.0382,5,10,17.4293
.\test_images\flag_argentina.png,ranking,one-point,single,0.01,exclusive,2000,2522.3003,5,30,31.8077
.\test_images\flag_argentina.png,ranking,one-point,single,0.1,additive,2000,1020.1159,5,30,33.1643
.\test_images\flag_argentina.png,ranking,one-point,single,0.1,exclusive,2000,1567.8810,5,20,27.7105
.\test_images\flag_argentina.png,ranking,one-point,single,0.5,exclusive,2000,1259.3999,5,10,19.9432
.\test_images\flag_argentina.png,ranking,one-point,uniform,0.01,additive,2000,645.0983,5,10,16.7108
.\test_images\flag_argentina.png,boltzmann,uniform,uniform,0.5,exclusive,2000,2089.8757,5,30,53.0472
.\test_images\flag_argentina.png,boltzmann,uniform,uniform,0.5,additive,2000,1530.8324,5,30,59.6208
.\test_images\flag_argentina.png,ranking,one-point,single,0.1,exclusive,2000,939.1199,5,30,32.3181
.\test_images\flag_argentina.png,ranking,one-point,uniform,0.01,exclusive,2000,888.5266,5,10,17.9337
.\test_images\flag_argentina.png,ranking,one-point,single,0.5,additive,2000,928.5999,5,20,30.7801
.\test_images\flag_argentina.png,ranking,one-point,uniform,0.01,additive,2000,1205.2540,5,20,25.8031
.\test_images\flag_argentina.png,ranking,one-point,uniform,0.1,additive,321,473.9173,5,30,10.6148
.\test_images\flag_argentina.png,ranking,one-point,single,0.5,exclusive,2000,902.9348,5,20,35.3477
.\test_images\flag_argentina.png,ranking,one-point,single,0.5,additive,2000,1336.4568,5,30,41.4398
.\test_images\flag_argentina.png,ranking,one-point,uniform,0.01,exclusive,2000,904.2961,5,20,29.0806
.\test_images\flag_argentina.png,ranking,one-point,uniform,0.1,additive,2000,993.8263,5,10,22.4142
.\test_images\flag_argentina.png,ranking,one-point,uniform,0.1,exclusive,2000,2578.0117,5,10,23.6937
.\test_images\flag_argentina.png,ranking,one-point,uniform,0.01,additive,2000,1082.6759,5,30,40.1739
.\test_images\flag_argentina.png,ranking,one-point,single,0.5,exclusive,2000,838.4198,5,30,44.4401
.\test_images\flag_argentina.png,ranking,one-point,uniform,0.5,additive,2000,1558.8845,5,10,23.7704
.\test_images\flag_argentina.png,ranking,one-point,uniform,0.01,exclusive,2000,875.6870,5,30,39.1202
.\test_images\flag_argentina.png,ranking,one-point,uniform,0.5,exclusive,2000,4763.1318,5,10,20.6444
.\test_images\flag_argentina.png,ranking,one-point,uniform,0.1,additive,2000,901.5506,5,20,35.7081
.\test_images\flag_argentina.png,ranking,ring,single,0.01,additive,2000,3353.1218,5,10,15.1134
.\test_images\flag_argentina.png,ranking,one-point,uniform,0.1,exclusive,2000,1674.3184,5,20,36.4549
.\test_images\flag_argentina.png,ranking,ring,single,0.01,exclusive,2000,3901.7446,5,10,16.5353
.\test_images\flag_argentina.png,ranking,ring,single,0.01,additive,2000,2965.9333,5,20,23.2168
.\test_images\flag_argentina.png,ranking,ring,single,0.01,exclusive,2000,3079.7717,5,20,21.7047
.\test_images\flag_argentina.png,ranking,ring,single,0.1,additive,2000,1021.2468,5,10,19.8063
.\test_images\flag_argentina.png,ranking,one-point,uniform,0.5,additive,2000,1171.8538,5,20,43.1524
.\test_images\flag_argentina.png,ranking,ring,single,0.01,additive,2000,2675.6914,5,30,30.1165
.\test_images\flag_argentina.png,ranking,ring,single,0.1,exclusive,2000,2051.2222,5,10,17.9236
.\test_images\flag_argentina.png,ranking,one-point,uniform,0.5,exclusive,2000,4499.2554,5,20,41.6774
.\test_images\flag_argentina.png,ranking,one-point,uniform,0.1,exclusive,2000,1516.2040,5,30,50.8523
.\test_images\flag_argentina.png,ranking,ring,single,0.1,additive,2000,1122.7833,5,20,23.9800
.\test_images\flag_argentina.png,ranking,ring,single,0.01,exclusive,2000,2671.2229,5,30,28.1110
.\test_images\flag_argentina.png,ranking,ring,single,0.1,exclusive,2000,980.2704,5,20,21.4309
.\test_images\flag_argentina.png,ranking,ring,single,0.5,additive,2000,1215.1345,5,10,16.7942
.\test_images\flag_argentina.png,ranking,ring,uniform,0.01,additive,687,495.2489,5,10,6.8432
.\test_images\flag_argentina.png,ranking,ring,single,0.1,additive,2000,591.8681,5,30,29.1776
.\test_images\flag_argentina.png,ranking,one-point,uniform,0.5,additive,2000,954.6392,5,30,54.3515
.\test_images\flag_argentina.png,ranking,ring,single,0.1,exclusive,2000,928.9014,5,30,28.0136
.\test_images\flag_argentina.png,ranking,ring,single,0.5,additive,2000,944.9330,5,20,23.3769
.\test_images\flag_argentina.png,ranking,one-point,uniform,0.5,exclusive,2000,4018.5374,5,30,50.7947
.\test_images\flag_argentina.png,ranking,ring,single,0.5,exclusive,2000,891.8910,5,10,19.0333
.\test_images\flag_argentina.png,ranking,ring,uniform,0.01,exclusive,948,493.0415,5,20,13.6302
.\test_images\flag_argentina.png,ranking,ring,uniform,0.01,exclusive,2000,1282.1365,5,10,21.4694
.\test_images\flag_argentina.png,ranking,ring,single,0.5,exclusive,2000,806.9570,5,20,26.7631
.\test_images\flag_argentina.png,ranking,ring,uniform,0.1,additive,2000,901.5211,5,10,22.2936
.\test_images\flag_argentina.png,ranking,ring,uniform,0.1,exclusive,2000,2618.4529,5,10,20.0534
.\test_images\flag_argentina.png,ranking,ring,uniform,0.5,additive,2000,1687.7308,5,10,19.7007
.\test_images\flag_argentina.png,ranking,ring,uniform,0.01,additive,2000,873.0729,5,20,36.8010
.\test_images\flag_argentina.png,ranking,ring,single,0.5,exclusive,2000,721.5508,5,30,39.6011
.\test_images\flag_argentina.png,ranking,ring,single,0.5,additive,2000,600.7355,5,30,41.5979
.\test_images\flag_argentina.png,ranking,ring,uniform,0.1,additive,2000,663.5231,5,20,34.7758
.\test_images\flag_argentina.png,ranking,ring,uniform,0.01,additive,2000,1029.9287,5,30,42.1615
.\test_images\flag_argentina.png,ranking,ring,uniform,0.01,exclusive,2000,979.5434,5,30,39.5651
.\test_images\flag_argentina.png,ranking,uniform,single,0.01,additive,2000,3352.9880,5,10,14.9017
.\test_images\flag_argentina.png,ranking,ring,uniform,0.1,exclusive,2000,1780.2023,5,20,32.0478
.\test_images\flag_argentina.png,ranking,uniform,single,0.01,exclusive,2000,4045.5525,5,10,10.6315
.\test_images\flag_argentina.png,ranking,ring,uniform,0.5,exclusive,2000,4818.1016,5,10,25.4261
.\test_images\flag_argentina.png,ranking,ring,uniform,0.1,additive,2000,754.0200,5,30,44.3266
.\test_images\flag_argentina.png,ranking,ring,uniform,0.5,additive,2000,1436.4042,5,20,38.1317
.\test_images\flag_argentina.png,ranking,uniform,single,0.1,additive,2000,1094.3942,5,10,14.8752
.\test_images\flag_argentina.png,ranking,uniform,single,0.01,additive,2000,2312.8230,5,20,22.9236
.\test_images\flag_argentina.png,ranking,ring,uniform,0.5,exclusive,2000,4453.4653,5,20,35.6047
.\test_images\flag_argentina.png,ranking,uniform,single,0.1,exclusive,2000,1632.1350,5,10,15.3468
.\test_images\flag_argentina.png,ranking,ring,uniform,0.1,exclusive,2000,1838.2086,5,30,46.4624
.\test_images\flag_argentina.png,ranking,uniform,single,0.01,exclusive,2000,3429.3701,5,20,23.2401
.\test_images\flag_argentina.png,ranking,uniform,single,0.5,additive,2000,643.9520,5,10,13.4872
.\test_images\flag_argentina.png,ranking,uniform,single,0.01,additive,2000,1761.1614,5,30,30.2632
.\test_images\flag_argentina.png,ranking,uniform,single,0.1,additive,2000,1461.8862,5,20,24.5091
.\test_images\flag_argentina.png,ranking,uniform,single,0.1,exclusive,2000,1664.0140,5,20,20.7243
.\test_images\flag_argentina.png,ranking,uniform,single,0.01,exclusive,2000,3547.9922,5,30,30.6705
.\test_images\flag_argentina.png,ranking,uniform,single,0.1,additive,2000,915.0513,5,30,29.1104
.\test_images\flag_argentina.png,ranking,ring,uniform,0.5,additive,2000,1314.6776,5,30,56.6898
.\test_images\flag_argentina.png,ranking,uniform,single,0.5,exclusive,2000,702.7593,5,10,16.5364
.\test_images\flag_argentina.png,ranking,ring,uniform,0.5,exclusive,2000,4016.5432,5,30,47.8582
.\test_images\flag_argentina.png,ranking,uniform,uniform,0.01,additive,2000,860.4873,5,10,16.2477
.\test_images\flag_argentina.png,ranking,uniform,single,0.1,exclusive,2000,768.3218,5,30,31.4595
.\test_images\flag_argentina.png,ranking,uniform,single,0.5,exclusive,1070,498.6125,5,30,20.0655
.\test_images\flag_argentina.png,ranking,uniform,uniform,0.1,additive,366,498.2368,5,20,7.4272
.\test_images\flag_argentina.png,ranking,uniform,single,0.5,additive,2000,1103.8848,5,20,28.4162
.\test_images\flag_argentina.png,ranking,uniform,uniform,0.01,additive,2000,823.1318,5,20,25.2168
.\test_images\flag_argentina.png,ranking,uniform,single,0.5,exclusive,2000,1133.5410,5,20,28.3922
.\test_images\flag_argentina.png,ranking,uniform,uniform,0.01,exclusive,2000,848.7848,5,10,22.3650
.\test_images\flag_argentina.png,ranking,uniform,uniform,0.1,additive,2000,901.9962,5,10,21.7753
.\test_images\flag_argentina.png,ranking,uniform,uniform,0.1,exclusive,2000,2520.3203,5,10,19.1009
.\test_images\flag_argentina.png,ranking,uniform,single,0.5,additive,2000,633.8958,5,30,37.0521
.\test_images\flag_argentina.png,ranking,uniform,uniform,0.01,exclusive,2000,563.8132,5,20,30.2137
.\test_images\flag_argentina.png,ranking,uniform,uniform,0.01,additive,2000,788.6664,5,30,34.0495
.\test_images\flag_argentina.png,tournament-deterministic,one-point,single,0.01,additive,2000,3643.2739,5,10,12.6611
.\test_images\flag_argentina.png,ranking,uniform,uniform,0.5,additive,2000,1695.4869,5,10,22.7285
.\test_images\flag_argentina.png,ranking,uniform,uniform,0.5,exclusive,2000,4795.4360,5,10,22.2915
.\test_images\flag_argentina.png,ranking,uniform,uniform,0.01,exclusive,2000,767.4406,5,30,37.2510
.\test_images\flag_argentina.png,ranking,uniform,uniform,0.1,exclusive,2000,2206.4875,5,20,34.5023
.\test_images\flag_argentina.png,tournament-deterministic,one-point,single,0.01,exclusive,2000,3409.4084,5,10,18.8308
.\test_images\flag_argentina.png,tournament-deterministic,one-point,single,0.01,additive,2000,2339.1255,5,20,21.4190
.\test_images\flag_argentina.png,ranking,uniform,uniform,0.5,additive,2000,1169.6785,5,20,35.0959
.\test_images\flag_argentina.png,tournament-deterministic,one-point,single,0.1,additive,2000,1474.1851,5,10,16.2320
.\test_images\flag_argentina.png,tournament-deterministic,one-point,single,0.01,exclusive,2000,2579.7070,5,20,21.1219
.\test_images\flag_argentina.png,tournament-deterministic,one-point,single,0.1,exclusive,2000,1499.3621,5,10,13.5599
.\test_images\flag_argentina.png,ranking,uniform,uniform,0.5,exclusive,2000,4499.5908,5,20,34.6988
.\test_images\flag_argentina.png,tournament-deterministic,one-point,single,0.01,additive,2000,2091.5686,5,30,27.6666
.\test_images\flag_argentina.png,ranking,uniform,uniform,0.1,exclusive,2000,1148.3651,5,30,45.1072
.\test_images\flag_argentina.png,tournament-deterministic,one-point,single,0.5,additive,1178,451.0476,5,10,9.2355
.\test_images\flag_argentina.png,ranking,uniform,uniform,0.1,additive,2000,888.4257,5,30,51.7499
.\test_images\flag_argentina.png,tournament-deterministic,one-point,single,0.01,exclusive,2000,2224.1455,5,30,26.8981
.\test_images\flag_argentina.png,tournament-deterministic,one-point,single,0.1,additive,2000,1396.7567,5,20,23.5805
.\test_images\flag_argentina.png,tournament-deterministic,one-point,single,0.1,exclusive,2000,962.0793,5,20,21.2361
.\test_images\flag_argentina.png,tournament-deterministic,one-point,uniform,0.01,additive,369,478.0818,5,30,8.3585
.\test_images\flag_argentina.png,tournament-deterministic,one-point,single,0.1,additive,2000,564.0005,5,30,30.7098
.\test_images\flag_argentina.png,tournament-deterministic,one-point,single,0.5,exclusive,2000,793.7507,5,10,16.1261
.\test_images\flag_argentina.png,ranking,uniform,uniform,0.5,additive,2000,1434.6720,5,30,56.6717
.\test_images\flag_argentina.png,tournament-deterministic,one-point,uniform,0.01,additive,2000,659.0421,5,10,15.9885
.\test_images\flag_argentina.png,tournament-deterministic,one-point,uniform,0.01,exclusive,722,487.9613,5,20,11.1076
.\test_images\flag_argentina.png,ranking,uniform,uniform,0.5,exclusive,2000,3756.7795,5,30,50.6944
.\test_images\flag_argentina.png,tournament-deterministic,one-point,single,0.5,additive,2000,708.0443,5,20,24.4422
.\test_images\flag_argentina.png,tournament-deterministic,one-point,uniform,0.01,exclusive,2000,729.5179,5,10,17.8130
.\test_images\flag_argentina.png,tournament-deterministic,one-point,single,0.1,exclusive,2000,640.7550,5,30,33.5450
.\test_images\flag_argentina.png,tournament-deterministic,one-point,single,0.5,exclusive,2000,963.6583,5,20,30.0819
.\test_images\flag_argentina.png,tournament-deterministic,one-point,uniform,0.01,additive,2000,1168.3387,5,20,29.2287
.\test_images\flag_argentina.png,tournament-deterministic,one-point,uniform,0.1,exclusive,2000,1543.3220,5,10,17.6273
.\test_images\flag_argentina.png,tournament-deterministic,one-point,uniform,0.1,additive,2000,552.8445,5,10,21.8480
.\test_images\flag_argentina.png,tournament-deterministic,one-point,uniform,0.5,additive,2000,1556.5917,5,10,19.8520
.\test_images\flag_argentina.png,tournament-deterministic,one-point,single,0.5,exclusive,2000,605.4015,5,30,39.5417
.\test_images\flag_argentina.png,tournament-deterministic,one-point,single,0.5,additive,2000,679.1201,5,30,43.3360
.\test_images\flag_argentina.png,tournament-deterministic,ring,single,0.01,additive,2000,3583.9653,5,10,10.6494
.\test_images\flag_argentina.png,tournament-deterministic,one-point,uniform,0.5,exclusive,2000,4031.0996,5,10,21.9161
.\test_images\flag_argentina.png,tournament-deterministic,one-point,uniform,0.01,exclusive,2000,739.0059,5,30,40.1976
.\test_images\flag_argentina.png,tournament-deterministic,ring,single,0.01,exclusive,2000,3432.6401,5,10,10.9937
.\test_images\flag_argentina.png,tournament-deterministic,one-point,uniform,0.1,exclusive,2000,1331.3575,5,20,33.3702
.\test_images\flag_argentina.png,tournament-deterministic,one-point,uniform,0.1,additive,2000,593.5886,5,20,39.5862
.\test_images\flag_argentina.png,tournament-deterministic,one-point,uniform,0.5,additive,2000,1203.4072,5,20,35.5107
.\test_images\flag_argentina.png,tournament-deterministic,ring,single,0.1,additive,2000,1430.0830,5,10,12.5206
.\test_images\flag_argentina.png,tournament-deterministic,ring,single,0.01,additive,2000,2689.0769,5,20,23.1985
.\test_images\flag_argentina.png,tournament-deterministic,ring,single,0.1,additive,1223,475.1866,5,20,13.7419
.\test_images\flag_argentina.png,tournament-deterministic,ring,single,0.01,additive,2000,2408.0498,5,30,26.1611
.\test_images\flag_argentina.png,tournament-deterministic,ring,single,0.01,exclusive,2000,2691.8450,5,20,20.1743
.\test_images\flag_argentina.png,tournament-deterministic,ring,single,0.1,additive,910,491.2081,5,30,14.1478
.\test_images\flag_argentina.png,tournament-deterministic,ring,single,0.1,exclusive,2000,1548.0425,5,10,13.0000
.\test_images\flag_argentina.png,tournament-deterministic,ring,single,0.5,additive,561,494.4026,5,20,7.6640
.\test_images\flag_argentina.png,tournament-deterministic,one-point,uniform,0.5,exclusive,2000,4283.0708,5,20,37.5913
.\test_images\flag_argentina.png,tournament-deterministic,ring,single,0.01,exclusive,2000,2192.3179,5,30,24.0146
.\test_images\flag_argentina.png,tournament-deterministic,one-point,uniform,0.1,additive,2000,721.7487,5,30,51.3572
.\test_images\flag_argentina.png,tournament-deterministic,one-point,uniform,0.1,exclusive,2000,1211.1742,5,30,52.0686
.\test_images\flag_argentina.png,tournament-deterministic,ring,single,0.5,additive,2000,1148.1090,5,10,16.0048
.\test_images\flag_argentina.png,tournament-deterministic,ring,single,0.1,exclusive,2000,912.1367,5,20,21.6808
.\test_images\flag_argentina.png,tournament-deterministic,one-point,uniform,0.5,additive,2000,1356.8265,5,30,55.2076
.\test_images\flag_argentina.png,tournament-deterministic,ring,uniform,0.01,additive,2000,1083.2499,5,10,15.9688
.\test_images\flag_argentina.png,tournament-deterministic,ring,single,0.5,exclusive,2000,1180.9957,5,10,18.4827
.\test_images\flag_argentina.png,tournament-deterministic,ring,uniform,0.01,exclusive,894,494.4569,5,20,12.9631
.\test_images\flag_argentina.png,tournament-deterministic,ring,uniform,0.1,additive,210,499.0670,5,30,6.5942
.\test_images\flag_argentina.png,tournament-deterministic,one-point,uniform,0.5,exclusive,2000,3143.2744,5,30,50.4965
.\test_images\flag_argentina.png,tournament-deterministic,ring,uniform,0.01,exclusive,2000,773.6860,5,10,17.2023
.\test_images\flag_argentina.png,tournament-deterministic,ring,single,0.5,exclusive,2000,1031.9702,5,20,25.5795
.\test_images\flag_argentina.png,tournament-deterministic,ring,single,0.1,exclusive,2000,1151.6191,5,30,33.4120
.\test_images\flag_argentina.png,tournament-deterministic,ring,uniform,0.01,additive,2000,983.9667,5,20,26.3755
.\test_images\flag_argentina.png,tournament-deterministic,ring,uniform,0.1,additive,2000,770.0627,5,10,20.9680
.\test_images\flag_argentina.png,tournament-deterministic,ring,uniform,0.1,exclusive,2000,1797.1621,5,10,17.1756
.\test_images\flag_argentina.png,tournament-deterministic,ring,single,0.5,additive,2000,958.5298,5,30,37.1434
.\test_images\flag_argentina.png,tournament-deterministic,ring,uniform,0.1,additive,1558,499.8565,5,20,25.9173
.\test_images\flag_argentina.png,tournament-deterministic,ring,single,0.5,exclusive,2000,922.5127,5,30,35.5158
.\test_images\flag_argentina.png,tournament-deterministic,ring,uniform,0.01,additive,2000,1003.5792,5,30,35.7891
.\test_images\flag_argentina.png,tournament-deterministic,uniform,single,0.01,additive,2000,3315.4302,5,10,12.0900
.\test_images\flag_argentina.png,tournament-deterministic,ring,uniform,0.5,additive,2000,1193.7994,5,10,23.1002
.\test_images\flag_argentina.png,tournament-deterministic,ring,uniform,0.5,exclusive,2000,4479.0122,5,10,21.2272
.\test_images\flag_argentina.png,tournament-deterministic,ring,uniform,0.01,exclusive,2000,1116.4160,5,30,39.6347
.\test_images\flag_argentina.png,tournament-deterministic,uniform,single,0.01,exclusive,2000,3921.7627,5,10,13.6149
.\test_images\flag_argentina.png,tournament-deterministic,uniform,single,0.1,additive,2000,1216.2579,5,10,12.1435
.\test_images\flag_argentina.png,tournament-deterministic,ring,uniform,0.1,exclusive,2000,1006.6684,5,20,35.4032
.\test_images\flag_argentina.png,tournament-deterministic,uniform,single,0.01,additive,2000,2086.3569,5,20,24.2851
.\test_images\flag_argentina.png,tournament-deterministic,ring,uniform,0.5,additive,2000,1007.6027,5,20,36.6579
.\test_images\flag_argentina.png,tournament-deterministic,uniform,single,0.01,exclusive,2000,2585.1472,5,20,20.3061
.\test_images\flag_argentina.png,tournament-deterministic,uniform,single,0.1,exclusive,2000,1118.0497,5,10,14.2400
.\test_images\flag_argentina.png,tournament-deterministic,uniform,single,0.01,additive,2000,2163.3560,5,30,27.7977
.\test_images\flag_argentina.png,tournament-deterministic,ring,uniform,0.5,exclusive,2000,3927.9951,5,20,35.7357
.\test_images\flag_argentina.png,tournament-deterministic,uniform,single,0.1,additive,2000,786.8913,5,20,21.6265
.\test_images\flag_argentina.png,tournament-deterministic,uniform,single,0.01,exclusive,2000,1814.5835,5,30,27.4750
.\test_images\flag_argentina.png,tournament-deterministic,ring,uniform,0.1,exclusive,2000,865.1265,5,30,49.3919
.\test_images\flag_argentina.png,tournament-deterministic,uniform,uniform,0.01,additive,310,496.2872,5,20,5.4169
.\test_images\flag_argentina.png,tournament-deterministic,uniform,single,0.5,additive,2000,1005.7046,5,10,16.0657
.\test_images\flag_argentina.png,tournament-deterministic,uniform,single,0.1,exclusive,2000,1051.3297,5,20,21.4850
.\test_images\flag_argentina.png,tournament-deterministic,ring,uniform,0.5,additive,2000,1520.9977,5,30,50.5835
.\test_images\flag_argentina.png,tournament-deterministic,uniform,single,0.5,exclusive,2000,657.8351,5,10,15.9948
.\test_images\flag_argentina.png,tournament-deterministic,uniform,single,0.1,additive,2000,790.0227,5,30,30.7708
.\test_images\flag_argentina.png,tournament-deterministic,uniform,uniform,0.01,additive,2000,768.9290,5,10,14.4716
.\test_images\flag_argentina.png,tournament-deterministic,uniform,uniform,0.01,exclusive,2000,729.6354,5,10,13.3771
.\test_images\flag_argentina.png,tournament-deterministic,uniform,single,0.1,exclusive,2000,1268.5742,5,30,33.6746
.\test_images\flag_argentina.png,tournament-deterministic,ring,uniform,0.5,exclusive,2000,3289.4385,5,30,55.5804
.\test_images\flag_argentina.png,tournament-deterministic,uniform,single,0.5,exclusive,2000,1000.2614,5,20,26.4131
.\test_images\flag_argentina.png,tournament-deterministic,uniform,uniform,0.1,additive,2000,750.4874,5,10,19.5937
.\test_images\flag_argentina.png,tournament-deterministic,uniform,single,0.5,additive,2000,960.4855,5,20,35.2307
.\test_images\flag_argentina.png,tournament-deterministic,uniform,uniform,0.1,exclusive,2000,1786.8292,5,10,17.0605
.\test_images\flag_argentina.png,tournament-deterministic,uniform,single,0.5,additive,2000,725.7423,5,30,41.0555
.\test_images\flag_argentina.png,tournament-deterministic,uniform,uniform,0.01,exclusive,1692,484.2993,5,20,30.3463
.\test_images\flag_argentina.png,tournament-deterministic,uniform,uniform,0.5,additive,2000,1245.2617,5,10,20.1075
.\test_images\flag_argentina.png,tournament-deterministic,uniform,single,0.5,exclusive,2000,712.8954,5,30,40.5862
.\test_images\flag_argentina.png,tournament-deterministic,uniform,uniform,0.1,additive,1082,484.6410,5,30,28.0329
.\test_images\flag_argentina.png,tournament-deterministic,uniform,uniform,0.01,additive,2000,939.3027,5,30,38.4927
.\test_images\flag_argentina.png,tournament-deterministic,uniform,uniform,0.1,additive,2000,732.0143,5,20,34.3769
.\test_images\flag_argentina.png,tournament-probabilistic,one-point,single,0.01,additive,2000,3597.6353,5,10,14.0010
.\test_images\flag_argentina.png,tournament-deterministic,uniform,uniform,0.5,exclusive,2000,4491.7681,5,10,23.1922
.\test_images\flag_argentina.png,tournament-deterministic,uniform,uniform,0.01,exclusive,2000,1156.6659,5,30,39.6429
.\test_images\flag_argentina.png,tournament-probabilistic,one-point,single,0.01,exclusive,2000,4007.4902,5,10,10.8015
.\test_images\flag_argentina.png,tournament-probabilistic,one-point,single,0.1,additive,2000,1420.3276,5,10,12.4358
.\test_images\flag_argentina.png,tournament-deterministic,uniform,uniform,0.1,exclusive,2000,1300.3672,5,20,42.1663
.\test_images\flag_argentina.png,tournament-probabilistic,one-point,single,0.01,additive,2000,2168.2527,5,20,20.9668
.\test_images\flag_argentina.png,tournament-deterministic,uniform,uniform,0.5,additive,2000,1044.6002,5,20,37.3340
.\test_images\flag_argentina.png,tournament-probabilistic,one-point,single,0.1,exclusive,2000,1885.7740,5,10,12.2613
.\test_images\flag_argentina.png,tournament-probabilistic,one-point,single,0.5,additive,668,478.9472,5,10,6.1476
.\test_images\flag_argentina.png,tournament-deterministic,uniform,uniform,0.1,exclusive,2000,1197.5676,5,30,45.0223
.\test_images\flag_argentina.png,tournament-probabilistic,one-point,single,0.01,exclusive,2000,3315.5532,5,20,22.1704
.\test_images\flag_argentina.png,tournament-deterministic,uniform,uniform,0.5,exclusive,2000,3660.0820,5,20,34.2618
.\test_images\flag_argentina.png,tournament-probabilistic,one-point,single,0.1,additive,1895,490.1772,5,20,21.4576
.\test_images\flag_argentina.png,tournament-probabilistic,one-point,single,0.5,additive,574,499.6178,5,20,9.2841
.\test_images\flag_argentina.png,tournament-probabilistic,one-point,single,0.01,exclusive,2000,3118.0005,5,30,25.8861
.\test_images\flag_argentina.png,tournament-probabilistic,one-point,single,0.01,additive,2000,1902.4082,5,30,30.1726
.\test_images\flag_argentina.png,tournament-probabilistic,one-point,single,0.1,exclusive,2000,1428.6978,5,20,20.6057
.\test_images\flag_argentina.png,tournament-probabilistic,one-point,single,0.5,exclusive,2000,1334.9675,5,10,14.5129
.\test_images\flag_argentina.png,tournament-probabilistic,one-point,uniform,0.01,additive,2000,717.9671,5,10,14.4759
.\test_images\flag_argentina.png,tournament-probabilistic,one-point,single,0.1,additive,2000,1123.2025,5,30,32.1037
.\test_images\flag_argentina.png,tournament-deterministic,uniform,uniform,0.5,additive,2000,569.1691,5,30,55.0510
.\test_images\flag_argentina.png,tournament-probabilistic,one-point,single,0.1,exclusive,2000,1578.2207,5,30,30.0999
.\test_images\flag_argentina.png,tournament-deterministic,uniform,uniform,0.5,exclusive,2000,3523.0728,5,30,51.4920
.\test_images\flag_argentina.png,tournament-probabilistic,one-point,uniform,0.01,exclusive,2000,1891.1395,5,10,17.0659
.\test_images\flag_argentina.png,tournament-probabilistic,one-point,single,0.5,exclusive,2000,976.8858,5,20,29.8544
.\test_images\flag_argentina.png,tournament-probabilistic,one-point,uniform,0.01,additive,2000,638.2773,5,20,28.2763
.\test_images\flag_argentina.png,tournament-probabilistic,one-point,uniform,0.01,exclusive,2000,966.2381,5,20,28.0733
.\test_images\flag_argentina.png,tournament-probabilistic,one-point,uniform,0.1,exclusive,2000,3873.2976,5,10,17.4825
.\test_images\flag_argentina.png,tournament-probabilistic,one-point,uniform,0.1,additive,2000,940.1438,5,10,25.4104
.\test_images\flag_argentina.png,tournament-probabilistic,one-point,single,0.5,exclusive,2000,845.0745,5,30,36.7411
.\test_images\flag_argentina.png,tournament-probabilistic,one-point,single,0.5,additive,2000,719.9468,5,30,41.7611
.\test_images\flag_argentina.png,tournament-probabilistic,one-point,uniform,0.01,exclusive,2000,821.2035,5,30,34.2072
.\test_images\flag_argentina.png,tournament-probabilistic,one-point,uniform,0.01,additive,2000,955.8682,5,30,39.1416
.\test_images\flag_argentina.png,tournament-probabilistic,one-point,uniform,0.1,additive,2000,904.8255,5,20,34.5138
.\test_images\flag_argentina.png,tournament-probabilistic,one-point,uniform,0.5,additive,2000,1165.7823,5,10,22.9846
.\test_images\flag_argentina.png,tournament-probabilistic,one-point,uniform,0.1,additive,1219,498.9993,5,30,31.5837
.\test_images\flag_argentina.png,tournament-probabilistic,ring,single,0.01,additive,2000,3418.9966,5,10,14.8398
.\test_images\flag_argentina.png,tournament-probabilistic,one-point,uniform,0.1,exclusive,2000,2857.2715,5,20,33.2391
.\test_images\flag_argentina.png,tournament-probabilistic,one-point,uniform,0.5,exclusive,2000,5126.5913,5,10,22.3963
.\test_images\flag_argentina.png,tournament-probabilistic,ring,single,0.01,exclusive,2000,4108.9219,5,10,12.3370
.\test_images\flag_argentina.png,tournament-probabilistic,ring,single,0.1,additive,2000,1390.3436,5,10,11.5981
.\test_images\flag_argentina.png,tournament-probabilistic,ring,single,0.01,additive,2000,2897.3296,5,20,21.9942
.\test_images\flag_argentina.png,tournament-probabilistic,ring,single,0.01,exclusive,2000,3245.0752,5,20,16.5834
.\test_images\flag_argentina.png,tournament-probabilistic,one-point,uniform,0.5,additive,2000,1269.9948,5,20,37.8844
.\test_images\flag_argentina.png,tournament-probabilistic,ring,single,0.1,exclusive,2000,2319.7061,5,10,13.4064
.\test_images\flag_argentina.png,tournament-probabilistic,ring,single,0.5,additive,304,494.4848,5,30,6.9263
.\test_images\flag_argentina.png,tournament-probabilistic,ring,single,0.01,additive,2000,1858.0868,5,30,24.8627
.\test_images\flag_argentina.png,tournament-probabilistic,ring,single,0.1,additive,2000,1075.4208,5,20,19.7880
.\test_images\flag_argentina.png,tournament-probabilistic,ring,single,0.5,additive,1342,499.8507,5,10,10.9491
.\test_images\flag_argentina.png,tournament-probabilistic,one-point,uniform,0.5,exclusive,2000,5247.9966,5,20,35.3873
.\test_images\flag_argentina.png,tournament-probabilistic,one-point,uniform,0.1,exclusive,2000,3003.0615,5,30,49.5707
.\test_images\flag_argentina.png,tournament-probabilistic,ring,single,0.5,additive,1014,493.4655,5,20,13.9127
.\test_images\flag_argentina.png,tournament-probabilistic,ring,single,0.01,exclusive,2000,2907.1367,5,30,29.4909
.\test_images\flag_argentina.png,tournament-probabilistic,ring,single,0.1,exclusive,2000,1535.8829,5,20,22.0637
.\test_images\flag_argentina.png,tournament-probabilistic,ring,single,0.1,additive,2000,996.6435,5,30,28.1458
.\test_images\flag_argentina.png,tournament-probabilistic,ring,single,0.5,exclusive,2000,1215.5886,5,10,16.8096
.\test_images\flag_argentina.png,tournament-probabilistic,one-point,uniform,0.5,additive,2000,1010.7270,5,30,55.2941
.\test_images\flag_argentina.png,tournament-probabilistic,ring,uniform,0.01,exclusive,2000,1626.6100,5,10,15.8522
.\test_images\flag_argentina.png,tournament-probabilistic,ring,uniform,0.01,additive,2000,1320.6439,5,10,18.6113
.\test_images\flag_argentina.png,tournament-probabilistic,ring,single,0.1,exclusive,2000,1090.5059,5,30,30.5982
.\test_images\flag_argentina.png,tournament-probabilistic,one-point,uniform,0.5,exclusive,2000,4652.2603,5,30,50.3370
.\test_images\flag_argentina.png,tournament-probabilistic,ring,single,0.5,exclusive,2000,1133.1377,5,20,28.7659
.\test_images\flag_argentina.png,tournament-probabilistic,ring,uniform,0.01,additive,2000,1592.7440,5,20,25.1187
.\test_images\flag_argentina.png,tournament-probabilistic,ring,uniform,0.1,additive,2000,736.1924,5,10,19.2080
.\test_images\flag_argentina.png,tournament-probabilistic,ring,uniform,0.1,exclusive,2000,4055.7415,5,10,16.8196
.\test_images\flag_argentina.png,tournament-probabilistic,ring,uniform,0.01,additive,2000,772.2195,5,30,30.9061
.\test_images\flag_argentina.png,tournament-probabilistic,ring,single,0.5,exclusive,2000,1383.0182,5,30,33.3918
.\test_images\flag_argentina.png,tournament-probabilistic,ring,uniform,0.01,exclusive,2000,968.4090,5,20,32.0191
.\test_images\flag_argentina.png,tournament-probabilistic,uniform,single,0.01,additive,2000,3214.0686,5,10,11.8690
.\test_images\flag_argentina.png,tournament-probabilistic,ring,uniform,0.5,additive,2000,1346.0601,5,10,21.5408
.\test_images\flag_argentina.png,tournament-probabilistic,ring,uniform,0.1,additive,2000,804.8665,5,20,30.3106
.\test_images\flag_argentina.png,tournament-probabilistic,ring,uniform,0.01,exclusive,2000,857.9562,5,30,36.4951
.\test_images\flag_argentina.png,tournament-probabilistic,ring,uniform,0.5,exclusive,2000,5661.0098,5,10,20.4320
.\test_images\flag_argentina.png,tournament-probabilistic,ring,uniform,0.1,exclusive,2000,3109.1606,5,20,33.4646
.\test_images\flag_argentina.png,tournament-probabilistic,uniform,single,0.01,exclusive,2000,4222.4287,5,10,16.6683
.\test_images\flag_argentina.png,tournament-probabilistic,uniform,single,0.01,additive,2000,2458.0894,5,20,21.6559
.\test_images\flag_argentina.png,tournament-probabilistic,ring,uniform,0.5,additive,2000,1262.5041,5,20,34.8968
.\test_images\flag_argentina.png,tournament-probabilistic,uniform,single,0.1,additive,2000,1293.6079,5,10,15.5924
.\test_images\flag_argentina.png,tournament-probabilistic,ring,uniform,0.1,additive,2000,815.0301,5,30,45.5487
.\test_images\flag_argentina.png,tournament-probabilistic,uniform,single,0.01,exclusive,2000,4041.6064,5,20,20.4031
.\test_images\flag_argentina.png,tournament-probabilistic,uniform,single,0.1,exclusive,2000,2055.0369,5,10,14.8943
.\test_images\flag_argentina.png,tournament-probabilistic,uniform,single,0.01,additive,2000,2356.2441,5,30,26.9194
.\test_images\flag_argentina.png,tournament-probabilistic,uniform,single,0.1,additive,2000,1131.1575,5,20,20.6591
.\test_images\flag_argentina.png,tournament-probabilistic,ring,uniform,0.5,exclusive,2000,5203.2812,5,20,41.5517
.\test_images\flag_argentina.png,tournament-probabilistic,ring,uniform,0.1,exclusive,2000,3127.2231,5,30,51.8517
.\test_images\flag_argentina.png,tournament-probabilistic,uniform,single,0.01,exclusive,2000,3844.2322,5,30,30.1786
.\test_images\flag_argentina.png,tournament-probabilistic,uniform,single,0.5,additive,2000,601.3206,5,10,18.8424
.\test_images\flag_argentina.png,tournament-probabilistic,uniform,single,0.1,exclusive,2000,2115.4294,5,20,24.2621
.\test_images\flag_argentina.png,tournament-probabilistic,uniform,single,0.5,exclusive,2000,1334.2678,5,10,16.7384
.\test_images\flag_argentina.png,tournament-probabilistic,uniform,single,0.1,additive,2000,1051.6899,5,30,31.2074
.\test_images\flag_argentina.png,tournament-probabilistic,ring,uniform,0.5,exclusive,2000,5039.8008,5,30,47.4994
.\test_images\flag_argentina.png,tournament-probabilistic,uniform,uniform,0.01,additive,2000,1060.0448,5,10,14.6893
.\test_images\flag_argentina.png,tournament-probabilistic,uniform,single,0.1,exclusive,2000,1010.0363,5,30,26.8664
.\test_images\flag_argentina.png,tournament-probabilistic,ring,uniform,0.5,additive,2000,1377.6548,5,30,58.0182
.\test_images\flag_argentina.png,tournament-probabilistic,uniform,single,0.5,additive,2000,682.6223,5,20,27.7244
.\test_images\flag_argentina.png,tournament-probabilistic,uniform,uniform,0.01,additive,2000,745.1137,5,20,22.5487
.\test_images\flag_argentina.png,tournament-probabilistic,uniform,uniform,0.01,exclusive,2000,974.9661,5,10,16.3901
.\test_images\flag_argentina.png,tournament-probabilistic,uniform,single,0.5,exclusive,2000,1124.7759,5,20,30.4275
.\test_images\flag_argentina.png,tournament-probabilistic,uniform,uniform,0.1,additive,2000,659.3497,5,10,18.2701
.\test_images\flag_argentina.png,tournament-probabilistic,uniform,uniform,0.1,exclusive,2000,3988.2214,5,10,17.8943
.\test_images\flag_argentina.png,tournament-probabilistic,uniform,single,0.5,exclusive,1717,494.0435,5,30,33.9757
.\test_images\flag_argentina.png,tournament-probabilistic,uniform,uniform,0.01,exclusive,2000,986.9855,5,20,26.3330
.\test_images\flag_argentina.png,tournament-probabilistic,uniform,single,0.5,additive,2000,1117.6254,5,30,46.0313
.\test_images\flag_argentina.png,tournament-probabilistic,uniform,uniform,0.5,additive,2000,1700.6221,5,10,23.7824
.\test_images\flag_argentina.png,tournament-probabilistic,uniform,uniform,0.5,exclusive,2000,5402.8115,5,10,20.1759
.\test_images\flag_argentina.png,tournament-probabilistic,uniform,uniform,0.01,exclusive,2000,665.4283,5,30,33.9800
.\test_images\flag_argentina.png,tournament-probabilistic,uniform,uniform,0.01,additive,2000,1105.0404,5,30,39.2183
.\test_images\flag_argentina.png,elite,one-point,single,0.01,additive,2000,3413.9922,10,10,15.2774
.\test_images\flag_argentina.png,tournament-probabilistic,uniform,uniform,0.1,exclusive,2000,3301.3960,5,20,33.1029
.\test_images\flag_argentina.png,tournament-probabilistic,uniform,uniform,0.1,additive,2000,641.1389,5,20,40.4653
.\test_images\flag_argentina.png,elite,one-point,single,0.01,additive,2000,2579.1018,10,20,26.9004
.\test_images\flag_argentina.png,elite,one-point,single,0.01,exclusive,2000,5623.2563,10,10,17.6826
.\test_images\flag_argentina.png,tournament-probabilistic,uniform,uniform,0.5,additive,2000,1198.8738,5,20,37.9736
.\test_images\flag_argentina.png,elite,one-point,single,0.1,additive,2000,1193.7798,10,10,17.0463
.\test_images\flag_argentina.png,tournament-probabilistic,uniform,uniform,0.5,exclusive,2000,4944.6953,5,20,35.1781
.\test_images\flag_argentina.png,tournament-probabilistic,uniform,uniform,0.1,additive,2000,545.9699,5,30,49.0916
.\test_images\flag_argentina.png,elite,one-point,single,0.1,exclusive,2000,9046.8359,10,10,17.7492
.\test_images\flag_argentina.png,tournament-probabilistic,uniform,uniform,0.1,exclusive,2000,2860.7676,5,30,48.1709
.\test_images\flag_argentina.png,elite,one-point,single,0.1,additive,977,485.7267,10,30,19.2753
.\test_images\flag_argentina.png,elite,one-point,single,0.01,exclusive,2000,5203.5698,10,20,27.1018
.\test_images\flag_argentina.png,elite,one-point,single,0.1,additive,1765,499.9416,10,20,23.7650
.\test_images\flag_argentina.png,elite,one-point,single,0.01,additive,2000,1878.2289,10,30,35.9381
.\test_images\flag_argentina.png,elite,one-point,single,0.5,additive,575,496.6772,10,20,13.1014
.\test_images\flag_argentina.png,tournament-probabilistic,uniform,uniform,0.5,additive,2000,732.3749,5,30,50.3335
.\test_images\flag_argentina.png,elite,one-point,uniform,0.01,additive,695,498.2451,10,10,8.6015
.\test_images\flag_argentina.png,elite,one-point,single,0.5,additive,513,493.2502,10,30,13.4066
.\test_images\flag_argentina.png,elite,one-point,uniform,0.01,additive,606,499.6386,10,20,12.4238
.\test_images\flag_argentina.png,elite,one-point,single,0.5,additive,1690,481.0607,10,10,19.9028
.\test_images\flag_argentina.png,elite,one-point,uniform,0.1,additive,372,499.3456,10,10,5.7215
.\test_images\flag_argentina.png,tournament-probabilistic,uniform,uniform,0.5,exclusive,2000,4704.2197,5,30,50.2188
.\test_images\flag_argentina.png,elite,one-point,single,0.01,exclusive,2000,5474.8984,10,30,36.3961
.\test_images\flag_argentina.png,elite,one-point,single,0.1,exclusive,2000,7395.1436,10,20,27.0015
.\test_images\flag_argentina.png,elite,one-point,single,0.5,exclusive,2000,7598.9893,10,10,26.1709
.\test_images\flag_argentina.png,elite,one-point,uniform,0.1,additive,580,492.0527,10,20,13.5836
.\test_images\flag_argentina.png,elite,one-point,uniform,0.01,exclusive,2000,6262.9229,10,10,23.1309
.\test_images\flag_argentina.png,elite,one-point,single,0.5,exclusive,2000,6377.2686,10,20,33.0284
.\test_images\flag_argentina.png,elite,one-point,uniform,0.1,additive,608,495.8610,10,30,20.5730
.\test_images\flag_argentina.png,elite,one-point,single,0.1,exclusive,2000,6226.8096,10,30,37.0019
.\test_images\flag_argentina.png,elite,one-point,uniform,0.1,exclusive,2000,5969.4653,10,10,23.8652
.\test_images\flag_argentina.png,elite,one-point,uniform,0.01,exclusive,2000,6667.6743,10,20,32.7545
.\test_images\flag_argentina.png,elite,one-point,uniform,0.01,additive,1213,499.7305,10,30,37.6628
.\test_images\flag_argentina.png,elite,one-point,uniform,0.5,additive,2000,1065.5424,10,10,28.1857
.\test_images\flag_argentina.png,elite,one-point,single,0.5,exclusive,2000,5325.9033,10,30,45.8604
.\test_images\flag_argentina.png,elite,ring,single,0.01,exclusive,2000,5225.6895,10,10,13.1360
.\test_images\flag_argentina.png,elite,ring,single,0.01,additive,2000,3574.1321,10,10,21.7190
.\test_images\flag_argentina.png,elite,one-point,uniform,0.5,exclusive,2000,5532.8896,10,10,31.2833
.\test_images\flag_argentina.png,elite,ring,single,0.01,additive,2000,2435.5952,10,20,26.6257
.\test_images\flag_argentina.png,elite,ring,single,0.1,additive,2000,1364.1135,10,10,16.8819
.\test_images\flag_argentina.png,elite,one-point,uniform,0.01,exclusive,2000,6774.3569,10,30,52.9590
.\test_images\flag_argentina.png,elite,ring,single,0.01,exclusive,2000,6045.1035,10,20,23.1128
.\test_images\flag_argentina.png,elite,one-point,uniform,0.1,exclusive,2000,6445.7896,10,20,48.6302
.\test_images\flag_argentina.png,elite,ring,single,0.1,additive,717,496.9006,10,30,15.1808
.\test_images\flag_argentina.png,elite,ring,single,0.01,additive,2000,2338.0293,10,30,37.4805
.\test_images\flag_argentina.png,elite,ring,single,0.5,additive,893,498.4165,10,10,9.1915
.\test_images\flag_argentina.png,elite,ring,single,0.1,exclusive,2000,7049.6318,10,10,16.9570
.\test_images\flag_argentina.png,elite,one-point,uniform,0.5,additive,2000,901.3134,10,20,55.8434
.\test_images\flag_argentina.png,elite,ring,single,0.5,additive,459,496.9273,10,30,11.7620
.\test_images\flag_argentina.png,elite,one-point,uniform,0.5,exclusive,2000,5900.5942,10,20,51.2304
.\test_images\flag_argentina.png,elite,ring,single,0.1,additive,2000,935.3216,10,20,29.1441
.\test_images\flag_argentina.png,elite,ring,single,0.01,exclusive,2000,5715.7891,10,30,33.0345
.\test_images\flag_argentina.png,elite,one-point,uniform,0.1,exclusive,2000,6175.7446,10,30,62.7548
.\test_images\flag_argentina.png,elite,ring,single,0.5,additive,830,499.4463,10,20,16.8387
.\test_images\flag_argentina.png,elite,ring,uniform,0.01,additive,218,495.1101,10,30,7.3747
.\test_images\flag_argentina.png,elite,ring,single,0.1,exclusive,2000,6396.5107,10,20,26.5670
.\test_images\flag_argentina.png,elite,ring,uniform,0.01,additive,648,498.5878,10,20,13.3136
.\test_images\flag_argentina.png,elite,ring,uniform,0.01,additive,1251,499.9041,10,10,13.5250
.\test_images\flag_argentina.png,elite,ring,single,0.5,exclusive,2000,5720.2036,10,10,20.3453
.\test_images\flag_argentina.png,elite,ring,uniform,0.1,additive,279,482.6565,10,30,12.2953
.\test_images\flag_argentina.png,elite,ring,single,0.1,exclusive,2000,5416.4468,10,30,33.3042
.\test_images\flag_argentina.png,elite,ring,uniform,0.01,exclusive,2000,6914.2793,10,10,17.8966
.\test_images\flag_argentina.png,elite,one-point,uniform,0.5,additive,2000,1216.2469,10,30,83.4510
.\test_images\flag_argentina.png,elite,ring,single,0.5,exclusive,2000,5885.2134,10,20,33.2556
.\test_images\flag_argentina.png,elite,one-point,uniform,0.5,exclusive,2000,5839.2134,10,30,72.1322
.\test_images\flag_argentina.png,elite,ring,uniform,0.1,exclusive,2000,7541.3120,10,10,24.7116
.\test_images\flag_argentina.png,elite,ring,uniform,0.1,additive,2000,702.1702,10,10,30.9443
.\test_images\flag_argentina.png,elite,ring,uniform,0.01,exclusive,2000,7057.2783,10,20,32.7207
.\test_images\flag_argentina.png,elite,ring,uniform,0.5,additive,2000,904.0568,10,10,26.2741
.\test_images\flag_argentina.png,elite,uniform,single,0.01,additive,2000,3355.5806,10,10,15.3775
.\test_images\flag_argentina.png,elite,ring,uniform,0.5,exclusive,2000,8197.5303,10,10,24.6072
.\test_images\flag_argentina.png,elite,ring,single,0.5,exclusive,2000,6000.0640,10,30,50.9722
.\test_images\flag_argentina.png,elite,ring,uniform,0.01,exclusive,2000,7002.6978,10,30,45.8355
.\test_images\flag_argentina.png,elite,ring,uniform,0.1,additive,2000,522.6321,10,20,44.5486
.\test_images\flag_argentina.png,elite,ring,uniform,0.1,exclusive,2000,5659.8613,10,20,41.2202
.\test_images\flag_argentina.png,elite,uniform,single,0.01,exclusive,2000,5308.0215,10,10,20.8047
.\test_images\flag_argentina.png,elite,uniform,single,0.01,additive,2000,2168.8291,10,20,31.4187
.\test_images\flag_argentina.png,elite,uniform,single,0.01,exclusive,2000,8147.9399,10,20,26.3055
.\test_images\flag_argentina.png,elite,uniform,single,0.1,additive,2000,1152.1776,10,10,19.2947
.\test_images\flag_argentina.png,elite,uniform,single,0.1,exclusive,2000,6176.0591,10,10,15.6292
.\test_images\flag_argentina.png,elite,ring,uniform,0.5,exclusive,2000,5352.3037,10,20,46.8282
.\test_images\flag_argentina.png,elite,uniform,single,0.1,additive,970,488.0684,10,30,19.9835
.\test_images\flag_argentina.png,elite,ring,uniform,0.5,additive,2000,1121.4567,10,20,57.5761
.\test_images\flag_argentina.png,elite,uniform,single,0.5,additive,1218,488.4005,10,10,13.5830
.\test_images\flag_argentina.png,elite,uniform,single,0.5,additive,483,494.7416,10,20,9.5670
.\test_images\flag_argentina.png,elite,ring,uniform,0.1,exclusive,2000,5721.3691,10,30,61.1234
.\test_images\flag_argentina.png,elite,uniform,single,0.01,exclusive,2000,5133.1387,10,30,35.6184
.\test_images\flag_argentina.png,elite,uniform,single,0.1,additive,2000,893.5770,10,20,30.7340
.\test_images\flag_argentina.png,elite,uniform,single,0.1,exclusive,2000,6546.1968,10,20,25.8297
.\test_images\flag_argentina.png,elite,uniform,single,0.01,additive,2000,2373.0127,10,30,48.2490
.\test_images\flag_argentina.png,elite,uniform,single,0.5,additive,709,492.5815,10,30,22.3647
.\test_images\flag_argentina.png,elite,uniform,single,0.5,exclusive,2000,6729.0430,10,10,21.4208
.\test_images\flag_argentina.png,elite,uniform,uniform,0.01,additive,730,498.7395,10,20,17.5776
.\test_images\flag_argentina.png,elite,uniform,uniform,0.1,additive,217,467.0712,10,30,8.4784
.\test_images\flag_argentina.png,elite,uniform,uniform,0.01,additive,657,499.8651,10,30,19.7790
.\test_images\flag_argentina.png,elite,uniform,single,0.1,exclusive,2000,6724.3701,10,30,39.0044
.\test_images\flag_argentina.png,elite,ring,uniform,0.5,additive,2000,940.4343,10,30,72.2924
.\test_images\flag_argentina.png,elite,uniform,uniform,0.01,exclusive,2000,7850.1958,10,10,21.9307
.\test_images\flag_argentina.png,elite,uniform,uniform,0.01,additive,1965,495.3750,10,10,25.1288
.\test_images\flag_argentina.png,elite,ring,uniform,0.5,exclusive,2000,5711.2681,10,30,71.8001
.\test_images\flag_argentina.png,elite,uniform,single,0.5,exclusive,2000,7346.8291,10,20,35.2715
.\test_images\flag_argentina.png,elite,uniform,uniform,0.1,additive,1121,498.5609,10,20,29.4082
.\test_images\flag_argentina.png,elite,uniform,uniform,0.1,additive,2000,656.3198,10,10,31.2613
.\test_images\flag_argentina.png,elite,uniform,uniform,0.1,exclusive,2000,5176.9380,10,10,23.3657
.\test_images\flag_argentina.png,elite,uniform,uniform,0.01,exclusive,2000,6208.2314,10,20,42.0630
.\test_images\flag_argentina.png,roulette,one-point,single,0.01,additive,2000,3747.4658,10,10,16.2712
.\test_images\flag_argentina.png,elite,uniform,single,0.5,exclusive,2000,6351.4663,10,30,48.1033
.\test_images\flag_argentina.png,elite,uniform,uniform,0.5,additive,2000,1355.8590,10,10,31.2577
.\test_images\flag_argentina.png,roulette,one-point,single,0.01,exclusive,2000,3709.9104,10,10,14.2036
.\test_images\flag_argentina.png,elite,uniform,uniform,0.5,exclusive,2000,6682.2891,10,10,31.8487
.\test_images\flag_argentina.png,elite,uniform,uniform,0.01,exclusive,2000,7023.0078,10,30,52.5082
.\test_images\flag_argentina.png,roulette,one-point,single,0.01,additive,2000,2547.2910,10,20,29.5246
.\test_images\flag_argentina.png,elite,uniform,uniform,0.1,exclusive,2000,6550.8730,10,20,45.8665
.\test_images\flag_argentina.png,roulette,one-point,single,0.01,exclusive,2000,2949.9302,10,20,25.9709
.\test_images\flag_argentina.png,roulette,one-point,single,0.1,additive,1350,495.9842,10,20,19.0091
.\test_images\flag_argentina.png,roulette,one-point,single,0.1,additive,2000,1222.6755,10,10,19.1984
.\test_images\flag_argentina.png,roulette,one-point,single,0.1,exclusive,2000,1380.6417,10,10,16.0732
.\test_images\flag_argentina.png,roulette,one-point,single,0.1,additive,891,481.4827,10,30,19.7275
.\test_images\flag_argentina.png,roulette,one-point,single,0.01,additive,2000,1865.3745,10,30,35.8161
.\test_images\flag_argentina.png,elite,uniform,uniform,0.5,additive,2000,908.8301,10,20,52.7784
.\test_images\flag_argentina.png,roulette,one-point,single,0.5,additive,288,499.0549,10,30,8.3284
.\test_images\flag_argentina.png,elite,uniform,uniform,0.5,exclusive,2000,5524.6733,10,20,50.7507
.\test_images\flag_argentina.png,roulette,one-point,single,0.5,additive,1564,499.9410,10,10,17.0473
.\test_images\flag_argentina.png,roulette,one-point,uniform,0.01,additive,791,493.2116,10,10,9.7561
.\test_images\flag_argentina.png,elite,uniform,uniform,0.1,exclusive,2000,6559.3408,10,30,64.5383
.\test_images\flag_argentina.png,roulette,one-point,single,0.5,additive,1160,498.7528,10,20,21.7930
.\test_images\flag_argentina.png,roulette,one-point,single,0.1,exclusive,2000,842.6208,10,20,29.0123
.\test_images\flag_argentina.png,roulette,one-point,single,0.5,exclusive,2000,576.7147,10,10,18.4305
.\test_images\flag_argentina.png,roulette,one-point,single,0.01,exclusive,2000,2326.8970,10,30,39.5265
.\test_images\flag_argentina.png,roulette,one-point,uniform,0.01,additive,679,498.2835,10,20,16.8112
.\test_images\flag_argentina.png,roulette,one-point,uniform,0.1,additive,209,492.7565,10,30,8.2233
.\test_images\flag_argentina.png,roulette,one-point,uniform,0.01,additive,604,494.7822,10,30,19.6274
.\test_images\flag_argentina.png,roulette,one-point,uniform,0.1,additive,410,494.6557,10,20,11.5141
.\test_images\flag_argentina.png,roulette,one-point,uniform,0.1,additive,1042,498.3000,10,10,14.7537
.\test_images\flag_argentina.png,roulette,one-point,uniform,0.01,exclusive,2000,1221.9374,10,10,21.6010
.\test_images\flag_argentina.png,roulette,one-point,single,0.1,exclusive,2000,783.6567,10,30,40.0950
.\test_images\flag_argentina.png,elite,uniform,uniform,0.5,exclusive,2000,5525.1689,10,30,74.4348
.\test_images\flag_argentina.png,roulette,one-point,single,0.5,exclusive,2000,1078.8573,10,20,33.4690
.\test_images\flag_argentina.png,roulette,one-point,uniform,0.01,exclusive,1402,483.4756,10,20,26.8492
.\test_images\flag_argentina.png,elite,uniform,uniform,0.5,additive,2000,1153.5790,10,30,84.8292
.\test_images\flag_argentina.png,roulette,ring,single,0.01,additive,2000,3613.8145,10,10,12.7391
.\test_images\flag_argentina.png,roulette,one-point,uniform,0.1,exclusive,2000,2818.7241,10,10,32.6830
.\test_images\flag_argentina.png,roulette,one-point,uniform,0.5,additive,2000,1711.3590,10,10,27.0872
.\test_images\flag_argentina.png,roulette,ring,single,0.01,exclusive,2000,3374.4346,10,10,17.3925
.\test_images\flag_argentina.png,roulette,one-point,single,0.5,exclusive,2000,571.6780,10,30,51.7403
.\test_images\flag_argentina.png,roulette,one-point,uniform,0.5,exclusive,2000,5064.2617,10,10,29.7793
.\test_images\flag_argentina.png,roulette,ring,single,0.01,additive,2000,2606.2617,10,20,26.8709
.\test_images\flag_argentina.png,roulette,one-point,uniform,0.01,exclusive,1993,494.5193,10,30,49.7940
.\test_images\flag_argentina.png,roulette,one-point,uniform,0.1,exclusive,2000,3140.4893,10,20,45.4398
.\test_images\flag_argentina.png,roulette,ring,single,0.01,additive,2000,2412.6992,10,30,31.7098
.\test_images\flag_argentina.png,roulette,ring,single,0.01,exclusive,2000,2360.3193,10,20,25.6053
.\test_images\flag_argentina.png,roulette,ring,single,0.1,additive,2000,1202.4435,10,10,17.7226
.\test_images\flag_argentina.png,roulette,ring,single,0.1,exclusive,2000,1341.5901,10,10,15.6259
.\test_images\flag_argentina.png,roulette,ring,single,0.1,additive,809,494.9768,10,30,17.3999
.\test_images\flag_argentina.png,roulette,ring,single,0.5,additive,1018,496.4731,10,10,13.0123
.\test_images\flag_argentina.png,roulette,ring,single,0.5,additive,339,498.0542,10,30,10.2454
.\test_images\flag_argentina.png,roulette,ring,single,0.01,exclusive,2000,2286.2747,10,30,33.5819
.\test_images\flag_argentina.png,roulette,one-point,uniform,0.5,additive,2000,941.0123,10,20,53.0057
.\test_images\flag_argentina.png,roulette,one-point,uniform,0.5,exclusive,2000,4668.0601,10,20,49.6124
.\test_images\flag_argentina.png,roulette,ring,uniform,0.01,additive,705,499.3781,10,10,9.2564
.\test_images\flag_argentina.png,roulette,ring,single,0.1,additive,2000,538.1623,10,20,28.1922
.\test_images\flag_argentina.png,roulette,ring,single,0.5,exclusive,1607,498.5900,10,10,16.3490
.\test_images\flag_argentina.png,roulette,ring,uniform,0.01,additive,222,481.2118,10,30,6.5684
.\test_images\flag_argentina.png,roulette,ring,uniform,0.01,additive,492,498.8797,10,20,9.4443
.\test_images\flag_argentina.png,roulette,one-point,uniform,0.1,exclusive,2000,3066.8069,10,30,67.4709
.\test_images\flag_argentina.png,roulette,ring,single,0.1,exclusive,2000,661.3019,10,20,33.8059
.\test_images\flag_argentina.png,roulette,ring,single,0.5,additive,1779,498.4447,10,20,27.9457
.\test_images\flag_argentina.png,roulette,ring,uniform,0.1,additive,1011,494.5179,10,10,17.2897
.\test_images\flag_argentina.png,roulette,ring,uniform,0.1,additive,452,492.7246,10,30,14.3184
.\test_images\flag_argentina.png,roulette,ring,uniform,0.01,exclusive,2000,677.2817,10,10,18.5871
.\test_images\flag_argentina.png,roulette,ring,uniform,0.1,additive,786,485.4050,10,20,19.3700
.\test_images\flag_argentina.png,roulette,one-point,uniform,0.5,exclusive,2000,4872.8179,10,30,71.4877
.\test_images\flag_argentina.png,roulette,ring,single,0.5,exclusive,2000,517.5233,10,20,32.8790
.\test_images\flag_argentina.png,roulette,ring,single,0.1,exclusive,2000,737.8592,10,30,43.6681
.\test_images\flag_argentina.png,roulette,ring,uniform,0.1,exclusive,2000,3095.1326,10,10,21.7777
.\test_images\flag_argentina.png,roulette,ring,single,0.5,exclusive,1584,499.2443,10,30,35.8678
.\test_images\flag_argentina.png,roulette,one-point,uniform,0.5,additive,2000,1271.2271,10,30,87.8193
.\test_images\flag_argentina.png,roulette,ring,uniform,0.01,exclusive,2000,1020.4673,10,20,38.7234
.\test_images\flag_argentina.png,roulette,uniform,single,0.01,additive,2000,3959.1868,10,10,17.2153
.\test_images\flag_argentina.png,roulette,uniform,single,0.01,exclusive,2000,3288.0308,10,10,14.8142
.\test_images\flag_argentina.png,roulette,ring,uniform,0.5,additive,2000,977.8036,10,10,30.2507
.\test_images\flag_argentina.png,roulette,ring,uniform,0.1,exclusive,2000,2759.4702,10,20,43.3678
.\test_images\flag_argentina.png,roulette,ring,uniform,0.5,exclusive,2000,4992.1450,10,10,32.8349
.\test_images\flag_argentina.png,roulette,ring,uniform,0.01,exclusive,2000,1089.6831,10,30,51.1391
.\test_images\flag_argentina.png,roulette,uniform,single,0.01,exclusive,2000,3387.5999,10,20,26.8204
.\test_images\flag_argentina.png,roulette,uniform,single,0.1,additive,2000,851.0261,10,10,15.4307
.\test_images\flag_argentina.png,roulette,uniform,single,0.01,additive,2000,2571.6968,10,20,33.7840
.\test_images\flag_argentina.png,roulette,ring,uniform,0.5,additive,2000,683.1442,10,20,46.0126
.\test_images\flag_argentina.png,roulette,uniform,single,0.1,additive,1513,498.1368,10,20,21.5336
.\test_images\flag_argentina.png,roulette,uniform,single,0.5,additive,401,478.4879,10,20,8.5306
.\test_images\flag_argentina.png,roulette,uniform,single,0.01,additive,2000,2153.0950,10,30,38.2965
.\test_images\flag_argentina.png,roulette,uniform,single,0.1,exclusive,2000,1265.4429,10,10,20.2690
.\test_images\flag_argentina.png,roulette,ring,uniform,0.5,exclusive,2000,4447.1909,10,20,46.4874
.\test_images\flag_argentina.png,roulette,ring,uniform,0.1,exclusive,2000,3262.6455,10,30,61.1139
.\test_images\flag_argentina.png,roulette,uniform,uniform,0.01,additive,682,499.9815,10,10,8.2424
.\test_images\flag_argentina.png,roulette,uniform,uniform,0.01,additive,475,499.2535,10,20,10.0509
.\test_images\flag_argentina.png,roulette,uniform,single,0.5,additive,1680,489.6948,10,10,21.6563
.\test_images\flag_argentina.png,roulette,uniform,single,0.01,exclusive,2000,2859.1841,10,30,40.3038
.\test_images\flag_argentina.png,roulette,uniform,single,0.5,additive,755,497.5619,10,30,22.3597
.\test_images\flag_argentina.png,roulette,uniform,single,0.1,exclusive,2000,679.6224,10,20,29.4594
.\test_images\flag_argentina.png,roulette,uniform,uniform,0.01,additive,480,499.2386,10,30,16.6423
.\test_images\flag_argentina.png,roulette,uniform,single,0.1,additive,2000,735.7749,10,30,40.1516
.\test_images\flag_argentina.png,roulette,uniform,single,0.5,exclusive,2000,657.2539,10,10,25.5650
.\test_images\flag_argentina.png,roulette,uniform,uniform,0.01,exclusive,2000,558.6805,10,10,20.5208
.\test_images\flag_argentina.png,roulette,ring,uniform,0.5,exclusive,2000,4839.5483,10,30,66.5361
.\test_images\flag_argentina.png,roulette,ring,uniform,0.5,additive,2000,989.3527,10,30,71.2868
.\test_images\flag_argentina.png,roulette,uniform,uniform,0.1,additive,1257,499.9923,10,10,16.7525
.\test_images\flag_argentina.png,roulette,uniform,single,0.5,exclusive,2000,1128.4718,10,20,34.7714
.\test_images\flag_argentina.png,roulette,uniform,uniform,0.1,additive,460,492.6213,10,30,18.4569
.\test_images\flag_argentina.png,roulette,uniform,uniform,0.1,additive,921,496.8609,10,20,26.3781
.\test_images\flag_argentina.png,roulette,uniform,uniform,0.1,exclusive,2000,3251.2466,10,10,23.3241
.\test_images\flag_argentina.png,roulette,uniform,single,0.1,exclusive,2000,658.5369,10,30,54.0554
.\test_images\flag_argentina.png,universal,one-point,single,0.01,additive,2000,3385.8743,10,10,14.6355
.\test_images\flag_argentina.png,roulette,uniform,uniform,0.01,exclusive,2000,806.9589,10,20,41.6038
.\test_images\flag_argentina.png,roulette,uniform,single,0.5,exclusive,2000,756.6942,10,30,49.5838
.\test_images\flag_argentina.png,roulette,uniform,uniform,0.5,additive,2000,1263.9392,10,10,30.3115
.\test_images\flag_argentina.png,roulette,uniform,uniform,0.5,exclusive,2000,5026.8828,10,10,31.0200
.\test_images\flag_argentina.png,universal,one-point,single,0.01,exclusive,2000,3445.1560,10,10,17.4692
.\test_images\flag_argentina.png,roulette,uniform,uniform,0.1,exclusive,2000,3531.7759,10,20,43.2578
.\test_images\flag_argentina.png,universal,one-point,single,0.01,additive,2000,2214.3447,10,20,30.8036
.\test_images\flag_argentina.png,roulette,uniform,uniform,0.01,exclusive,2000,808.5862,10,30,55.4196
.\test_images\flag_argentina.png,universal,one-point,single,0.1,additive,2000,1181.3589,10,10,19.9835
.\test_images\flag_argentina.png,universal,one-point,single,0.01,exclusive,2000,2256.0574,10,20,27.7306
.\test_images\flag_argentina.png,universal,one-point,single,0.5,additive,365,498.6568,10,20,8.1144
.\test_images\flag_argentina.png,universal,one-point,single,0.1,exclusive,2000,1027.0999,10,10,16.8107
.\test_images\flag_argentina.png,universal,one-point,single,0.5,additive,666,498.5049,10,10,9.2498
.\test_images\flag_argentina.png,roulette,uniform,uniform,0.5,additive,2000,1105.0265,10,20,54.9588
.\test_images\flag_argentina.png,universal,one-point,single,0.01,additive,2000,2041.6836,10,30,37.1820
.\test_images\flag_argentina.png,universal,one-point,single,0.1,additive,2000,533.5891,10,20,27.6607
.\test_images\flag_argentina.png,universal,one-point,single,0.1,additive,1473,493.5218,10,30,29.8792
.\test_images\flag_argentina.png,roulette,uniform,uniform,0.5,exclusive,2000,4686.1611,10,20,54.7180
.\test_images\flag_argentina.png,universal,one-point,uniform,0.01,additive,594,490.8079,10,10,8.3887
.\test_images\flag_argentina.png,universal,one-point,single,0.5,additive,515,486.2228,10,30,13.4525
.\test_images\flag_argentina.png,universal,one-point,single,0.01,exclusive,2000,2432.8816,10,30,35.9940
.\test_images\flag_argentina.png,universal,one-point,uniform,0.01,additive,452,499.5096,10,20,10.3614
.\test_images\flag_argentina.png,roulette,uniform,uniform,0.1,exclusive,2000,3225.9951,10,30,68.5860
.\test_images\flag_argentina.png,universal,one-point,single,0.1,exclusive,2000,1090.0154,10,20,30.3754
.\test_images\flag_argentina.png,universal,one-point,uniform,0.1,additive,320,499.1655,10,10,6.7115
.\test_images\flag_argentina.png,universal,one-point,single,0.5,exclusive,1726,499.4511,10,10,18.0774
.\test_images\flag_argentina.png,universal,one-point,uniform,0.01,exclusive,1124,499.5789,10,10,11.9615
.\test_images\flag_argentina.png,universal,one-point,uniform,0.1,additive,167,467.1728,10,30,7.2647
.\test_images\flag_argentina.png,universal,one-point,uniform,0.01,additive,489,497.9320,10,30,16.5686
.\test_images\flag_argentina.png,roulette,uniform,uniform,0.5,additive,2000,1164.9060,10,30,73.3652
.\test_images\flag_argentina.png,universal,one-point,single,0.1,exclusive,2000,709.1224,10,30,37.5607
.\test_images\flag_argentina.png,roulette,uniform,uniform,0.5,exclusive,2000,4765.8999,10,30,79.5457
.\test_images\flag_argentina.png,universal,one-point,uniform,0.1,additive,1011,499.9512,10,20,25.1821
.\test_images\flag_argentina.png,universal,one-point,single,0.5,exclusive,2000,636.7837,10,20,35.9418
.\test_images\flag_argentina.png,universal,ring,single,0.01,additive,2000,3183.2900,10,10,14.3171
.\test_images\flag_argentina.png,universal,one-point,uniform,0.01,exclusive,2000,956.4021,10,20,36.4075
.\test_images\flag_argentina.png,universal,one-point,uniform,0.1,exclusive,2000,2937.3472,10,10,32.0886
.\test_images\flag_argentina.png,universal,one-point,uniform,0.5,exclusive,2000,5112.6465,10,10,26.2599
.\test_images\flag_argentina.png,universal,one-point,single,0.5,exclusive,2000,670.5220,10,30,46.7335
.\test_images\flag_argentina.png,universal,ring,single,0.01,exclusive,2000,4071.2202,10,10,13.8014
.\test_images\flag_argentina.png,universal,one-point,uniform,0.5,additive,2000,1338.8075,10,10,40.8168
.\test_images\flag_argentina.png,universal,ring,single,0.1,additive,590,499.2468,10,30,11.8473
.\test_images\flag_argentina.png,universal,ring,single,0.01,additive,2000,2229.1682,10,20,25.0176
.\test_images\flag_argentina.png,universal,one-point,uniform,0.1,exclusive,2000,2659.7380,10,20,45.7016
.\test_images\flag_argentina.png,universal,ring,single,0.1,additive,2000,1083.1222,10,10,16.7910
.\test_images\flag_argentina.png,universal,one-point,uniform,0.01,exclusive,2000,946.8206,10,30,54.9711
.\test_images\flag_argentina.png,universal,ring,single,0.01,exclusive,2000,2702.0540,10,20,24.7171
.\test_images\flag_argentina.png,universal,ring,single,0.1,exclusive,2000,1486.7074,10,10,15.7438
.\test_images\flag_argentina.png,universal,one-point,uniform,0.5,additive,2000,548.0026,10,20,50.5966
.\test_images\flag_argentina.png,universal,ring,single,0.5,additive,846,497.5669,10,10,8.7458
.\test_images\flag_argentina.png,universal,ring,single,0.5,additive,430,494.9886,10,20,9.1438
.\test_images\flag_argentina.png,universal,ring,single,0.01,additive,2000,1844.4159,10,30,35.5979
.\test_images\flag_argentina.png,universal,ring,single,0.5,additive,322,498.8888,10,30,8.6882
.\test_images\flag_argentina.png,universal,ring,single,0.1,additive,2000,654.6498,10,20,26.7577
.\test_images\flag_argentina.png,universal,one-point,uniform,0.5,exclusive,2000,5149.7329,10,20,54.2010
.\test_images\flag_argentina.png,universal,ring,uniform,0.01,additive,570,492.7465,10,10,8.7837
.\test_images\flag_argentina.png,universal,ring,uniform,0.01,additive,365,499.6488,10,20,7.2610
.\test_images\flag_argentina.png,universal,ring,single,0.01,exclusive,2000,1536.3302,10,30,32.5946
.\test_images\flag_argentina.png,universal,one-point,uniform,0.1,exclusive,2000,2661.0947,10,30,63.6847
.\test_images\flag_argentina.png,universal,ring,uniform,0.01,additive,273,490.8838,10,30,9.4120
.\test_images\flag_argentina.png,universal,ring,uniform,0.1,additive,520,497.3331,10,10,10.0870
.\test_images\flag_argentina.png,universal,ring,single,0.5,exclusive,2000,697.2238,10,10,21.4430
.\test_images\flag_argentina.png,universal,ring,uniform,0.1,additive,400,496.8955,10,20,10.8805
.\test_images\flag_argentina.png,universal,ring,single,0.1,exclusive,2000,527.1656,10,20,31.1278
.\test_images\flag_argentina.png,universal,one-point,uniform,0.5,additive,2000,1070.9890,10,30,72.7269
.\test_images\flag_argentina.png,universal,ring,uniform,0.1,additive,361,495.1298,10,30,13.9649
.\test_images\flag_argentina.png,universal,ring,single,0.1,exclusive,2000,570.6213,10,30,33.1968
.\test_images\flag_argentina.png,universal,ring,uniform,0.01,exclusive,1797,488.1234,10,10,22.0968
.\test_images\flag_argentina.png,universal,ring,single,0.5,exclusive,1147,499.8766,10,30,27.3583
.\test_images\flag_argentina.png,universal,one-point,uniform,0.5,exclusive,2000,4637.3315,10,30,73.8377
.\test_images\flag_argentina.png,universal,ring,single,0.5,exclusive,2000,741.3226,10,20,35.0809
.\test_images\flag_argentina.png,universal,ring,uniform,0.1,exclusive,2000,3060.3481,10,10,30.8392
.\test_images\flag_argentina.png,universal,uniform,single,0.01,additive,2000,3496.5881,10,10,15.5612
.\test_images\flag_argentina.png,universal,ring,uniform,0.01,exclusive,2000,1087.0345,10,20,37.9574
.\test_images\flag_argentina.png,universal,ring,uniform,0.5,additive,2000,1386.0494,10,10,29.6103
.\test_images\flag_argentina.png,universal,uniform,single,0.01,exclusive,2000,3571.4917,10,10,15.6009
.\test_images\flag_argentina.png,universal,ring,uniform,0.5,exclusive,2000,4142.9009,10,10,31.8437
.\test_images\flag_argentina.png,universal,ring,uniform,0.1,exclusive,2000,2137.3167,10,20,41.6421
.\test_images\flag_argentina.png,universal,ring,uniform,0.01,exclusive,2000,808.1136,10,30,48.5603
.\test_images\flag_argentina.png,universal,uniform,single,0.1,additive,2000,1316.9943,10,10,16.9548
.\test_images\flag_argentina.png,universal,uniform,single,0.01,additive,2000,2591.0552,10,20,33.2939
.\test_images\flag_argentina.png,universal,uniform,single,0.01,exclusive,2000,2418.8372,10,20,30.5588
.\test_images\flag_argentina.png,universal,uniform,single,0.1,exclusive,2000,1145.4595,10,10,17.7992
.\test_images\flag_argentina.png,universal,uniform,single,0.01,additive,2000,2435.3794,10,30,38.8319
.\test_images\flag_argentina.png,universal,uniform,single,0.5,additive,980,497.5009,10,10,11.1978
.\test_images\flag_argentina.png,universal,ring,uniform,0.5,exclusive,2000,4814.2466,10,20,46.1775
.\test_images\flag_argentina.png,universal,uniform,single,0.1,additive,1922,499.9172,10,20,28.1179
.\test_images\flag_argentina.png,universal,ring,uniform,0.5,additive,2000,1091.3185,10,20,51.4397
.\test_images\flag_argentina.png,universal,uniform,single,0.1,additive,1118,480.0098,10,30,24.1799
.\test_images\flag_argentina.png,universal,ring,uniform,0.1,exclusive,2000,2805.7625,10,30,58.9880
.\test_images\flag_argentina.png,universal,uniform,single,0.5,additive,435,498.1485,10,30,12.8724
.\test_images\flag_argentina.png,universal,uniform,uniform,0.01,additive,579,494.4799,10,10,8.9251
.\test_images\flag_argentina.png,universal,uniform,single,0.5,additive,801,498.4040,10,20,19.0172
.\test_images\flag_argentina.png,universal,uniform,uniform,0.01,additive,493,491.6383,10,20,11.7038
.\test_images\flag_argentina.png,universal,uniform,single,0.01,exclusive,2000,2766.0010,10,30,41.6912
.\test_images\flag_argentina.png,universal,uniform,single,0.5,exclusive,1613,499.3879,10,10,18.0883
.\test_images\flag_argentina.png,universal,uniform,uniform,0.01,additive,420,496.3991,10,30,13.8616
.\test_images\flag_argentina.png,universal,uniform,single,0.1,exclusive,2000,768.6979,10,20,31.3401
.\test_images\flag_argentina.png,universal,uniform,uniform,0.1,additive,428,496.3459,10,20,13.3421
.\test_images\flag_argentina.png,universal,uniform,uniform,0.1,additive,1350,442.9778,10,10,18.4753
.\test_images\flag_argentina.png,universal,ring,uniform,0.5,exclusive,2000,5012.6802,10,30,68.4178
.\test_images\flag_argentina.png,universal,ring,uniform,0.5,additive,2000,766.9180,10,30,72.0782
.\test_images\flag_argentina.png,universal,uniform,uniform,0.1,additive,414,490.2794,10,30,15.8448
.\test_images\flag_argentina.png,universal,uniform,single,0.1,exclusive,2000,862.7633,10,30,40.8606
.\test_images\flag_argentina.png,universal,uniform,uniform,0.01,exclusive,2000,691.6841,10,10,31.0930
.\test_images\flag_argentina.png,universal,uniform,single,0.5,exclusive,2000,694.7050,10,20,40.3837
.\test_images\flag_argentina.png,universal,uniform,uniform,0.1,exclusive,2000,2546.7896,10,10,29.9789
.\test_images\flag_argentina.png,boltzmann,one-point,single,0.01,additive,2000,3507.6228,10,10,17.2253
.\test_images\flag_argentina.png,universal,uniform,uniform,0.01,exclusive,1481,495.6633,10,30,41.3145
.\test_images\flag_argentina.png,universal,uniform,single,0.5,exclusive,2000,539.3192,10,30,48.0463
.\test_images\flag_argentina.png,universal,uniform,uniform,0.01,exclusive,2000,808.5146,10,20,43.1910
.\test_images\flag_argentina.png,universal,uniform,uniform,0.5,additive,2000,1160.1245,10,10,34.1681
.\test_images\flag_argentina.png,universal,uniform,uniform,0.5,exclusive,2000,4547.1689,10,10,29.2772
.\test_images\flag_argentina.png,boltzmann,one-point,single,0.01,additive,2000,2569.8225,10,20,26.1651
.\test_images\flag_argentina.png,boltzmann,one-point,single,0.01,exclusive,2000,4306.2822,10,10,19.6825
.\test_images\flag_argentina.png,universal,uniform,uniform,0.1,exclusive,2000,2856.7410,10,20,45.7120
.\test_images\flag_argentina.png,boltzmann,one-point,single,0.1,additive,2000,1018.3373,10,10,22.6072
.\test_images\flag_argentina.png,boltzmann,one-point,single,0.1,exclusive,2000,1746.0676,10,10,16.8507
.\test_images\flag_argentina.png,boltzmann,one-point,single,0.01,exclusive,2000,2381.0422,10,20,25.4163
.\test_images\flag_argentina.png,boltzmann,one-point,single,0.5,additive,1125,491.7252,10,10,11.4164
.\test_images\flag_argentina.png,boltzmann,one-point,single,0.01,additive,2000,2249.0879,10,30,37.4114
.\test_images\flag_argentina.png,universal,uniform,uniform,0.5,additive,2000,1370.4900,10,20,56.1052
.\test_images\flag_argentina.png,boltzmann,one-point,single,0.1,additive,2000,500.4059,10,20,28.8140
.\test_images\flag_argentina.png,universal,uniform,uniform,0.1,exclusive,2000,2356.5464,10,30,61.4351
.\test_images\flag_argentina.png,universal,uniform,uniform,0.5,exclusive,2000,4821.4580,10,20,52.2806
.\test_images\flag_argentina.png,boltzmann,one-point,single,0.5,exclusive,339,487.8313,10,30,8.7769
.\test_images\flag_argentina.png,boltzmann,one-point,single,0.1,exclusive,1711,497.6987,10,20,25.7774
.\test_images\flag_argentina.png,boltzmann,one-point,single,0.01,exclusive,2000,2772.0293,10,30,37.0875
.\test_images\flag_argentina.png,boltzmann,one-point,uniform,0.01,additive,773,499.8071,10,10,10.5344
.\test_images\flag_argentina.png,boltzmann,one-point,uniform,0.01,additive,390,499.6711,10,20,9.0216
.\test_images\flag_argentina.png,boltzmann,one-point,single,0.5,exclusive,1414,499.2059,10,10,16.0131
.\test_images\flag_argentina.png,boltzmann,one-point,single,0.5,additive,629,499.7661,10,30,17.2015
.\test_images\flag_argentina.png,boltzmann,one-point,single,0.5,exclusive,922,499.6261,10,20,16.1419
.\test_images\flag_argentina.png,boltzmann,one-point,uniform,0.01,additive,393,495.9460,10,30,11.6627
.\test_images\flag_argentina.png,boltzmann,one-point,uniform,0.1,additive,855,498.0688,10,10,13.2634
.\test_images\flag_argentina.png,boltzmann,one-point,single,0.1,additive,2000,700.0997,10,30,45.5529
.\test_images\flag_argentina.png,boltzmann,one-point,uniform,0.01,exclusive,1441,486.7823,10,10,18.1699
.\test_images\flag_argentina.png,boltzmann,one-point,single,0.1,exclusive,2000,1189.7689,10,30,42.0497
.\test_images\flag_argentina.png,boltzmann,one-point,single,0.5,additive,2000,658.4137,10,20,35.6286
.\test_images\flag_argentina.png,boltzmann,one-point,uniform,0.01,exclusive,611,499.1979,10,30,18.5265
.\test_images\flag_argentina.png,universal,uniform,uniform,0.5,additive,2000,1321.7234,10,30,77.5099
.\test_images\flag_argentina.png,universal,uniform,uniform,0.5,exclusive,2000,4628.4839,10,30,75.2411
.\test_images\flag_argentina.png,boltzmann,one-point,uniform,0.01,exclusive,1185,491.6207,10,20,23.9437
.\test_images\flag_argentina.png,boltzmann,one-point,uniform,0.1,additive,885,499.8441,10,20,20.1600
.\test_images\flag_argentina.png,boltzmann,one-point,uniform,0.1,exclusive,664,497.8328,10,20,17.6553
.\test_images\flag_argentina.png,boltzmann,one-point,uniform,0.1,exclusive,1564,494.8578,10,10,25.6495
.\test_images\flag_argentina.png,boltzmann,one-point,uniform,0.1,exclusive,666,497.9133,10,30,24.0181
.\test_images\flag_argentina.png,boltzmann,ring,single,0.01,additive,2000,3550.3154,10,10,13.4934
.\test_images\flag_argentina.png,boltzmann,one-point,uniform,0.1,additive,762,498.8558,10,30,30.1506
.\test_images\flag_argentina.png,boltzmann,one-point,uniform,0.5,additive,2000,1235.0808,10,10,28.0932
.\test_images\flag_argentina.png,boltzmann,ring,single,0.01,exclusive,2000,3638.2727,10,10,15.9887
.\test_images\flag_argentina.png,boltzmann,ring,single,0.01,additive,2000,2434.4585,10,20,21.8735
.\test_images\flag_argentina.png,boltzmann,ring,single,0.1,additive,2000,1024.5496,10,10,17.6484
.\test_images\flag_argentina.png,boltzmann,one-point,uniform,0.5,exclusive,2000,2993.8279,10,10,28.8501
.\test_images\flag_argentina.png,boltzmann,ring,single,0.1,exclusive,2000,1431.0903,10,10,14.5479
.\test_images\flag_argentina.png,boltzmann,ring,single,0.1,additive,638,497.7655,10,30,15.6009
.\test_images\flag_argentina.png,boltzmann,ring,single,0.5,additive,1047,499.4077,10,10,11.5654
.\test_images\flag_argentina.png,boltzmann,ring,single,0.01,exclusive,2000,3212.7419,10,20,28.6644
.\test_images\flag_argentina.png,boltzmann,ring,single,0.5,exclusive,884,419.7206,10,10,8.9588
.\test_images\flag_argentina.png,boltzmann,ring,single,0.01,additive,2000,2377.5205,10,30,32.3592
.\test_images\flag_argentina.png,boltzmann,ring,single,0.5,additive,433,499.8731,10,30,13.0228
.\test_images\flag_argentina.png,boltzmann,ring,single,0.1,additive,1652,490.0565,10,20,25.8720
.\test_images\flag_argentina.png,boltzmann,ring,uniform,0.01,additive,533,495.6011,10,10,6.8445
.\test_images\flag_argentina.png,boltzmann,ring,single,0.01,exclusive,2000,2461.8101,10,30,33.3044
.\test_images\flag_argentina.png,boltzmann,ring,single,0.5,exclusive,442,498.9871,10,30,12.7306
.\test_images\flag_argentina.png,boltzmann,one-point,uniform,0.5,additive,2000,687.5615,10,20,50.4158
.\test_images\flag_argentina.png,boltzmann,ring,uniform,0.01,additive,234,495.8590,10,30,7.7327
.\test_images\flag_argentina.png,boltzmann,ring,uniform,0.01,exclusive,844,491.9789,10,10,9.0121
.\test_images\flag_argentina.png,boltzmann,ring,uniform,0.01,additive,565,499.7394,10,20,11.6755
.\test_images\flag_argentina.png,boltzmann,ring,single,0.1,exclusive,2000,1042.0538,10,20,31.5688
.\test_images\flag_argentina.png,boltzmann,ring,uniform,0.01,exclusive,333,498.4212,10,30,9.8483
.\test_images\flag_argentina.png,boltzmann,one-point,uniform,0.5,exclusive,2000,2669.7825,10,20,51.3744
.\test_images\flag_argentina.png,boltzmann,ring,uniform,0.1,exclusive,144,493.9602,10,30,5.6836
.\test_images\flag_argentina.png,boltzmann,ring,uniform,0.1,additive,870,462.3039,10,10,12.1585
.\test_images\flag_argentina.png,boltzmann,ring,uniform,0.1,exclusive,703,495.1511,10,10,10.2626
.\test_images\flag_argentina.png,boltzmann,ring,single,0.5,additive,1650,493.3875,10,20,30.5771
.\test_images\flag_argentina.png,boltzmann,ring,single,0.1,exclusive,2000,666.4395,10,30,36.8852
.\test_images\flag_argentina.png,boltzmann,ring,uniform,0.1,exclusive,575,498.8889,10,20,15.7879
.\test_images\flag_argentina.png,boltzmann,ring,uniform,0.01,exclusive,1068,499.4278,10,20,22.3577
.\test_images\flag_argentina.png,boltzmann,ring,single,0.5,exclusive,2000,531.8180,10,20,34.3786
.\test_images\flag_argentina.png,boltzmann,ring,uniform,0.1,additive,581,495.2421,10,30,21.7867
.\test_images\flag_argentina.png,boltzmann,uniform,single,0.01,additive,2000,4002.6592,10,10,13.8340
.\test_images\flag_argentina.png,boltzmann,one-point,uniform,0.5,exclusive,2000,2193.4541,10,30,72.8648
.\test_images\flag_argentina.png,boltzmann,one-point,uniform,0.5,additive,2000,783.9027,10,30,77.0004
.\test_images\flag_argentina.png,boltzmann,ring,uniform,0.5,additive,2000,1317.2700,10,10,28.6302
.\test_images\flag_argentina.png,boltzmann,ring,uniform,0.5,exclusive,2000,3352.4746,10,10,26.3982
.\test_images\flag_argentina.png,boltzmann,ring,uniform,0.1,additive,1725,496.5966,10,20,38.0277
.\test_images\flag_argentina.png,boltzmann,uniform,single,0.01,exclusive,2000,3848.5696,10,10,19.7893
.\test_images\flag_argentina.png,boltzmann,uniform,single,0.01,additive,2000,3122.0049,10,20,27.9919
.\test_images\flag_argentina.png,boltzmann,uniform,single,0.1,additive,2000,969.5812,10,10,23.4178
.\test_images\flag_argentina.png,boltzmann,uniform,single,0.01,exclusive,2000,2967.7385,10,20,29.6891
.\test_images\flag_argentina.png,boltzmann,uniform,single,0.5,additive,1178,497.5372,10,10,12.8217
.\test_images\flag_argentina.png,boltzmann,uniform,single,0.01,additive,2000,2542.4380,10,30,38.2185
.\test_images\flag_argentina.png,boltzmann,uniform,single,0.1,exclusive,2000,1386.9615,10,10,20.8376
.\test_images\flag_argentina.png,boltzmann,uniform,single,0.1,additive,2000,603.3525,10,20,29.0822
.\test_images\flag_argentina.png,boltzmann,ring,uniform,0.5,exclusive,2000,2461.8503,10,20,46.9111
.\test_images\flag_argentina.png,boltzmann,ring,uniform,0.5,additive,2000,1069.8973,10,20,53.2178
.\test_images\flag_argentina.png,boltzmann,uniform,single,0.01,exclusive,2000,2782.6694,10,30,38.1119
.\test_images\flag_argentina.png,boltzmann,uniform,uniform,0.01,additive,326,497.5847,10,20,8.3840
.\test_images\flag_argentina.png,boltzmann,uniform,single,0.1,exclusive,2000,899.2143,10,20,32.6439
.\test_images\flag_argentina.png,boltzmann,uniform,uniform,0.01,additive,441,494.0907,10,30,12.8062
.\test_images\flag_argentina.png,boltzmann,uniform,single,0.5,additive,1444,499.9853,10,20,31.0835
.\test_images\flag_argentina.png,boltzmann,uniform,single,0.5,additive,1072,491.8270,10,30,27.9568
.\test_images\flag_argentina.png,boltzmann,uniform,single,0.5,exclusive,2000,1018.9500,10,10,22.9385
.\test_images\flag_argentina.png,boltzmann,uniform,single,0.5,exclusive,761,478.4682,10,30,21.8719
.\test_images\flag_argentina.png,boltzmann,uniform,uniform,0.01,exclusive,459,499.5164,10,20,10.8268
.\test_images\flag_argentina.png,boltzmann,uniform,uniform,0.01,exclusive,1380,490.2797,10,10,16.5016
.\test_images\flag_argentina.png,boltzmann,uniform,uniform,0.01,additive,1889,497.7464,10,10,21.3674
.\test_images\flag_argentina.png,boltzmann,uniform,single,0.1,additive,2000,564.3692,10,30,41.6815
.\test_images\flag_argentina.png,boltzmann,uniform,uniform,0.1,exclusive,167,495.9924,10,20,5.7311
.\test_images\flag_argentina.png,boltzmann,uniform,uniform,0.1,exclusive,412,487.5212,10,10,7.0894
.\test_images\flag_argentina.png,boltzmann,uniform,single,0.1,exclusive,2000,610.1480,10,30,40.5305
.\test_images\flag_argentina.png,boltzmann,uniform,uniform,0.1,additive,238,499.9171,10,30,9.4018
.\test_images\flag_argentina.png,boltzmann,ring,uniform,0.5,additive,2000,1123.7500,10,30,72.4828
.\test_images\flag_argentina.png,boltzmann,uniform,uniform,0.1,exclusive,345,497.5920,10,30,13.5278
.\test_images\flag_argentina.png,boltzmann,ring,uniform,0.5,exclusive,2000,2348.9702,10,30,73.2172
.\test_images\flag_argentina.png,boltzmann,uniform,uniform,0.1,additive,1827,494.6914,10,10,24.8661
.\test_images\flag_argentina.png,boltzmann,uniform,single,0.5,exclusive,2000,547.0400,10,20,40.0545
.\test_images\flag_argentina.png,ranking,one-point,single,0.01,additive,2000,3670.8955,10,10,20.0953
.\test_images\flag_argentina.png,ranking,one-point,single,0.01,exclusive,2000,3786.9648,10,10,15.8820
.\test_images\flag_argentina.png,boltzmann,uniform,uniform,0.5,additive,2000,1150.9016,10,10,27.9144
.\test_images\flag_argentina.png,boltzmann,uniform,uniform,0.1,additive,1252,483.6379,10,20,33.9690
.\test_images\flag_argentina.png,ranking,one-point,single,0.01,additive,2000,2823.6440,10,20,25.3407
.\test_images\flag_argentina.png,boltzmann,uniform,uniform,0.5,exclusive,2000,3229.2949,10,10,28.6335
.\test_images\flag_argentina.png,ranking,one-point,single,0.1,additive,2000,1097.4286,10,10,21.6710
.\test_images\flag_argentina.png,ranking,one-point,single,0.5,additive,685,492.9649,10,10,8.0003
.\test_images\flag_argentina.png,ranking,one-point,single,0.01,exclusive,2000,2850.7278,10,20,28.7620
.\test_images\flag_argentina.png,ranking,one-point,single,0.01,additive,2000,2410.1655,10,30,35.8020
.\test_images\flag_argentina.png,ranking,one-point,single,0.1,exclusive,2000,1535.1321,10,10,18.4089
.\test_images\flag_argentina.png,ranking,one-point,single,0.5,additive,301,493.1396,10,30,9.1973
.\test_images\flag_argentina.png,ranking,one-point,single,0.1,additive,1993,499.3261,10,20,30.4137
.\test_images\flag_argentina.png,ranking,one-point,single,0.5,additive,909,498.6670,10,20,16.4378
.\test_images\flag_argentina.png,ranking,one-point,single,0.5,exclusive,1054,496.9529,10,10,10.1794
.\test_images\flag_argentina.png,ranking,one-point,single,0.1,additive,1205,490.5518,10,30,26.2106
.\test_images\flag_argentina.png,boltzmann,uniform,uniform,0.01,exclusive,2000,605.1638,10,30,61.2079
.\test_images\flag_argentina.png,ranking,one-point,uniform,0.01,additive,613,497.5863,10,10,8.1444
.\test_images\flag_argentina.png,ranking,one-point,single,0.01,exclusive,2000,2735.8381,10,30,39.1235
.\test_images\flag_argentina.png,boltzmann,uniform,uniform,0.5,exclusive,2000,2469.9832,10,20,50.5140
.\test_images\flag_argentina.png,ranking,one-point,single,0.1,exclusive,2000,758.6032,10,20,26.6226
.\test_images\flag_argentina.png,ranking,one-point,uniform,0.01,additive,363,491.9151,10,30,12.6418
.\test_images\flag_argentina.png,boltzmann,uniform,uniform,0.5,additive,2000,1415.9355,10,20,62.1276
.\test_images\flag_argentina.png,ranking,one-point,uniform,0.01,exclusive,419,488.2972,10,30,11.9992
.\test_images\flag_argentina.png,ranking,one-point,single,0.5,exclusive,1327,499.7997,10,20,24.7658
.\test_images\flag_argentina.png,ranking,one-point,uniform,0.1,additive,543,496.3158,10,20,13.7761
.\test_images\flag_argentina.png,ranking,one-point,uniform,0.01,exclusive,1579,499.9937,10,10,18.0056
.\test_images\flag_argentina.png,ranking,one-point,uniform,0.01,additive,1107,497.8687,10,20,20.9842
.\test_images\flag_argentina.png,ranking,one-point,uniform,0.01,exclusive,1121,496.9012,10,20,21.8480
.\test_images\flag_argentina.png,ranking,one-point,uniform,0.1,additive,596,499.8195,10,30,21.9295
.\test_images\flag_argentina.png,ranking,one-point,single,0.1,exclusive,2000,963.0690,10,30,45.9611
.\test_images\flag_argentina.png,ranking,one-point,single,0.5,exclusive,1324,499.1332,10,30,33.4326
.\test_images\flag_argentina.png,ranking,one-point,uniform,0.1,additive,2000,516.8398,10,10,26.4291
.\test_images\flag_argentina.png,boltzmann,uniform,uniform,0.5,exclusive,2000,2457.3118,10,30,74.7216
.\test_images\flag_argentina.png,ranking,one-point,uniform,0.1,exclusive,2000,3220.8770,10,10,27.9445
.\test_images\flag_argentina.png,boltzmann,uniform,uniform,0.5,additive,2000,1306.6621,10,30,79.0056
.\test_images\flag_argentina.png,ranking,ring,single,0.01,additive,2000,3550.7827,10,10,19.3710
.\test_images\flag_argentina.png,ranking,ring,single,0.01,exclusive,2000,3680.4556,10,10,15.4191
.\test_images\flag_argentina.png,ranking,one-point,uniform,0.5,exclusive,2000,4643.1050,10,10,27.0094
.\test_images\flag_argentina.png,ranking,one-point,uniform,0.5,additive,2000,1571.8391,10,10,31.9826
.\test_images\flag_argentina.png,ranking,ring,single,0.1,additive,2000,870.8071,10,10,14.2536
.\test_images\flag_argentina.png,ranking,one-point,uniform,0.1,exclusive,2000,2341.7004,10,20,43.1015
.\test_images\flag_argentina.png,ranking,ring,single,0.01,exclusive,2000,2625.8777,10,20,22.6544
.\test_images\flag_argentina.png,ranking,ring,single,0.01,additive,2000,2482.0764,10,20,27.0366
.\test_images\flag_argentina.png,ranking,ring,single,0.1,additive,2000,893.8326,10,20,25.5313
.\test_images\flag_argentina.png,ranking,ring,single,0.1,exclusive,2000,1751.9062,10,10,15.8724
.\test_images\flag_argentina.png,ranking,ring,single,0.5,additive,1214,490.8650,10,10,12.4654
.\test_images\flag_argentina.png,ranking,ring,single,0.01,exclusive,2000,2314.7932,10,30,30.7953
.\test_images\flag_argentina.png,ranking,ring,single,0.01,additive,2000,2467.9768,10,30,35.7506
.\test_images\flag_argentina.png,ranking,ring,single,0.1,additive,1078,499.6329,10,30,20.7097
.\test_images\flag_argentina.png,ranking,one-point,uniform,0.5,exclusive,2000,4428.7759,10,20,48.0667
.\test_images\flag_argentina.png,ranking,ring,uniform,0.01,additive,530,488.3909,10,10,6.0125
.\test_images\flag_argentina.png,ranking,ring,single,0.5,additive,1094,499.5657,10,20,18.0859
.\test_images\flag_argentina.png,ranking,one-point,uniform,0.5,additive,2000,1040.4495,10,20,55.8092
.\test_images\flag_argentina.png,ranking,ring,single,0.5,exclusive,495,496.8281,10,30,12.5634
.\test_images\flag_argentina.png,ranking,ring,single,0.1,exclusive,2000,1075.3428,10,20,27.7987
.\test_images\flag_argentina.png,ranking,one-point,uniform,0.1,exclusive,2000,1727.7080,10,30,60.3534
.\test_images\flag_argentina.png,ranking,ring,single,0.5,exclusive,2000,639.8088,10,10,20.3462
.\test_images\flag_argentina.png,ranking,ring,uniform,0.01,additive,356,488.1469,10,30,10.3928
.\test_images\flag_argentina.png,ranking,ring,uniform,0.01,exclusive,985,494.7359,10,10,10.0195
.\test_images\flag_argentina.png,ranking,ring,uniform,0.01,additive,599,499.5712,10,20,13.6574
.\test_images\flag_argentina.png,ranking,ring,uniform,0.01,exclusive,530,491.0168,10,20,11.0667
.\test_images\flag_argentina.png,ranking,ring,single,0.5,additive,944,491.8657,10,30,25.8025
.\test_images\flag_argentina.png,ranking,ring,uniform,0.1,additive,178,488.5452,10,30,6.6959
.\test_images\flag_argentina.png,ranking,ring,single,0.5,exclusive,1090,499.3437,10,20,19.4472
.\test_images\flag_argentina.png,ranking,ring,uniform,0.1,additive,774,489.0385,10,20,18.9812
.\test_images\flag_argentina.png,ranking,ring,uniform,0.1,additive,1740,498.9054,10,10,23.0342
.\test_images\flag_argentina.png,ranking,ring,single,0.1,exclusive,1969,498.8808,10,30,44.8696
.\test_images\flag_argentina.png,ranking,one-point,uniform,0.5,exclusive,2000,3698.3145,10,30,73.4306
.\test_images\flag_argentina.png,ranking,uniform,single,0.01,additive,2000,3157.8164,10,10,15.7351
.\test_images\flag_argentina.png,ranking,one-point,uniform,0.5,additive,2000,977.6612,10,30,78.9510
.\test_images\flag_argentina.png,ranking,ring,uniform,0.1,exclusive,2000,2920.8496,10,10,28.1341
.\test_images\flag_argentina.png,ranking,ring,uniform,0.5,exclusive,2000,5238.2178,10,10,24.5272
.\test_images\flag_argentina.png,ranking,ring,uniform,0.5,additive,2000,1054.1234,10,10,29.0055
.\test_images\flag_argentina.png,ranking,uniform,single,0.01,exclusive,2000,4225.9497,10,10,20.8787
.\test_images\flag_argentina.png,ranking,ring,uniform,0.01,exclusive,1943,491.3417,10,30,46.4101
.\test_images\flag_argentina.png,ranking,uniform,single,0.1,additive,2000,650.1659,10,10,17.0530
.\test_images\flag_argentina.png,ranking,ring,uniform,0.1,exclusive,2000,2259.8474,10,20,42.4458
.\test_images\flag_argentina.png,ranking,uniform,single,0.01,additive,2000,2944.3367,10,20,28.1853
.\test_images\flag_argentina.png,ranking,uniform,single,0.1,exclusive,2000,2056.0884,10,10,17.3222
.\test_images\flag_argentina.png,ranking,uniform,single,0.01,exclusive,2000,3397.9966,10,20,29.2027
.\test_images\flag_argentina.png,ranking,ring,uniform,0.5,additive,2000,1242.3492,10,20,48.9204
.\test_images\flag_argentina.png,ranking,uniform,single,0.5,additive,890,488.6500,10,10,11.6000
.\test_images\flag_argentina.png,ranking,ring,uniform,0.5,exclusive,2000,4446.7588,10,20,48.4399
.\test_images\flag_argentina.png,ranking,uniform,single,0.01,additive,2000,2562.9607,10,30,37.2134
.\test_images\flag_argentina.png,ranking,uniform,single,0.1,additive,1722,499.9488,10,20,29.2258
.\test_images\flag_argentina.png,ranking,uniform,single,0.1,additive,1367,499.4907,10,30,30.3322
.\test_images\flag_argentina.png,ranking,uniform,single,0.01,exclusive,2000,3093.7998,10,30,40.1783
.\test_images\flag_argentina.png,ranking,uniform,single,0.5,additive,555,483.2197,10,30,16.7529
.\test_images\flag_argentina.png,ranking,uniform,uniform,0.01,additive,823,498.6775,10,10,10.1923
.\test_images\flag_argentina.png,ranking,uniform,single,0.5,exclusive,1468,496.5644,10,10,15.8604
.\test_images\flag_argentina.png,ranking,ring,uniform,0.1,exclusive,2000,1817.1571,10,30,65.1039
.\test_images\flag_argentina.png,ranking,uniform,single,0.5,additive,1241,499.3074,10,20,26.9593
.\test_images\flag_argentina.png,ranking,uniform,uniform,0.1,additive,535,488.0007,10,10,8.1754
.\test_images\flag_argentina.png,ranking,uniform,single,0.1,exclusive,2000,1215.4835,10,20,31.9072
.\test_images\flag_argentina.png,ranking,uniform,single,0.5,exclusive,1144,499.9573,10,20,23.5545
.\test_images\flag_argentina.png,ranking,uniform,uniform,0.1,additive,241,495.7639,10,30,9.9392
.\test_images\flag_argentina.png,ranking,ring,uniform,0.5,exclusive,2000,4335.7261,10,30,68.0130
.\test_images\flag_argentina.png,ranking,ring,uniform,0.5,additive,2000,1015.7323,10,30,72.6971
.\test_images\flag_argentina.png,ranking,uniform,single,0.5,exclusive,976,499.7902,10,30,26.3450
.\test_images\flag_argentina.png,ranking,uniform,uniform,0.01,exclusive,1630,498.6254,10,10,24.7519
.\test_images\flag_argentina.png,ranking,uniform,single,0.1,exclusive,2000,1096.6790,10,30,43.9942
.\test_images\flag_argentina.png,ranking,uniform,uniform,0.01,exclusive,786,499.5098,10,30,22.1103
.\test_images\flag_argentina.png,ranking,uniform,uniform,0.01,additive,935,494.3994,10,30,28.9422
.\test_images\flag_argentina.png,ranking,uniform,uniform,0.01,additive,2000,594.6377,10,20,39.4453
.\test_images\flag_argentina.png,ranking,uniform,uniform,0.01,exclusive,2000,553.5918,10,20,36.7504
.\test_images\flag_argentina.png,ranking,uniform,uniform,0.1,exclusive,2000,2649.4065,10,10,32.9892
.\test_images\flag_argentina.png,tournament-deterministic,one-point,single,0.01,additive,2000,3236.4583,10,10,18.2332
.\test_images\flag_argentina.png,tournament-deterministic,one-point,single,0.01,exclusive,2000,3087.8440,10,10,16.3669
.\test_images\flag_argentina.png,ranking,uniform,uniform,0.5,exclusive,2000,4679.4688,10,10,27.6805
.\test_images\flag_argentina.png,ranking,uniform,uniform,0.5,additive,2000,1367.3068,10,10,32.5964
.\test_images\flag_argentina.png,tournament-deterministic,one-point,single,0.01,additive,2000,2890.2280,10,20,23.2649
.\test_images\flag_argentina.png,ranking,uniform,uniform,0.1,additive,1814,499.5870,10,20,50.3799
.\test_images\flag_argentina.png,ranking,uniform,uniform,0.1,exclusive,2000,1765.5498,10,20,47.3185
.\test_images\flag_argentina.png,tournament-deterministic,one-point,single,0.1,additive,2000,1226.5229,10,10,18.0287
.\test_images\flag_argentina.png,tournament-deterministic,one-point,single,0.1,additive,791,418.4235,10,30,17.8109
.\test_images\flag_argentina.png,tournament-deterministic,one-point,single,0.1,exclusive,2000,1667.4285,10,10,17.6989
.\test_images\flag_argentina.png,tournament-deterministic,one-point,single,0.01,exclusive,2000,2626.4377,10,20,27.8186
.\test_images\flag_argentina.png,tournament-deterministic,one-point,single,0.01,additive,2000,1829.5243,10,30,37.7575
.\test_images\flag_argentina.png,tournament-deterministic,one-point,single,0.1,exclusive,792,496.6594,10,30,16.2596
.\test_images\flag_argentina.png,ranking,uniform,uniform,0.5,additive,2000,897.6798,10,20,51.1767
.\test_images\flag_argentina.png,ranking,uniform,uniform,0.5,exclusive,2000,4518.8433,10,20,50.2042
.\test_images\flag_argentina.png,tournament-deterministic,one-point,single,0.1,exclusive,1512,488.0860,10,20,23.3556
.\test_images\flag_argentina.png,tournament-deterministic,one-point,single,0.5,additive,379,499.4746,10,30,11.1759
.\test_images\flag_argentina.png,tournament-deterministic,one-point,single,0.5,exclusive,281,499.2994,10,30,7.9311
.\test_images\flag_argentina.png,tournament-deterministic,one-point,single,0.5,exclusive,587,495.8621,10,20,10.4718
.\test_images\flag_argentina.png,tournament-deterministic,one-point,single,0.1,additive,2000,575.3264,10,20,31.2046
.\test_images\flag_argentina.png,tournament-deterministic,one-point,single,0.5,additive,749,497.6163,10,20,15.0104
.\test_images\flag_argentina.png,tournament-deterministic,one-point,single,0.01,exclusive,2000,2152.7327,10,30,35.2878
.\test_images\flag_argentina.png,tournament-deterministic,one-point,uniform,0.01,additive,289,499.1903,10,30,9.4327
.\test_images\flag_argentina.png,tournament-deterministic,one-point,single,0.5,additive,2000,564.2241,10,10,22.0745
.\test_images\flag_argentina.png,tournament-deterministic,one-point,uniform,0.01,additive,630,499.7441,10,20,13.1821
.\test_images\flag_argentina.png,tournament-deterministic,one-point,uniform,0.01,exclusive,281,493.2761,10,30,9.2131
.\test_images\flag_argentina.png,ranking,uniform,uniform,0.1,exclusive,2000,1415.0203,10,30,67.5652
.\test_images\flag_argentina.png,tournament-deterministic,one-point,uniform,0.01,exclusive,1091,499.9832,10,10,13.7408
.\test_images\flag_argentina.png,tournament-deterministic,one-point,uniform,0.01,exclusive,981,456.4008,10,20,18.3183
.\test_images\flag_argentina.png,tournament-deterministic,one-point,single,0.5,exclusive,2000,503.3256,10,10,28.1462
.\test_images\flag_argentina.png,ranking,uniform,uniform,0.5,exclusive,2000,4598.4678,10,30,72.1242
.\test_images\flag_argentina.png,tournament-deterministic,one-point,uniform,0.01,additive,2000,616.3521,10,10,26.3654
.\test_images\flag_argentina.png,tournament-deterministic,one-point,uniform,0.1,additive,510,498.6785,10,30,16.9395
.\test_images\flag_argentina.png,tournament-deterministic,one-point,uniform,0.1,additive,2000,634.6364,10,10,24.8126
.\test_images\flag_argentina.png,ranking,uniform,uniform,0.5,additive,2000,1092.7330,10,30,83.4605
.\test_images\flag_argentina.png,tournament-deterministic,ring,single,0.01,additive,2000,3521.1541,10,10,12.8281
.\test_images\flag_argentina.png,tournament-deterministic,one-point,uniform,0.1,exclusive,2000,1718.5167,10,10,29.7285
.\test_images\flag_argentina.png,tournament-deterministic,one-point,uniform,0.5,additive,2000,1244.0936,10,10,28.9375
.\test_images\flag_argentina.png,tournament-deterministic,ring,single,0.01,exclusive,2000,3593.9980,10,10,15.4856
.\test_images\flag_argentina.png,tournament-deterministic,one-point,uniform,0.1,additive,1601,499.9283,10,20,37.8161
.\test_images\flag_argentina.png,tournament-deterministic,ring,single,0.01,additive,2000,2102.0256,10,20,22.5315
.\test_images\flag_argentina.png,tournament-deterministic,one-point,uniform,0.1,exclusive,2000,1101.4504,10,20,40.5840
.\test_images\flag_argentina.png,tournament-deterministic,ring,single,0.1,additive,2000,1242.9900,10,10,14.7937
.\test_images\flag_argentina.png,tournament-deterministic,one-point,uniform,0.5,exclusive,2000,3772.0486,10,10,38.9536
.\test_images\flag_argentina.png,tournament-deterministic,ring,single,0.01,exclusive,2000,2934.6831,10,20,23.8145
.\test_images\flag_argentina.png,tournament-deterministic,ring,single,0.1,additive,839,497.9608,10,30,17.0104
.\test_images\flag_argentina.png,tournament-deterministic,ring,single,0.01,additive,2000,2139.8340,10,30,33.0151
.\test_images\flag_argentina.png,tournament-deterministic,ring,single,0.1,exclusive,2000,1027.3628,10,10,21.3546
.\test_images\flag_argentina.png,tournament-deterministic,ring,single,0.5,additive,296,499.2231,10,30,9.1561
.\test_images\flag_argentina.png,tournament-deterministic,ring,single,0.1,exclusive,843,494.6822,10,30,16.8190
.\test_images\flag_argentina.png,tournament-deterministic,one-point,uniform,0.5,exclusive,2000,4339.1147,10,20,48.8115
.\test_images\flag_argentina.png,tournament-deterministic,one-point,uniform,0.5,additive,2000,1107.8789,10,20,51.6691
.\test_images\flag_argentina.png,tournament-deterministic,ring,single,0.5,additive,870,482.1380,10,20,14.4854
.\test_images\flag_argentina.png,tournament-deterministic,ring,single,0.01,exclusive,2000,1735.7917,10,30,33.3435
.\test_images\flag_argentina.png,tournament-deterministic,ring,single,0.1,additive,2000,664.4145,10,20,29.3517
.\test_images\flag_argentina.png,tournament-deterministic,ring,single,0.5,exclusive,437,498.9055,10,30,11.3968
.\test_images\flag_argentina.png,tournament-deterministic,ring,uniform,0.01,additive,417,499.2805,10,20,8.0836
.\test_images\flag_argentina.png,tournament-deterministic,ring,single,0.5,additive,2000,526.2118,10,10,21.7635
.\test_images\flag_argentina.png,tournament-deterministic,ring,uniform,0.01,additive,670,496.4078,10,10,8.6733
.\test_images\flag_argentina.png,tournament-deterministic,one-point,uniform,0.1,exclusive,2000,1085.9524,10,30,62.8099
.\test_images\flag_argentina.png,tournament-deterministic,ring,single,0.1,exclusive,2000,736.8386,10,20,28.6570
.\test_images\flag_argentina.png,tournament-deterministic,ring,uniform,0.01,additive,316,499.0725,10,30,8.9040
.\test_images\flag_argentina.png,tournament-deterministic,ring,uniform,0.01,exclusive,787,497.7693,10,10,9.3629
.\test_images\flag_argentina.png,tournament-deterministic,ring,uniform,0.01,exclusive,239,498.0139,10,30,7.8660
.\test_images\flag_argentina.png,tournament-deterministic,ring,single,0.5,exclusive,2000,547.9686,10,10,20.5219
.\test_images\flag_argentina.png,tournament-deterministic,ring,single,0.5,exclusive,1096,498.7035,10,20,21.5229
.\test_images\flag_argentina.png,tournament-deterministic,ring,uniform,0.1,additive,482,486.6386,10,20,11.5963
.\test_images\flag_argentina.png,tournament-deterministic,ring,uniform,0.01,exclusive,1074,499.8413,10,20,18.5835
.\test_images\flag_argentina.png,tournament-deterministic,ring,uniform,0.1,additive,1036,496.3565,10,10,18.8066
.\test_images\flag_argentina.png,tournament-deterministic,ring,uniform,0.1,additive,525,495.4154,10,30,19.5914
.\test_images\flag_argentina.png,tournament-deterministic,one-point,uniform,0.5,additive,2000,1135.4215,10,30,80.8289
.\test_images\flag_argentina.png,tournament-deterministic,ring,uniform,0.1,exclusive,2000,1691.7936,10,10,24.0424
.\test_images\flag_argentina.png,tournament-deterministic,one-point,uniform,0.5,exclusive,2000,3560.4275,10,30,73.7865
.\test_images\flag_argentina.png,tournament-deterministic,uniform,single,0.01,additive,2000,3614.5400,10,10,19.2133
.\test_images\flag_argentina.png,tournament-deterministic,ring,uniform,0.5,exclusive,2000,3545.5125,10,10,25.7875
.\test_images\flag_argentina.png,tournament-deterministic,uniform,single,0.01,exclusive,2000,3738.7104,10,10,17.2335
.\test_images\flag_argentina.png,tournament-deterministic,ring,uniform,0.5,additive,2000,1807.3362,10,10,31.9948
.\test_images\flag_argentina.png,tournament-deterministic,uniform,single,0.01,additive,2000,2785.4541,10,20,32.6800
.\test_images\flag_argentina.png,tournament-deterministic,ring,uniform,0.1,exclusive,2000,1439.5183,10,20,41.3091
.\test_images\flag_argentina.png,tournament-deterministic,uniform,single,0.1,additive,2000,908.1535,10,10,19.0048
.\test_images\flag_argentina.png,tournament-deterministic,uniform,single,0.1,exclusive,2000,1132.2244,10,10,18.6903
.\test_images\flag_argentina.png,tournament-deterministic,uniform,single,0.01,exclusive,2000,3044.1318,10,20,29.2993
.\test_images\flag_argentina.png,tournament-deterministic,uniform,single,0.5,additive,453,499.7832,10,20,9.1581
.\test_images\flag_argentina.png,tournament-deterministic,ring,uniform,0.5,additive,2000,940.0825,10,20,48.2094
.\test_images\flag_argentina.png,tournament-deterministic,uniform,single,0.01,additive,2000,2090.2571,10,30,39.6327
.\test_images\flag_argentina.png,tournament-deterministic,ring,uniform,0.5,exclusive,2000,3858.4158,10,20,50.1266
.\test_images\flag_argentina.png,tournament-deterministic,uniform,single,0.5,additive,456,497.1944,10,30,12.7775
.\test_images\flag_argentina.png,tournament-deterministic,uniform,uniform,0.01,additive,514,494.7135,10,10,6.1975
.\test_images\flag_argentina.png,tournament-deterministic,uniform,single,0.1,additive,2000,673.2739,10,20,31.3923
.\test_images\flag_argentina.png,tournament-deterministic,uniform,single,0.5,additive,1371,497.8311,10,10,16.0376
.\test_images\flag_argentina.png,tournament-deterministic,uniform,single,0.1,additive,1441,491.5566,10,30,31.0780
.\test_images\flag_argentina.png,tournament-deterministic,uniform,single,0.01,exclusive,2000,2399.8103,10,30,37.4174
.\test_images\flag_argentina.png,tournament-deterministic,uniform,uniform,0.01,additive,266,497.9590,10,30,8.4941
.\test_images\flag_argentina.png,tournament-deterministic,uniform,single,0.1,exclusive,2000,1082.5258,10,20,30.9952
.\test_images\flag_argentina.png,tournament-deterministic,ring,uniform,0.1,exclusive,2000,1072.4585,10,30,62.8425
.\test_images\flag_argentina.png,tournament-deterministic,uniform,single,0.5,exclusive,1500,495.5984,10,10,17.3052
.\test_images\flag_argentina.png,tournament-deterministic,uniform,uniform,0.01,exclusive,397,495.8782,10,20,9.5196
.\test_images\flag_argentina.png,tournament-deterministic,uniform,uniform,0.01,additive,740,499.9619,10,20,16.3282
.\test_images\flag_argentina.png,tournament-deterministic,uniform,single,0.5,exclusive,726,498.3172,10,30,19.0586
.\test_images\flag_argentina.png,tournament-deterministic,uniform,uniform,0.1,additive,404,485.9735,10,20,11.3192
.\test_images\flag_argentina.png,tournament-deterministic,uniform,uniform,0.1,additive,234,480.2287,10,30,9.7519
.\test_images\flag_argentina.png,tournament-deterministic,uniform,uniform,0.01,exclusive,1274,499.7750,10,10,16.3635
.\test_images\flag_argentina.png,tournament-deterministic,ring,uniform,0.5,exclusive,2000,3767.3799,10,30,68.1966
.\test_images\flag_argentina.png,tournament-deterministic,ring,uniform,0.5,additive,2000,1019.6417,10,30,73.8619
.\test_images\flag_argentina.png,tournament-deterministic,uniform,single,0.5,exclusive,1641,493.4740,10,20,30.8077
.\test_images\flag_argentina.png,tournament-deterministic,uniform,single,0.1,exclusive,2000,573.6823,10,30,49.1965
.\test_images\flag_argentina.png,tournament-deterministic,uniform,uniform,0.1,exclusive,2000,2119.3923,10,10,23.9392
.\test_images\flag_argentina.png,tournament-deterministic,uniform,uniform,0.1,additive,2000,510.9982,10,10,31.6471
.\test_images\flag_argentina.png,tournament-probabilistic,one-point,single,0.01,exclusive,2000,3685.9075,10,10,14.8530
.\test_images\flag_argentina.png,tournament-probabilistic,one-point,single,0.01,additive,2000,3823.1726,10,10,21.4636
.\test_images\flag_argentina.png,tournament-deterministic,uniform,uniform,0.5,additive,2000,1421.3474,10,10,31.2823
.\test_images\flag_argentina.png,tournament-deterministic,uniform,uniform,0.5,exclusive,2000,4117.7554,10,10,31.8721
.\test_images\flag_argentina.png,tournament-probabilistic,one-point,single,0.01,additive,2000,2238.0994,10,20,30.0365
.\test_images\flag_argentina.png,tournament-probabilistic,one-point,single,0.1,additive,2000,1252.1726,10,10,20.5807
.\test_images\flag_argentina.png,tournament-deterministic,uniform,uniform,0.01,exclusive,1888,493.9490,10,30,52.6202
.\test_images\flag_argentina.png,tournament-probabilistic,one-point,single,0.01,exclusive,2000,3390.6602,10,20,26.9771
.\test_images\flag_argentina.png,tournament-deterministic,uniform,uniform,0.1,exclusive,2000,1419.3390,10,20,49.0283
.\test_images\flag_argentina.png,tournament-probabilistic,one-point,single,0.01,additive,2000,1905.5295,10,30,39.6733
.\test_images\flag_argentina.png,tournament-probabilistic,one-point,single,0.1,exclusive,2000,2396.3577,10,10,19.6817
.\test_images\flag_argentina.png,tournament-probabilistic,one-point,single,0.1,additive,1249,499.3116,10,30,25.1230
.\test_images\flag_argentina.png,tournament-deterministic,uniform,uniform,0.5,additive,2000,1193.4453,10,20,52.4489
.\test_images\flag_argentina.png,tournament-probabilistic,one-point,single,0.1,additive,2000,832.9584,10,20,26.3894
.\test_images\flag_argentina.png,tournament-probabilistic,one-point,single,0.01,exclusive,2000,3662.4778,10,30,35.4125
.\test_images\flag_argentina.png,tournament-deterministic,uniform,uniform,0.5,exclusive,2000,4061.4133,10,20,53.8094
.\test_images\flag_argentina.png,tournament-probabilistic,one-point,single,0.5,additive,487,499.1475,10,30,14.1807
.\test_images\flag_argentina.png,tournament-probabilistic,one-point,single,0.5,additive,1383,497.5869,10,10,16.8328
.\test_images\flag_argentina.png,tournament-probabilistic,one-point,single,0.1,exclusive,2000,1459.1311,10,20,26.9450
.\test_images\flag_argentina.png,tournament-probabilistic,one-point,uniform,0.01,additive,437,499.5460,10,20,9.5782
.\test_images\flag_argentina.png,tournament-probabilistic,one-point,uniform,0.01,additive,280,498.5293,10,30,8.5356
.\test_images\flag_argentina.png,tournament-deterministic,uniform,uniform,0.1,exclusive,2000,967.2483,10,30,67.3047
.\test_images\flag_argentina.png,tournament-probabilistic,one-point,uniform,0.1,additive,439,493.6497,10,10,7.4483
.\test_images\flag_argentina.png,tournament-probabilistic,one-point,single,0.5,exclusive,2000,1406.7178,10,10,28.4361
.\test_images\flag_argentina.png,tournament-probabilistic,one-point,uniform,0.01,exclusive,2000,1045.3141,10,10,19.9064
.\test_images\flag_argentina.png,tournament-probabilistic,one-point,uniform,0.01,additive,2000,533.8159,10,10,23.7302
.\test_images\flag_argentina.png,tournament-probabilistic,one-point,single,0.1,exclusive,2000,809.9192,10,30,40.5687
.\test_images\flag_argentina.png,tournament-deterministic,uniform,uniform,0.5,exclusive,2000,3962.1289,10,30,72.6871
.\test_images\flag_argentina.png,tournament-probabilistic,one-point,uniform,0.1,additive,477,497.7216,10,30,16.9317
.\test_images\flag_argentina.png,tournament-deterministic,uniform,uniform,0.5,additive,2000,920.5250,10,30,77.2891
.\test_images\flag_argentina.png,tournament-probabilistic,one-point,single,0.5,additive,2000,513.5609,10,20,38.6147
.\test_images\flag_argentina.png,tournament-probabilistic,one-point,single,0.5,exclusive,2000,784.4364,10,20,33.6858
.\test_images\flag_argentina.png,tournament-probabilistic,one-point,uniform,0.01,exclusive,1444,497.0284,10,20,27.7720
.\test_images\flag_argentina.png,tournament-probabilistic,one-point,uniform,0.1,exclusive,2000,3761.0779,10,10,31.1145
.\test_images\flag_argentina.png,tournament-probabilistic,ring,single,0.01,additive,2000,2920.6782,10,10,18.0924
.\test_images\flag_argentina.png,tournament-probabilistic,one-point,single,0.5,exclusive,2000,604.2524,10,30,50.5098
.\test_images\flag_argentina.png,tournament-probabilistic,one-point,uniform,0.5,exclusive,2000,4844.5552,10,10,25.3183
.\test_images\flag_argentina.png,tournament-probabilistic,ring,single,0.01,exclusive,2000,4001.6304,10,10,18.7486
.\test_images\flag_argentina.png,tournament-probabilistic,one-point,uniform,0.5,additive,2000,1645.2584,10,10,30.6825
.\test_images\flag_argentina.png,tournament-probabilistic,ring,single,0.01,additive,2000,2423.2092,10,20,25.3003
.\test_images\flag_argentina.png,tournament-probabilistic,one-point,uniform,0.1,exclusive,2000,3684.2573,10,20,45.5163
.\test_images\flag_argentina.png,tournament-probabilistic,one-point,uniform,0.1,additive,2000,594.7239,10,20,48.7326
.\test_images\flag_argentina.png,tournament-probabilistic,ring,single,0.1,additive,2000,999.3972,10,10,13.8340
.\test_images\flag_argentina.png,tournament-probabilistic,one-point,uniform,0.01,exclusive,2000,1091.6284,10,30,57.9716
.\test_images\flag_argentina.png,tournament-probabilistic,ring,single,0.01,additive,2000,1999.4091,10,30,34.9855
.\test_images\flag_argentina.png,tournament-probabilistic,ring,single,0.01,exclusive,2000,3238.1497,10,20,25.5981
.\test_images\flag_argentina.png,tournament-probabilistic,ring,single,0.5,additive,1059,499.2107,10,10,11.1768
.\test_images\flag_argentina.png,tournament-probabilistic,ring,single,0.5,additive,537,499.1190,10,20,9.1715
.\test_images\flag_argentina.png,tournament-probabilistic,one-point,uniform,0.5,additive,2000,870.9429,10,20,48.4285
.\test_images\flag_argentina.png,tournament-probabilistic,ring,single,0.1,exclusive,2000,1871.3149,10,10,20.3674
.\test_images\flag_argentina.png,tournament-probabilistic,ring,single,0.1,additive,1092,489.9894,10,30,22.8585
.\test_images\flag_argentina.png,tournament-probabilistic,one-point,uniform,0.5,exclusive,2000,5247.7856,10,20,51.2345
.\test_images\flag_argentina.png,tournament-probabilistic,ring,single,0.1,additive,2000,683.8419,10,20,26.4809
.\test_images\flag_argentina.png,tournament-probabilistic,ring,single,0.01,exclusive,2000,3049.0330,10,30,31.7972
.\test_images\flag_argentina.png,tournament-probabilistic,ring,uniform,0.01,additive,736,499.5208,10,10,7.9717
.\test_images\flag_argentina.png,tournament-probabilistic,one-point,uniform,0.1,exclusive,2000,2819.6423,10,30,64.1998
.\test_images\flag_argentina.png,tournament-probabilistic,ring,single,0.5,additive,644,491.2018,10,30,17.3036
.\test_images\flag_argentina.png,tournament-probabilistic,ring,single,0.5,exclusive,2000,1130.2729,10,10,17.9582
.\test_images\flag_argentina.png,tournament-probabilistic,ring,single,0.1,exclusive,2000,1192.6582,10,20,31.6321
.\test_images\flag_argentina.png,tournament-probabilistic,ring,uniform,0.01,additive,465,499.3218,10,30,15.5385
.\test_images\flag_argentina.png,tournament-probabilistic,ring,uniform,0.1,additive,246,499.3583,10,30,13.2676
.\test_images\flag_argentina.png,tournament-probabilistic,ring,uniform,0.1,additive,609,490.7774,10,20,14.5886
.\test_images\flag_argentina.png,tournament-probabilistic,ring,single,0.1,exclusive,2000,537.6409,10,30,39.3132
.\test_images\flag_argentina.png,tournament-probabilistic,ring,uniform,0.01,exclusive,2000,1597.1763,10,10,22.0754
.\test_images\flag_argentina.png,tournament-probabilistic,one-point,uniform,0.5,additive,2000,940.2294,10,30,73.9113
.\test_images\flag_argentina.png,tournament-probabilistic,one-point,uniform,0.5,exclusive,2000,4439.5142,10,30,72.2550
.\test_images\flag_argentina.png,tournament-probabilistic,ring,single,0.5,exclusive,2000,552.0852,10,20,34.7953
.\test_images\flag_argentina.png,tournament-probabilistic,ring,uniform,0.1,additive,1815,499.6024,10,10,24.7042
.\test_images\flag_argentina.png,tournament-probabilistic,ring,uniform,0.01,additive,1813,499.2610,10,20,32.5075
.\test_images\flag_argentina.png,tournament-probabilistic,ring,single,0.5,exclusive,1676,496.9313,10,30,38.5955
.\test_images\flag_argentina.png,tournament-probabilistic,ring,uniform,0.1,exclusive,2000,3848.1270,10,10,30.0871
.\test_images\flag_argentina.png,tournament-probabilistic,ring,uniform,0.01,exclusive,2000,708.4902,10,20,37.9315
.\test_images\flag_argentina.png,tournament-probabilistic,uniform,single,0.01,additive,2000,3456.0979,10,10,15.2269
.\test_images\flag_argentina.png,tournament-probabilistic,ring,uniform,0.5,additive,2000,1261.9099,10,10,30.3206
.\test_images\flag_argentina.png,tournament-probabilistic,uniform,single,0.01,exclusive,2000,4582.8584,10,10,15.7623
.\test_images\flag_argentina.png,tournament-probabilistic,ring,uniform,0.1,exclusive,2000,4078.2749,10,20,40.7261
.\test_images\flag_argentina.png,tournament-probabilistic,uniform,single,0.01,additive,2000,2540.9351,10,20,25.2448
.\test_images\flag_argentina.png,tournament-probabilistic,ring,uniform,0.01,exclusive,2000,677.5880,10,30,51.4570
.\test_images\flag_argentina.png,tournament-probabilistic,ring,uniform,0.5,exclusive,2000,5328.5122,10,10,33.4437
.\test_images\flag_argentina.png,tournament-probabilistic,uniform,single,0.01,exclusive,2000,4160.6045,10,20,26.4108
.\test_images\flag_argentina.png,tournament-probabilistic,uniform,single,0.1,exclusive,2000,2543.2371,10,10,16.2179
.\test_images\flag_argentina.png,tournament-probabilistic,uniform,single,0.1,additive,2000,640.4323,10,20,26.6083
.\test_images\flag_argentina.png,tournament-probabilistic,uniform,single,0.1,additive,1964,499.7718,10,10,26.7902
.\test_images\flag_argentina.png,tournament-probabilistic,uniform,single,0.01,additive,2000,1913.0717,10,30,40.2616
.\test_images\flag_argentina.png,tournament-probabilistic,ring,uniform,0.5,exclusive,2000,5117.6006,10,20,48.4066
.\test_images\flag_argentina.png,tournament-probabilistic,ring,uniform,0.5,additive,2000,1398.1816,10,20,52.9559
.\test_images\flag_argentina.png,tournament-probabilistic,ring,uniform,0.1,exclusive,2000,3133.8198,10,30,59.9346
.\test_images\flag_argentina.png,tournament-probabilistic,uniform,single,0.5,additive,2000,857.6113,10,10,20.6458
.\test_images\flag_argentina.png,tournament-probabilistic,uniform,single,0.1,additive,1426,499.6851,10,30,30.5550
.\test_images\flag_argentina.png,tournament-probabilistic,uniform,single,0.01,exclusive,2000,2698.8171,10,30,40.0142
.\test_images\flag_argentina.png,tournament-probabilistic,uniform,single,0.1,exclusive,2000,1395.8810,10,20,29.7182
.\test_images\flag_argentina.png,tournament-probabilistic,uniform,uniform,0.01,additive,282,499.3607,10,30,9.9318
.\test_images\flag_argentina.png,tournament-probabilistic,uniform,single,0.5,exclusive,2000,1507.3608,10,10,21.7191
.\test_images\flag_argentina.png,tournament-probabilistic,ring,uniform,0.5,additive,2000,697.6626,10,30,68.8173
.\test_images\flag_argentina.png,tournament-probabilistic,uniform,uniform,0.01,additive,606,499.2009,10,20,17.7286
.\test_images\flag_argentina.png,tournament-probabilistic,uniform,uniform,0.01,additive,2000,568.1062,10,10,21.6472
.\test_images\flag_argentina.png,tournament-probabilistic,ring,uniform,0.5,exclusive,2000,4639.2954,10,30,67.1335
.\test_images\flag_argentina.png,tournament-probabilistic,uniform,single,0.5,additive,1990,490.2768,10,20,36.7865
.\test_images\flag_argentina.png,tournament-probabilistic,uniform,single,0.1,exclusive,2000,629.8543,10,30,39.4815
.\test_images\flag_argentina.png,tournament-probabilistic,uniform,uniform,0.01,exclusive,889,497.9099,10,30,25.8016
.\test_images\flag_argentina.png,tournament-probabilistic,uniform,single,0.5,exclusive,2000,692.3867,10,20,34.2043
.\test_images\flag_argentina.png,tournament-probabilistic,uniform,uniform,0.01,exclusive,2000,1519.4998,10,10,29.6974
.\test_images\flag_argentina.png,tournament-probabilistic,uniform,uniform,0.1,additive,2000,588.5543,10,10,26.0715
.\test_images\flag_argentina.png,tournament-probabilistic,uniform,uniform,0.1,exclusive,2000,3887.1245,10,10,23.9492
.\test_images\flag_argentina.png,tournament-probabilistic,uniform,single,0.5,exclusive,1480,499.9971,10,30,45.8715
.\test_images\flag_argentina.png,tournament-probabilistic,uniform,uniform,0.01,exclusive,2000,1414.9740,10,20,38.1296
.\test_images\flag_argentina.png,tournament-probabilistic,uniform,single,0.5,additive,2000,510.5169,10,30,59.7745
.\test_images\flag_argentina.png,tournament-probabilistic,uniform,uniform,0.5,exclusive,2000,5063.5020,10,10,29.2486
.\test_images\flag_argentina.png,tournament-probabilistic,uniform,uniform,0.5,additive,2000,1307.1803,10,10,33.1036
.\test_images\flag_argentina.png,tournament-probabilistic,uniform,uniform,0.1,additive,2000,673.0826,10,20,48.5764
.\test_images\flag_argentina.png,tournament-probabilistic,uniform,uniform,0.1,exclusive,2000,3194.0190,10,20,42.6757
.\test_images\flag_argentina.png,elite,one-point,single,0.01,additive,2000,3168.2854,20,10,34.4297
.\test_images\flag_argentina.png,elite,one-point,single,0.01,exclusive,2000,4636.3887,20,10,26.4589
.\test_images\flag_argentina.png,tournament-probabilistic,uniform,uniform,0.1,additive,1648,495.6207,10,30,61.3284
.\test_images\flag_argentina.png,elite,one-point,single,0.01,additive,2000,2362.8899,20,20,41.3049
.\test_images\flag_argentina.png,elite,one-point,single,0.1,additive,2000,1300.5789,20,10,24.3832
.\test_images\flag_argentina.png,tournament-probabilistic,uniform,uniform,0.5,additive,2000,1618.9374,10,20,56.3649
.\test_images\flag_argentina.png,elite,one-point,single,0.01,exclusive,2000,4643.8042,20,20,36.3641
.\test_images\flag_argentina.png,tournament-probabilistic,uniform,uniform,0.5,exclusive,2000,4477.0366,10,20,52.0474
.\test_images\flag_argentina.png,elite,one-point,single,0.1,exclusive,2000,4533.3232,20,10,21.7657
.\test_images\flag_argentina.png,tournament-probabilistic,uniform,uniform,0.1,exclusive,2000,3005.1331,10,30,66.9760
.\test_images\flag_argentina.png,elite,one-point,single,0.5,additive,675,499.4145,20,20,18.9375
.\test_images\flag_argentina.png,elite,one-point,single,0.5,additive,1252,499.7601,20,10,21.1274
.\test_images\flag_argentina.png,elite,one-point,uniform,0.01,additive,606,494.3712,20,10,12.2436
.\test_images\flag_argentina.png,elite,one-point,single,0.01,additive,2000,1731.6603,20,30,58.2151
.\test_images\flag_argentina.png,elite,one-point,single,0.1,additive,2000,996.5860,20,20,43.2155
.\test_images\flag_argentina.png,elite,one-point,single,0.01,exclusive,2000,5681.0181,20,30,50.0016
.\test_images\flag_argentina.png,elite,one-point,uniform,0.01,additive,397,498.5611,20,20,15.0121
.\test_images\flag_argentina.png,tournament-probabilistic,uniform,uniform,0.5,additive,2000,619.1276,10,30,78.8085
.\test_images\flag_argentina.png,tournament-probabilistic,uniform,uniform,0.5,exclusive,2000,5042.0532,10,30,70.3364
.\test_images\flag_argentina.png,elite,one-point,single,0.5,additive,658,497.8642,20,30,26.0740
.\test_images\flag_argentina.png,elite,one-point,single,0.1,exclusive,2000,5919.8159,20,20,38.3167
.\test_images\flag_argentina.png,elite,one-point,single,0.5,exclusive,2000,7238.9502,20,10,27.8283
.\test_images\flag_argentina.png,elite,one-point,single,0.1,additive,1573,499.1660,20,30,48.7538
.\test_images\flag_argentina.png,elite,one-point,uniform,0.1,additive,258,493.4796,20,30,16.2174
.\test_images\flag_argentina.png,elite,one-point,uniform,0.1,additive,672,499.8750,20,20,24.0958
.\test_images\flag_argentina.png,elite,one-point,single,0.1,exclusive,2000,5643.7490,20,30,56.1175
.\test_images\flag_argentina.png,elite,one-point,single,0.5,exclusive,2000,6809.9956,20,20,46.4724
.\test_images\flag_argentina.png,elite,one-point,uniform,0.01,exclusive,2000,7866.6816,20,10,33.0459
.\test_images\flag_argentina.png,elite,one-point,uniform,0.1,additive,1862,495.8915,20,10,33.4496
.\test_images\flag_argentina.png,elite,one-point,uniform,0.01,additive,789,499.8250,20,30,40.8417
.\test_images\flag_argentina.png,elite,ring,single,0.01,additive,2000,3101.4277,20,10,20.4719
.\test_images\flag_argentina.png,elite,one-point,uniform,0.1,exclusive,2000,7832.4307,20,10,47.8141
.\test_images\flag_argentina.png,elite,one-point,uniform,0.01,exclusive,2000,8067.7158,20,20,54.4916
.\test_images\flag_argentina.png,elite,one-point,uniform,0.5,additive,2000,1504.7916,20,10,48.1960
.\test_images\flag_argentina.png,elite,ring,single,0.01,exclusive,2000,5615.9946,20,10,20.1105
.\test_images\flag_argentina.png,elite,one-point,single,0.5,exclusive,2000,7313.6646,20,30,75.7355
.\test_images\flag_argentina.png,elite,one-point,uniform,0.5,exclusive,2000,5818.4341,20,10,44.2587
.\test_images\flag_argentina.png,elite,one-point,uniform,0.1,exclusive,2000,8916.9092,20,20,63.4020
.\test_images\flag_argentina.png,elite,ring,single,0.1,additive,2000,1480.1185,20,10,22.8448
.\test_images\flag_argentina.png,elite,one-point,uniform,0.01,exclusive,2000,8283.0537,20,30,79.0306
.\test_images\flag_argentina.png,elite,ring,single,0.01,additive,2000,2191.1096,20,20,48.2455
.\test_images\flag_argentina.png,elite,ring,single,0.01,additive,2000,1844.8461,20,30,48.9530
.\test_images\flag_argentina.png,elite,ring,single,0.1,exclusive,2000,6316.5283,20,10,20.9126
.\test_images\flag_argentina.png,elite,ring,single,0.01,exclusive,2000,4471.0483,20,20,34.1641
.\test_images\flag_argentina.png,elite,ring,single,0.1,additive,1123,492.1719,20,30,32.4059
.\test_images\flag_argentina.png,elite,ring,single,0.1,additive,1804,499.4828,20,20,36.0085
.\test_images\flag_argentina.png,elite,ring,single,0.1,exclusive,2000,5438.9551,20,20,33.5023
.\test_images\flag_argentina.png,elite,ring,single,0.5,additive,478,493.0139,20,30,20.0357
.\test_images\flag_argentina.png,elite,one-point,uniform,0.5,additive,2000,1301.7927,20,20,90.0825
.\test_images\flag_argentina.png,elite,one-point,uniform,0.1,exclusive,2000,6138.5737,20,30,93.8247
.\test_images\flag_argentina.png,elite,ring,single,0.5,additive,904,499.4247,20,20,22.1190
.\test_images\flag_argentina.png,elite,ring,single,0.5,additive,2000,511.5944,20,10,26.7635
.\test_images\flag_argentina.png,elite,ring,single,0.01,exclusive,2000,5722.1514,20,30,52.5001
.\test_images\flag_argentina.png,elite,ring,uniform,0.01,additive,389,499.8825,20,20,13.2226
.\test_images\flag_argentina.png,elite,ring,single,0.5,exclusive,2000,8198.9316,20,10,24.7586
.\test_images\flag_argentina.png,elite,ring,uniform,0.01,additive,295,499.1514,20,30,14.3220
.\test_images\flag_argentina.png,elite,ring,single,0.1,exclusive,2000,5051.3438,20,30,47.8575
.\test_images\flag_argentina.png,elite,one-point,uniform,0.5,exclusive,2000,5736.8057,20,20,92.2074
.\test_images\flag_argentina.png,elite,ring,uniform,0.1,additive,319,497.9335,20,30,17.5741
.\test_images\flag_argentina.png,elite,ring,uniform,0.01,additive,2000,513.5040,20,10,36.8210
.\test_images\flag_argentina.png,elite,ring,uniform,0.01,exclusive,2000,5970.5615,20,10,30.1845
.\test_images\flag_argentina.png,elite,ring,single,0.5,exclusive,2000,7312.4595,20,20,46.1076
.\test_images\flag_argentina.png,elite,ring,uniform,0.1,additive,1620,494.7538,20,10,30.5607
.\test_images\flag_argentina.png,elite,one-point,uniform,0.5,additive,2000,920.4692,20,30,126.7055
.\test_images\flag_argentina.png,elite,ring,uniform,0.1,exclusive,2000,6699.6943,20,10,37.1951
.\test_images\flag_argentina.png,elite,ring,uniform,0.1,additive,1310,492.9451,20,20,40.5109
.\test_images\flag_argentina.png,elite,ring,single,0.5,exclusive,2000,6687.4951,20,30,60.3203
.\test_images\flag_argentina.png,elite,one-point,uniform,0.5,exclusive,2000,5717.0684,20,30,116.5237
.\test_images\flag_argentina.png,elite,uniform,single,0.01,additive,2000,3089.1689,20,10,22.2959
.\test_images\flag_argentina.png,elite,ring,uniform,0.5,additive,2000,1367.0736,20,10,41.3891
.\test_images\flag_argentina.png,elite,uniform,single,0.01,exclusive,2000,6059.3105,20,10,22.8289
.\test_images\flag_argentina.png,elite,ring,uniform,0.01,exclusive,2000,6874.5918,20,20,67.9420
.\test_images\flag_argentina.png,elite,ring,uniform,0.1,exclusive,2000,6378.8647,20,20,59.5541
.\test_images\flag_argentina.png,elite,uniform,single,0.01,additive,2000,2713.6741,20,20,38.7832
.\test_images\flag_argentina.png,elite,ring,uniform,0.01,exclusive,2000,5554.8643,20,30,77.5396
.\test_images\flag_argentina.png,elite,ring,uniform,0.5,exclusive,2000,6669.1016,20,10,50.1621
.\test_images\flag_argentina.png,elite,uniform,single,0.1,additive,2000,1195.5209,20,10,29.3818
.\test_images\flag_argentina.png,elite,uniform,single,0.01,exclusive,2000,6343.3262,20,20,42.8234
.\test_images\flag_argentina.png,elite,uniform,single,0.1,additive,1497,490.5471,20,20,32.4147
.\test_images\flag_argentina.png,elite,uniform,single,0.5,additive,1136,499.1084,20,10,16.5457
.\test_images\flag_argentina.png,elite,uniform,single,0.1,exclusive,2000,6638.5728,20,10,29.0348
.\test_images\flag_argentina.png,elite,ring,uniform,0.1,exclusive,2000,5646.2036,20,30,85.8505
.\test_images\flag_argentina.png,elite,ring,uniform,0.5,additive,2000,1205.0498,20,20,79.0815
.\test_images\flag_argentina.png,elite,ring,uniform,0.5,exclusive,2000,6538.1167,20,20,74.4064
.\test_images\flag_argentina.png,elite,uniform,single,0.01,additive,2000,2180.9358,20,30,62.8503
.\test_images\flag_argentina.png,elite,uniform,single,0.01,exclusive,2000,7726.5337,20,30,63.2580
.\test_images\flag_argentina.png,elite,uniform,single,0.1,exclusive,2000,5453.3120,20,20,42.3296
.\test_images\flag_argentina.png,elite,uniform,uniform,0.01,additive,326,498.0299,20,20,11.3758
.\test_images\flag_argentina.png,elite,uniform,single,0.5,additive,751,499.8947,20,30,28.6033
.\test_images\flag_argentina.png,elite,uniform,uniform,0.01,additive,794,499.7372,20,10,17.5553
.\test_images\flag_argentina.png,elite,uniform,single,0.5,exclusive,2000,6177.4814,20,10,29.6943
.\test_images\flag_argentina.png,elite,uniform,single,0.1,additive,1758,499.5226,20,30,52.7618
.\test_images\flag_argentina.png,elite,uniform,uniform,0.01,additive,379,497.1799,20,30,20.8332
.\test_images\flag_argentina.png,elite,uniform,uniform,0.1,additive,1002,489.1368,20,10,19.9858
.\test_images\flag_argentina.png,elite,uniform,single,0.5,additive,1839,499.6508,20,20,56.4233
.\test_images\flag_argentina.png,elite,uniform,single,0.1,exclusive,2000,6711.6221,20,30,57.6277
.\test_images\flag_argentina.png,elite,ring,uniform,0.5,additive,2000,1090.9285,20,30,112.7730
.\test_images\flag_argentina.png,elite,uniform,uniform,0.01,exclusive,2000,8569.9053,20,10,33.7582
.\test_images\flag_argentina.png,elite,uniform,single,0.5,exclusive,2000,8476.9131,20,20,49.2311
.\test_images\flag_argentina.png,elite,ring,uniform,0.5,exclusive,2000,6242.7402,20,30,116.2351
.\test_images\flag_argentina.png,elite,uniform,uniform,0.1,additive,657,499.9840,20,30,35.9998
.\test_images\flag_argentina.png,roulette,one-point,single,0.01,additive,2000,3612.2798,20,10,23.3290
.\test_images\flag_argentina.png,elite,uniform,uniform,0.1,exclusive,2000,8515.7598,20,10,51.8813
.\test_images\flag_argentina.png,elite,uniform,single,0.5,exclusive,2000,6841.5171,20,30,72.3080
.\test_images\flag_argentina.png,elite,uniform,uniform,0.01,exclusive,2000,6536.2236,20,20,60.8206
.\test_images\flag_argentina.png,elite,uniform,uniform,0.5,additive,2000,1684.4080,20,10,55.0671
.\test_images\flag_argentina.png,elite,uniform,uniform,0.5,exclusive,2000,7764.5117,20,10,46.5537
.\test_images\flag_argentina.png,roulette,one-point,single,0.01,additive,2000,2314.8977,20,20,37.9343
.\test_images\flag_argentina.png,elite,uniform,uniform,0.1,additive,2000,507.8407,20,20,73.6834
.\test_images\flag_argentina.png,elite,uniform,uniform,0.1,exclusive,2000,7243.2231,20,20,66.2261
.\test_images\flag_argentina.png,roulette,one-point,single,0.01,exclusive,2000,3420.3408,20,10,26.4306
.\test_images\flag_argentina.png,roulette,one-point,single,0.1,additive,2000,1444.2084,20,10,27.1335
.\test_images\flag_argentina.png,elite,uniform,uniform,0.01,exclusive,2000,7854.8550,20,30,91.5006
.\test_images\flag_argentina.png,roulette,one-point,single,0.01,additive,2000,1934.7830,20,30,53.9261
.\test_images\flag_argentina.png,roulette,one-point,single,0.5,additive,1119,499.1227,20,10,16.3567
.\test_images\flag_argentina.png,roulette,one-point,single,0.1,exclusive,2000,1580.7437,20,10,25.4395
.\test_images\flag_argentina.png,roulette,one-point,single,0.01,exclusive,2000,2288.0208,20,20,43.6913
.\test_images\flag_argentina.png,elite,uniform,uniform,0.5,additive,2000,1376.9629,20,20,81.9222
.\test_images\flag_argentina.png,roulette,one-point,single,0.5,additive,639,499.9865,20,20,19.6702
.\test_images\flag_argentina.png,roulette,one-point,single,0.5,additive,327,497.2252,20,30,14.1042
.\test_images\flag_argentina.png,elite,uniform,uniform,0.1,exclusive,2000,6512.0615,20,30,94.9435
.\test_images\flag_argentina.png,roulette,one-point,single,0.1,additive,1163,490.1592,20,30,34.5456
.\test_images\flag_argentina.png,elite,uniform,uniform,0.5,exclusive,2000,5602.7378,20,20,81.7883
.\test_images\flag_argentina.png,roulette,one-point,single,0.01,exclusive,2000,2316.5208,20,30,51.5387
.\test_images\flag_argentina.png,roulette,one-point,single,0.1,additive,2000,580.9455,20,20,44.2844
.\test_images\flag_argentina.png,roulette,one-point,uniform,0.01,additive,389,494.5950,20,20,13.0165
.\test_images\flag_argentina.png,roulette,one-point,single,0.1,exclusive,2000,873.6027,20,20,42.1444
.\test_images\flag_argentina.png,roulette,one-point,uniform,0.01,additive,852,499.7297,20,10,19.3681
.\test_images\flag_argentina.png,roulette,one-point,uniform,0.1,additive,576,498.3807,20,10,13.3892
.\test_images\flag_argentina.png,roulette,one-point,single,0.5,exclusive,2000,814.1158,20,10,29.3914
.\test_images\flag_argentina.png,roulette,one-point,uniform,0.01,additive,391,499.6193,20,30,21.5780
.\test_images\flag_argentina.png,roulette,one-point,single,0.5,exclusive,1239,499.9626,20,20,38.9422
.\test_images\flag_argentina.png,roulette,one-point,single,0.1,exclusive,2000,1046.0321,20,30,63.0834
.\test_images\flag_argentina.png,roulette,one-point,uniform,0.1,additive,591,492.3656,20,30,31.3042
.\test_images\flag_argentina.png,roulette,one-point,uniform,0.01,exclusive,2000,677.6275,20,10,37.5235
.\test_images\flag_argentina.png,elite,uniform,uniform,0.5,additive,2000,855.8853,20,30,119.9548
.\test_images\flag_argentina.png,roulette,one-point,uniform,0.1,exclusive,2000,3632.9026,20,10,35.3409
.\test_images\flag_argentina.png,elite,uniform,uniform,0.5,exclusive,2000,5379.4653,20,30,123.2485
.\test_images\flag_argentina.png,roulette,one-point,uniform,0.1,additive,1384,498.2315,20,20,53.1457
.\test_images\flag_argentina.png,roulette,one-point,uniform,0.01,exclusive,2000,875.1826,20,20,57.8752
.\test_images\flag_argentina.png,roulette,ring,single,0.01,additive,2000,3457.9878,20,10,22.1805
.\test_images\flag_argentina.png,roulette,one-point,uniform,0.5,additive,2000,1133.4789,20,10,44.3463
.\test_images\flag_argentina.png,roulette,ring,single,0.01,exclusive,2000,3331.7126,20,10,25.0407
.\test_images\flag_argentina.png,roulette,one-point,uniform,0.5,exclusive,2000,5354.2339,20,10,41.1849
.\test_images\flag_argentina.png,roulette,one-point,single,0.5,exclusive,2000,751.7448,20,30,77.6376
.\test_images\flag_argentina.png,roulette,one-point,uniform,0.1,exclusive,2000,2932.5957,20,20,67.1040
.\test_images\flag_argentina.png,roulette,ring,single,0.01,additive,2000,2570.2979,20,20,41.4552
.\test_images\flag_argentina.png,roulette,ring,single,0.01,exclusive,2000,2530.7524,20,20,32.3331
.\test_images\flag_argentina.png,roulette,ring,single,0.1,additive,2000,1144.1147,20,10,32.9135
.\test_images\flag_argentina.png,roulette,one-point,uniform,0.01,exclusive,2000,885.1164,20,30,94.3783
.\test_images\flag_argentina.png,roulette,ring,single,0.1,exclusive,2000,1057.9210,20,10,23.6633
.\test_images\flag_argentina.png,roulette,ring,single,0.01,additive,2000,2228.1421,20,30,53.3409
.\test_images\flag_argentina.png,roulette,one-point,uniform,0.5,additive,2000,1329.2946,20,20,84.0166
.\test_images\flag_argentina.png,roulette,ring,single,0.01,exclusive,2000,2191.7007,20,30,46.4441
.\test_images\flag_argentina.png,roulette,ring,single,0.1,additive,2000,601.1590,20,20,44.5909
.\test_images\flag_argentina.png,roulette,ring,single,0.5,additive,358,497.1768,20,30,13.4993
.\test_images\flag_argentina.png,roulette,ring,single,0.5,additive,722,499.6376,20,20,17.4683
.\test_images\flag_argentina.png,roulette,ring,single,0.5,additive,1854,499.9809,20,10,26.5705
.\test_images\flag_argentina.png,roulette,ring,single,0.1,additive,1381,499.3125,20,30,37.8648
.\test_images\flag_argentina.png,roulette,one-point,uniform,0.1,exclusive,2000,2720.3145,20,30,95.9769
.\test_images\flag_argentina.png,roulette,one-point,uniform,0.5,exclusive,2000,4352.5913,20,20,77.3459
.\test_images\flag_argentina.png,roulette,ring,single,0.1,exclusive,2000,583.4736,20,20,42.1727
.\test_images\flag_argentina.png,roulette,ring,uniform,0.01,additive,937,499.8547,20,10,15.0626
.\test_images\flag_argentina.png,roulette,ring,uniform,0.01,additive,220,499.1215,20,30,11.0886
.\test_images\flag_argentina.png,roulette,ring,uniform,0.01,additive,386,499.1364,20,20,13.6149
.\test_images\flag_argentina.png,roulette,ring,uniform,0.1,additive,219,494.7166,20,30,13.2458
.\test_images\flag_argentina.png,roulette,ring,uniform,0.1,additive,416,492.8466,20,20,14.8286
.\test_images\flag_argentina.png,roulette,ring,single,0.5,exclusive,2000,702.0579,20,10,33.7864
.\test_images\flag_argentina.png,roulette,ring,single,0.1,exclusive,1685,495.6838,20,30,51.3020
.\test_images\flag_argentina.png,roulette,ring,single,0.5,exclusive,2000,658.6357,20,20,46.6711
.\test_images\flag_argentina.png,roulette,ring,uniform,0.01,exclusive,2000,815.3221,20,10,37.2095
.\test_images\flag_argentina.png,roulette,one-point,uniform,0.5,additive,2000,1177.5432,20,30,122.3749
.\test_images\flag_argentina.png,roulette,ring,uniform,0.1,additive,2000,510.9982,20,10,41.9687
.\test_images\flag_argentina.png,roulette,ring,uniform,0.1,exclusive,2000,2946.3989,20,10,39.1201
.\test_images\flag_argentina.png,roulette,one-point,uniform,0.5,exclusive,2000,5094.1650,20,30,122.7930
.\test_images\flag_argentina.png,roulette,ring,single,0.5,exclusive,1700,498.3142,20,30,62.3948
.\test_images\flag_argentina.png,roulette,ring,uniform,0.01,exclusive,2000,783.5471,20,20,55.0959
.\test_images\flag_argentina.png,roulette,ring,uniform,0.5,additive,2000,1319.4780,20,10,46.4567
.\test_images\flag_argentina.png,roulette,ring,uniform,0.5,exclusive,2000,5138.6172,20,10,39.0269
.\test_images\flag_argentina.png,roulette,uniform,single,0.01,additive,2000,3783.8333,20,10,34.2665
.\test_images\flag_argentina.png,roulette,uniform,single,0.01,exclusive,2000,3312.7749,20,10,25.8038
.\test_images\flag_argentina.png,roulette,ring,uniform,0.01,exclusive,1865,493.6975,20,30,72.7230
.\test_images\flag_argentina.png,roulette,uniform,single,0.01,additive,2000,2695.8430,20,20,40.6725
.\test_images\flag_argentina.png,roulette,ring,uniform,0.1,exclusive,2000,3341.6292,20,20,69.0969
.\test_images\flag_argentina.png,roulette,uniform,single,0.1,additive,2000,1479.9183,20,10,29.4649
.\test_images\flag_argentina.png,roulette,ring,uniform,0.5,additive,2000,647.3671,20,20,77.2603
.\test_images\flag_argentina.png,roulette,uniform,single,0.01,exclusive,2000,2908.0796,20,20,44.4722
.\test_images\flag_argentina.png,roulette,uniform,single,0.1,exclusive,2000,1537.8636,20,10,28.4571
.\test_images\flag_argentina.png,roulette,uniform,single,0.5,additive,1369,494.0630,20,10,22.8813
.\test_images\flag_argentina.png,roulette,ring,uniform,0.5,exclusive,2000,5812.1519,20,20,78.2020
.\test_images\flag_argentina.png,roulette,uniform,single,0.01,additive,2000,2443.8245,20,30,56.9907
.\test_images\flag_argentina.png,roulette,uniform,single,0.5,additive,779,496.8638,20,20,23.2755
.\test_images\flag_argentina.png,roulette,ring,uniform,0.1,exclusive,2000,2375.0793,20,30,92.5827
.\test_images\flag_argentina.png,roulette,uniform,single,0.1,additive,2000,792.2300,20,20,45.4885
.\test_images\flag_argentina.png,roulette,uniform,single,0.5,additive,555,499.9091,20,30,26.6859
.\test_images\flag_argentina.png,roulette,uniform,uniform,0.01,additive,619,491.9786,20,10,14.3133
.\test_images\flag_argentina.png,roulette,uniform,uniform,0.01,additive,431,499.8480,20,20,14.2577
.\test_images\flag_argentina.png,roulette,uniform,single,0.1,exclusive,2000,818.1401,20,20,45.5263
.\test_images\flag_argentina.png,roulette,uniform,single,0.5,exclusive,1623,490.5916,20,10,24.2313
.\test_images\flag_argentina.png,roulette,uniform,single,0.01,exclusive,2000,2668.6841,20,30,63.7404
.\test_images\flag_argentina.png,roulette,uniform,uniform,0.01,additive,416,497.1220,20,30,20.2689
.\test_images\flag_argentina.png,roulette,uniform,uniform,0.1,additive,510,499.8888,20,10,10.5148
.\test_images\flag_argentina.png,roulette,uniform,single,0.1,additive,2000,719.6030,20,30,63.5248
.\test_images\flag_argentina.png,roulette,uniform,uniform,0.1,additive,308,489.8517,20,30,17.1468
.\test_images\flag_argentina.png,roulette,ring,uniform,0.5,additive,2000,975.6578,20,30,117.0871
.\test_images\flag_argentina.png,roulette,uniform,uniform,0.1,additive,699,494.5353,20,20,25.0618
.\test_images\flag_argentina.png,roulette,uniform,single,0.1,exclusive,2000,674.0720,20,30,66.5953
.\test_images\flag_argentina.png,roulette,uniform,uniform,0.01,exclusive,2000,761.3379,20,10,38.9722
.\test_images\flag_argentina.png,roulette,ring,uniform,0.5,exclusive,2000,4429.5366,20,30,114.2243
.\test_images\flag_argentina.png,roulette,uniform,single,0.5,exclusive,2000,563.1379,20,20,59.1310
.\test_images\flag_argentina.png,roulette,uniform,uniform,0.1,exclusive,2000,3817.6099,20,10,42.7120
.\test_images\flag_argentina.png,roulette,uniform,uniform,0.01,exclusive,2000,908.8027,20,20,60.9934
.\test_images\flag_argentina.png,universal,one-point,single,0.01,additive,2000,3163.0608,20,10,25.3080
.\test_images\flag_argentina.png,roulette,uniform,uniform,0.5,additive,2000,1302.4755,20,10,52.9781
.\test_images\flag_argentina.png,roulette,uniform,uniform,0.5,exclusive,2000,5104.4434,20,10,42.9697
.\test_images\flag_argentina.png,universal,one-point,single,0.01,exclusive,2000,3540.0796,20,10,22.8039
.\test_images\flag_argentina.png,roulette,uniform,single,0.5,exclusive,2000,545.9575,20,30,79.6115
.\test_images\flag_argentina.png,roulette,uniform,uniform,0.1,exclusive,2000,3189.9358,20,20,66.1688
.\test_images\flag_argentina.png,universal,one-point,single,0.01,additive,2000,2601.7483,20,20,46.8690
.\test_images\flag_argentina.png,roulette,uniform,uniform,0.01,exclusive,2000,740.0552,20,30,90.4649
.\test_images\flag_argentina.png,universal,one-point,single,0.1,additive,2000,1563.9523,20,10,32.2592
.\test_images\flag_argentina.png,universal,one-point,single,0.01,additive,2000,2178.6243,20,30,50.5835
.\test_images\flag_argentina.png,universal,one-point,single,0.01,exclusive,2000,2431.9531,20,20,41.1701
.\test_images\flag_argentina.png,roulette,uniform,uniform,0.5,additive,2000,1143.4851,20,20,80.4313
.\test_images\flag_argentina.png,universal,one-point,single,0.1,exclusive,2000,1363.0284,20,10,30.8277
.\test_images\flag_argentina.png,universal,one-point,single,0.5,additive,332,495.6801,20,30,13.1140
.\test_images\flag_argentina.png,universal,one-point,single,0.5,additive,1649,498.4148,20,10,25.5120
.\test_images\flag_argentina.png,universal,one-point,single,0.1,additive,1338,491.4801,20,30,39.0718
.\test_images\flag_argentina.png,universal,one-point,single,0.5,additive,754,499.8128,20,20,20.8735
.\test_images\flag_argentina.png,roulette,uniform,uniform,0.5,exclusive,2000,5131.8701,20,20,82.0462
.\test_images\flag_argentina.png,universal,one-point,single,0.01,exclusive,2000,2030.9824,20,30,55.6357
.\test_images\flag_argentina.png,universal,one-point,single,0.1,exclusive,1255,497.8634,20,30,36.5745
.\test_images\flag_argentina.png,roulette,uniform,uniform,0.1,exclusive,2000,2678.6321,20,30,103.5417
.\test_images\flag_argentina.png,universal,one-point,single,0.1,additive,2000,657.3155,20,20,47.7086
.\test_images\flag_argentina.png,universal,one-point,single,0.1,exclusive,2000,797.2589,20,20,45.2058
.\test_images\flag_argentina.png,universal,one-point,uniform,0.01,additive,228,498.6419,20,30,11.2370
.\test_images\flag_argentina.png,universal,one-point,uniform,0.01,additive,808,492.4399,20,10,15.4697
.\test_images\flag_argentina.png,universal,one-point,single,0.5,exclusive,2000,592.3725,20,10,29.1638
.\test_images\flag_argentina.png,universal,one-point,uniform,0.01,additive,545,499.5339,20,20,22.1962
.\test_images\flag_argentina.png,universal,one-point,uniform,0.1,additive,255,498.2223,20,30,15.2132
.\test_images\flag_argentina.png,universal,one-point,uniform,0.1,additive,411,493.5471,20,20,16.7650
.\test_images\flag_argentina.png,universal,one-point,uniform,0.1,additive,1380,499.5348,20,10,28.2722
.\test_images\flag_argentina.png,universal,one-point,uniform,0.01,exclusive,2000,566.4344,20,10,34.2780
.\test_images\flag_argentina.png,roulette,uniform,uniform,0.5,additive,2000,1246.2327,20,30,124.1189
.\test_images\flag_argentina.png,roulette,uniform,uniform,0.5,exclusive,2000,5387.3394,20,30,116.9614
.\test_images\flag_argentina.png,universal,one-point,single,0.5,exclusive,2000,768.1136,20,20,57.5353
.\test_images\flag_argentina.png,universal,one-point,uniform,0.1,exclusive,2000,3005.7998,20,10,44.4555
.\test_images\flag_argentina.png,universal,ring,single,0.01,additive,2000,2990.2808,20,10,18.4794
.\test_images\flag_argentina.png,universal,one-point,uniform,0.01,exclusive,2000,720.0338,20,20,55.9519
.\test_images\flag_argentina.png,universal,one-point,uniform,0.5,additive,2000,1329.8182,20,10,47.1065
.\test_images\flag_argentina.png,universal,one-point,single,0.5,exclusive,1976,499.8780,20,30,73.9171
.\test_images\flag_argentina.png,universal,one-point,uniform,0.5,exclusive,2000,4638.5928,20,10,42.6262
.\test_images\flag_argentina.png,universal,ring,single,0.01,additive,2000,2453.9302,20,20,35.1918
.\test_images\flag_argentina.png,universal,ring,single,0.01,exclusive,2000,3305.6672,20,10,29.9053
.\test_images\flag_argentina.png,universal,ring,single,0.1,additive,2000,1147.4392,20,10,21.1557
.\test_images\flag_argentina.png,universal,one-point,uniform,0.1,exclusive,2000,3011.0659,20,20,74.1250
.\test_images\flag_argentina.png,universal,ring,single,0.1,exclusive,2000,1126.2628,20,10,18.8026
.\test_images\flag_argentina.png,universal,one-point,uniform,0.01,exclusive,2000,752.9548,20,30,84.1536
.\test_images\flag_argentina.png,universal,ring,single,0.01,exclusive,2000,2830.7874,20,20,34.6698
.\test_images\flag_argentina.png,universal,ring,single,0.5,additive,758,485.0350,20,10,10.9065
.\test_images\flag_argentina.png,universal,ring,single,0.01,additive,2000,2048.1240,20,30,53.1252
.\test_images\flag_argentina.png,universal,ring,single,0.1,additive,2000,596.6697,20,20,38.5513
.\test_images\flag_argentina.png,universal,one-point,uniform,0.5,additive,2000,1337.5609,20,20,81.9065
.\test_images\flag_argentina.png,universal,ring,single,0.1,additive,1369,499.5283,20,30,35.9300
.\test_images\flag_argentina.png,universal,ring,single,0.5,additive,402,499.5823,20,30,15.8754
.\test_images\flag_argentina.png,universal,ring,uniform,0.01,additive,477,499.8737,20,10,8.4494
.\test_images\flag_argentina.png,universal,ring,single,0.01,exclusive,2000,2053.5579,20,30,51.7757
.\test_images\flag_argentina.png,universal,one-point,uniform,0.5,exclusive,2000,5090.2241,20,20,82.8712
.\test_images\flag_argentina.png,universal,ring,single,0.1,exclusive,2000,616.0043,20,20,36.3532
.\test_images\flag_argentina.png,universal,ring,uniform,0.01,additive,320,496.2444,20,20,10.6963
.\test_images\flag_argentina.png,universal,ring,single,0.5,additive,895,491.5505,20,20,24.7438
.\test_images\flag_argentina.png,universal,ring,single,0.5,exclusive,1929,482.0190,20,10,24.4640
.\test_images\flag_argentina.png,universal,one-point,uniform,0.1,exclusive,2000,2839.3870,20,30,106.0096
.\test_images\flag_argentina.png,universal,ring,uniform,0.01,additive,409,499.2585,20,30,19.0176
.\test_images\flag_argentina.png,universal,ring,uniform,0.1,additive,577,495.3041,20,10,11.0079
.\test_images\flag_argentina.png,universal,ring,uniform,0.1,additive,196,498.9735,20,30,10.4297
.\test_images\flag_argentina.png,universal,ring,uniform,0.1,additive,537,484.9845,20,20,16.9256
.\test_images\flag_argentina.png,universal,ring,uniform,0.01,exclusive,2000,698.7023,20,10,27.5562
.\test_images\flag_argentina.png,universal,ring,single,0.1,exclusive,1711,495.1248,20,30,56.0656
.\test_images\flag_argentina.png,universal,ring,single,0.5,exclusive,1844,499.9402,20,20,47.8822
.\test_images\flag_argentina.png,universal,one-point,uniform,0.5,additive,2000,1329.9410,20,30,122.2795
.\test_images\flag_argentina.png,universal,ring,uniform,0.1,exclusive,2000,3543.4368,20,10,36.4754
.\test_images\flag_argentina.png,universal,one-point,uniform,0.5,exclusive,2000,4096.6304,20,30,117.1968
.\test_images\flag_argentina.png,universal,ring,single,0.5,exclusive,1835,498.2404,20,30,63.1857
.\test_images\flag_argentina.png,universal,ring,uniform,0.5,additive,2000,1481.4713,20,10,41.0130
.\test_images\flag_argentina.png,universal,uniform,single,0.01,additive,2000,3848.2090,20,10,26.4135
.\test_images\flag_argentina.png,universal,ring,uniform,0.5,exclusive,2000,5774.2168,20,10,41.3510
.\test_images\flag_argentina.png,universal,ring,uniform,0.01,exclusive,2000,1003.2094,20,20,65.4494
.\test_images\flag_argentina.png,universal,uniform,single,0.01,exclusive,2000,4293.5571,20,10,28.5924
.\test_images\flag_argentina.png,universal,ring,uniform,0.1,exclusive,2000,2920.9519,20,20,64.3514
.\test_images\flag_argentina.png,universal,uniform,single,0.01,additive,2000,2436.1580,20,20,46.6752
.\test_images\flag_argentina.png,universal,uniform,single,0.1,additive,2000,1477.2013,20,10,25.2540
.\test_images\flag_argentina.png,universal,uniform,single,0.01,exclusive,2000,2513.3884,20,20,39.5039
.\test_images\flag_argentina.png,universal,ring,uniform,0.01,exclusive,2000,856.2386,20,30,86.0879
.\test_images\flag_argentina.png,universal,uniform,single,0.1,exclusive,2000,1871.0914,20,10,28.4675
.\test_images\flag_argentina.png,universal,ring,uniform,0.5,exclusive,2000,5138.2729,20,20,72.8363
.\test_images\flag_argentina.png,universal,ring,uniform,0.5,additive,2000,906.5181,20,20,80.4243
.\test_images\flag_argentina.png,universal,uniform,single,0.1,additive,1840,476.8757,20,20,41.0389
.\test_images\flag_argentina.png,universal,uniform,single,0.5,additive,581,481.0279,20,20,16.7035
.\test_images\flag_argentina.png,universal,uniform,single,0.01,additive,2000,2552.4465,20,30,59.6999
.\test_images\flag_argentina.png,universal,uniform,single,0.5,additive,397,490.4831,20,30,15.9157
.\test_images\flag_argentina.png,universal,uniform,single,0.01,exclusive,2000,2110.4448,20,30,53.8654
.\test_images\flag_argentina.png,universal,uniform,uniform,0.01,additive,574,483.8203,20,10,10.2668
.\test_images\flag_argentina.png,universal,ring,uniform,0.1,exclusive,2000,2498.2954,20,30,96.5265
.\test_images\flag_argentina.png,universal,uniform,uniform,0.01,additive,459,499.0462,20,20,15.1301
.\test_images\flag_argentina.png,universal,uniform,single,0.5,additive,1668,495.5370,20,10,32.2234
.\test_images\flag_argentina.png,universal,uniform,uniform,0.1,additive,409,496.2310,20,10,8.8258
.\test_images\flag_argentina.png,universal,uniform,uniform,0.01,additive,343,499.9030,20,30,17.1851
.\test_images\flag_argentina.png,universal,uniform,single,0.1,exclusive,2000,872.3171,20,20,45.9921
.\test_images\flag_argentina.png,universal,uniform,single,0.1,additive,1880,499.2932,20,30,59.9248
.\test_images\flag_argentina.png,universal,ring,uniform,0.5,additive,2000,837.0974,20,30,103.5237
.\test_images\flag_argentina.png,universal,uniform,single,0.5,exclusive,2000,584.2074,20,10,31.5181
.\test_images\flag_argentina.png,universal,uniform,uniform,0.1,additive,340,499.7099,20,20,14.2733
.\test_images\flag_argentina.png,universal,ring,uniform,0.5,exclusive,2000,4300.0737,20,30,108.5420
.\test_images\flag_argentina.png,universal,uniform,uniform,0.01,exclusive,2000,749.5728,20,10,37.9887
.\test_images\flag_argentina.png,universal,uniform,single,0.5,exclusive,1815,499.0309,20,20,50.6174
.\test_images\flag_argentina.png,universal,uniform,single,0.1,exclusive,2000,663.0887,20,30,76.5747
.\test_images\flag_argentina.png,universal,uniform,uniform,0.1,exclusive,2000,3950.7065,20,10,45.3746
.\test_images\flag_argentina.png,universal,uniform,uniform,0.1,additive,844,497.6431,20,30,45.9084
.\test_images\flag_argentina.png,universal,uniform,uniform,0.5,additive,2000,1167.2462,20,10,44.9238
.\test_images\flag_argentina.png,boltzmann,one-point,single,0.01,additive,2000,3158.2419,20,10,25.6877
.\test_images\flag_argentina.png,universal,uniform,uniform,0.5,exclusive,2000,5190.5630,20,10,43.2394
.\test_images\flag_argentina.png,universal,uniform,uniform,0.01,exclusive,2000,843.5746,20,20,73.0804
.\test_images\flag_argentina.png,universal,uniform,single,0.5,exclusive,2000,750.3364,20,30,82.1118
.\test_images\flag_argentina.png,boltzmann,one-point,single,0.01,exclusive,2000,4065.3694,20,10,25.4755
.\test_images\flag_argentina.png,boltzmann,one-point,single,0.01,additive,2000,2109.8289,20,20,40.3522
.\test_images\flag_argentina.png,universal,uniform,uniform,0.1,exclusive,2000,3215.2090,20,20,70.5110
.\test_images\flag_argentina.png,universal,uniform,uniform,0.01,exclusive,2000,685.5358,20,30,91.1811
.\test_images\flag_argentina.png,boltzmann,one-point,single,0.1,additive,2000,1128.5544,20,10,32.7327
.\test_images\flag_argentina.png,boltzmann,one-point,single,0.01,exclusive,2000,2603.7153,20,20,40.7091
.\test_images\flag_argentina.png,boltzmann,one-point,single,0.1,exclusive,2000,1819.4452,20,10,23.4068
.\test_images\flag_argentina.png,universal,uniform,uniform,0.5,additive,2000,1320.7675,20,20,84.8134
.\test_images\flag_argentina.png,boltzmann,one-point,single,0.01,additive,2000,2301.3843,20,30,55.1510
.\test_images\flag_argentina.png,universal,uniform,uniform,0.5,exclusive,2000,5210.4209,20,20,83.0221
.\test_images\flag_argentina.png,boltzmann,one-point,single,0.1,additive,2000,695.8840,20,20,50.2749
.\test_images\flag_argentina.png,boltzmann,one-point,single,0.5,additive,459,499.4548,20,30,18.1688
.\test_images\flag_argentina.png,boltzmann,one-point,single,0.5,additive,1832,498.8107,20,10,30.6565
.\test_images\flag_argentina.png,boltzmann,one-point,single,0.01,exclusive,2000,2103.0303,20,30,54.2876
.\test_images\flag_argentina.png,universal,uniform,uniform,0.1,exclusive,2000,2831.6401,20,30,102.7338
.\test_images\flag_argentina.png,boltzmann,one-point,single,0.5,additive,827,499.1245,20,20,22.6358
.\test_images\flag_argentina.png,boltzmann,one-point,uniform,0.01,additive,436,499.2935,20,20,18.0471
.\test_images\flag_argentina.png,boltzmann,one-point,single,0.5,exclusive,554,496.7825,20,30,21.6032
.\test_images\flag_argentina.png,boltzmann,one-point,uniform,0.01,exclusive,240,496.7321,20,30,11.4610
.\test_images\flag_argentina.png,boltzmann,one-point,single,0.1,exclusive,2000,891.5948,20,20,45.4382
.\test_images\flag_argentina.png,boltzmann,one-point,single,0.5,exclusive,1172,497.7654,20,20,29.2495
.\test_images\flag_argentina.png,boltzmann,one-point,single,0.5,exclusive,2000,621.7848,20,10,31.2119
.\test_images\flag_argentina.png,boltzmann,one-point,uniform,0.01,exclusive,438,499.4089,20,20,15.2763
.\test_images\flag_argentina.png,boltzmann,one-point,uniform,0.1,additive,394,493.9405,20,20,15.4848
.\test_images\flag_argentina.png,boltzmann,one-point,uniform,0.01,exclusive,1035,497.7942,20,10,21.4108
.\test_images\flag_argentina.png,boltzmann,one-point,uniform,0.1,additive,840,498.3426,20,10,17.6865
.\test_images\flag_argentina.png,boltzmann,one-point,uniform,0.01,additive,477,499.8375,20,30,22.2295
.\test_images\flag_argentina.png,universal,uniform,uniform,0.5,additive,2000,1087.5736,20,30,117.3327
.\test_images\flag_argentina.png,boltzmann,one-point,single,0.1,additive,2000,526.1208,20,30,62.1309
.\test_images\flag_argentina.png,boltzmann,one-point,uniform,0.01,additive,2000,520.2858,20,10,35.7953
.\test_images\flag_argentina.png,boltzmann,one-point,single,0.1,exclusive,2000,712.8187,20,30,60.5762
.\test_images\flag_argentina.png,boltzmann,one-point,uniform,0.1,exclusive,472,489.3371,20,20,17.9703
.\test_images\flag_argentina.png,boltzmann,one-point,uniform,0.1,exclusive,310,499.3369,20,30,17.2205
.\test_images\flag_argentina.png,universal,uniform,uniform,0.5,exclusive,2000,5436.4180,20,30,118.3209
.\test_images\flag_argentina.png,boltzmann,one-point,uniform,0.1,additive,531,497.3381,20,30,31.1877
.\test_images\flag_argentina.png,boltzmann,one-point,uniform,0.1,exclusive,1463,499.5879,20,10,28.7408
.\test_images\flag_argentina.png,boltzmann,ring,single,0.01,additive,2000,2967.4858,20,10,23.8991
.\test_images\flag_argentina.png,boltzmann,ring,single,0.01,exclusive,2000,3649.4541,20,10,21.5617
.\test_images\flag_argentina.png,boltzmann,ring,single,0.1,exclusive,2000,1504.5341,20,10,19.6485
.\test_images\flag_argentina.png,boltzmann,one-point,uniform,0.5,additive,2000,1455.8563,20,10,44.3034
.\test_images\flag_argentina.png,boltzmann,ring,single,0.01,additive,2000,2635.1860,20,20,38.3157
.\test_images\flag_argentina.png,boltzmann,ring,single,0.1,additive,2000,1283.1140,20,10,29.6349
.\test_images\flag_argentina.png,boltzmann,one-point,uniform,0.5,exclusive,2000,3092.0747,20,10,41.7934
.\test_images\flag_argentina.png,boltzmann,ring,single,0.01,exclusive,2000,3008.0466,20,20,44.2985
.\test_images\flag_argentina.png,boltzmann,ring,single,0.5,additive,655,499.5843,20,20,16.7999
.\test_images\flag_argentina.png,boltzmann,ring,single,0.1,additive,2000,512.6395,20,20,40.3750
.\test_images\flag_argentina.png,boltzmann,ring,single,0.01,additive,2000,1903.3711,20,30,52.7937
.\test_images\flag_argentina.png,boltzmann,ring,single,0.5,additive,493,497.9426,20,30,19.7406
.\test_images\flag_argentina.png,boltzmann,ring,single,0.5,exclusive,1531,494.6901,20,10,19.9616
.\test_images\flag_argentina.png,boltzmann,ring,single,0.01,exclusive,2000,2285.3826,20,30,50.9612
.\test_images\flag_argentina.png,boltzmann,ring,single,0.1,additive,1616,499.0366,20,30,44.8429
.\test_images\flag_argentina.png,boltzmann,ring,single,0.5,exclusive,833,499.4599,20,20,24.4957
.\test_images\flag_argentina.png,boltzmann,ring,single,0.5,additive,2000,563.7579,20,10,28.6616
.\test_images\flag_argentina.png,boltzmann,ring,uniform,0.01,additive,290,499.0721,20,30,13.2961
.\test_images\flag_argentina.png,boltzmann,ring,single,0.5,exclusive,528,498.6228,20,30,17.6363
.\test_images\flag_argentina.png,boltzmann,ring,single,0.1,exclusive,2000,1174.7465,20,20,49.6398
.\test_images\flag_argentina.png,boltzmann,ring,uniform,0.01,exclusive,308,499.4252,20,30,13.5438
.\test_images\flag_argentina.png,boltzmann,ring,uniform,0.01,additive,610,496.5046,20,20,19.1891
.\test_images\flag_argentina.png,boltzmann,ring,uniform,0.01,additive,1180,499.4399,20,10,20.1045
.\test_images\flag_argentina.png,boltzmann,ring,uniform,0.01,exclusive,1033,499.9466,20,10,17.0794
.\test_images\flag_argentina.png,boltzmann,one-point,uniform,0.5,additive,2000,1366.2196,20,20,82.0635
.\test_images\flag_argentina.png,boltzmann,ring,uniform,0.1,additive,365,498.6844,20,20,12.8882
.\test_images\flag_argentina.png,boltzmann,one-point,uniform,0.5,exclusive,2000,2911.1343,20,20,80.4167
.\test_images\flag_argentina.png,boltzmann,ring,uniform,0.1,additive,1048,496.7686,20,10,18.9645
.\test_images\flag_argentina.png,boltzmann,ring,single,0.1,exclusive,1908,499.7123,20,30,59.6233
.\test_images\flag_argentina.png,boltzmann,ring,uniform,0.1,additive,383,499.5425,20,30,20.1446
.\test_images\flag_argentina.png,boltzmann,ring,uniform,0.1,exclusive,565,495.6091,20,20,18.0886
.\test_images\flag_argentina.png,boltzmann,ring,uniform,0.1,exclusive,260,499.7066,20,30,15.9948
.\test_images\flag_argentina.png,boltzmann,ring,uniform,0.1,exclusive,2000,654.7908,20,10,34.5419
.\test_images\flag_argentina.png,boltzmann,ring,uniform,0.01,exclusive,1532,499.7879,20,20,46.1946
.\test_images\flag_argentina.png,boltzmann,uniform,single,0.01,exclusive,2000,3919.4097,20,10,22.7656
.\test_images\flag_argentina.png,boltzmann,uniform,single,0.01,additive,2000,3228.7361,20,10,30.7988
.\test_images\flag_argentina.png,boltzmann,ring,uniform,0.5,additive,2000,1460.1224,20,10,39.5228
.\test_images\flag_argentina.png,boltzmann,one-point,uniform,0.5,additive,2000,939.5483,20,30,119.4653
.\test_images\flag_argentina.png,boltzmann,one-point,uniform,0.5,exclusive,2000,2880.1204,20,30,115.0896
.\test_images\flag_argentina.png,boltzmann,ring,uniform,0.5,exclusive,2000,4416.2549,20,10,44.9712
.\test_images\flag_argentina.png,boltzmann,uniform,single,0.1,additive,2000,1695.4590,20,10,23.0324
.\test_images\flag_argentina.png,boltzmann,uniform,single,0.01,exclusive,2000,3329.1570,20,20,39.2276
.\test_images\flag_argentina.png,boltzmann,uniform,single,0.01,additive,2000,2586.1465,20,20,52.7113
.\test_images\flag_argentina.png,boltzmann,uniform,single,0.5,additive,1351,498.2489,20,10,22.0735
.\test_images\flag_argentina.png,boltzmann,uniform,single,0.1,exclusive,2000,1582.7477,20,10,26.7429
.\test_images\flag_argentina.png,boltzmann,uniform,single,0.5,additive,696,498.4008,20,20,19.7339
.\test_images\flag_argentina.png,boltzmann,uniform,single,0.5,additive,527,499.8149,20,30,20.3784
.\test_images\flag_argentina.png,boltzmann,uniform,single,0.01,additive,2000,2267.2976,20,30,63.7411
.\test_images\flag_argentina.png,boltzmann,uniform,single,0.1,additive,1938,499.3853,20,20,44.1129
.\test_images\flag_argentina.png,boltzmann,uniform,uniform,0.01,additive,621,497.9338,20,10,12.8239
.\test_images\flag_argentina.png,boltzmann,uniform,single,0.01,exclusive,2000,2760.3340,20,30,63.2660
.\test_images\flag_argentina.png,boltzmann,ring,uniform,0.5,additive,2000,1310.0864,20,20,78.9786
.\test_images\flag_argentina.png,boltzmann,uniform,single,0.5,exclusive,2000,658.9528,20,10,29.0003
.\test_images\flag_argentina.png,boltzmann,ring,uniform,0.5,exclusive,2000,2961.3806,20,20,82.7251
.\test_images\flag_argentina.png,boltzmann,uniform,single,0.5,exclusive,519,499.0207,20,30,23.0976
.\test_images\flag_argentina.png,boltzmann,uniform,uniform,0.01,additive,624,493.1566,20,20,21.3519
.\test_images\flag_argentina.png,boltzmann,uniform,uniform,0.01,exclusive,455,499.2313,20,20,17.3172
.\test_images\flag_argentina.png,boltzmann,uniform,single,0.1,exclusive,2000,1305.4110,20,20,54.6086
.\test_images\flag_argentina.png,boltzmann,uniform,uniform,0.1,additive,386,498.5482,20,20,15.5138
.\test_images\flag_argentina.png,boltzmann,uniform,single,0.1,additive,2000,571.3721,20,30,63.4906
.\test_images\flag_argentina.png,boltzmann,uniform,uniform,0.01,additive,540,498.4857,20,30,26.1338
.\test_images\flag_argentina.png,boltzmann,uniform,uniform,0.1,additive,972,485.0571,20,10,20.5950
.\test_images\flag_argentina.png,boltzmann,uniform,single,0.5,exclusive,1509,498.5450,20,20,42.5827
.\test_images\flag_argentina.png,boltzmann,uniform,uniform,0.01,exclusive,517,497.4566,20,30,26.1876
.\test_images\flag_argentina.png,boltzmann,uniform,single,0.1,exclusive,2000,843.8840,20,30,63.8086
.\test_images\flag_argentina.png,boltzmann,uniform,uniform,0.1,additive,373,496.0900,20,30,20.7019
.\test_images\flag_argentina.png,boltzmann,uniform,uniform,0.1,exclusive,575,496.3700,20,20,24.9181
.\test_images\flag_argentina.png,boltzmann,uniform,uniform,0.01,exclusive,2000,576.1608,20,10,38.0609
.\test_images\flag_argentina.png,boltzmann,ring,uniform,0.5,exclusive,2000,2763.8804,20,30,109.3526
.\test_images\flag_argentina.png,boltzmann,uniform,uniform,0.1,exclusive,531,478.2941,20,30,30.5069
.\test_images\flag_argentina.png,boltzmann,ring,uniform,0.5,additive,2000,1248.5309,20,30,119.2017
.\test_images\flag_argentina.png,boltzmann,uniform,uniform,0.1,exclusive,2000,853.6438,20,10,41.6079
.\test_images\flag_argentina.png,ranking,one-point,single,0.01,exclusive,2000,3512.2932,20,10,22.8510
.\test_images\flag_argentina.png,ranking,one-point,single,0.01,additive,2000,2921.5090,20,10,27.0867
.\test_images\flag_argentina.png,ranking,one-point,single,0.1,additive,2000,1387.9940,20,10,22.7197
.\test_images\flag_argentina.png,boltzmann,uniform,uniform,0.5,exclusive,2000,3159.6584,20,10,42.7196
.\test_images\flag_argentina.png,boltzmann,uniform,uniform,0.5,additive,2000,1313.0917,20,10,49.9551
.\test_images\flag_argentina.png,ranking,one-point,single,0.01,additive,2000,2302.0100,20,20,44.0001
.\test_images\flag_argentina.png,ranking,one-point,single,0.01,exclusive,2000,2465.6716,20,20,40.1577
.\test_images\flag_argentina.png,ranking,one-point,single,0.5,additive,547,498.6403,20,20,13.9657
.\test_images\flag_argentina.png,ranking,one-point,single,0.01,additive,2000,2143.5720,20,30,51.5893
.\test_images\flag_argentina.png,ranking,one-point,single,0.1,exclusive,2000,1710.3032,20,10,29.7085
.\test_images\flag_argentina.png,ranking,one-point,single,0.1,additive,1351,497.5423,20,30,41.9003
.\test_images\flag_argentina.png,ranking,one-point,single,0.1,additive,2000,501.0818,20,20,45.0197
.\test_images\flag_argentina.png,ranking,one-point,single,0.5,additive,513,493.6517,20,30,19.6278
.\test_images\flag_argentina.png,ranking,one-point,single,0.5,additive,1926,499.9090,20,10,29.7251
.\test_images\flag_argentina.png,ranking,one-point,uniform,0.01,additive,597,499.9083,20,10,12.4423
.\test_images\flag_argentina.png,ranking,one-point,single,0.1,exclusive,2000,1104.9663,20,20,42.6389
.\test_images\flag_argentina.png,ranking,one-point,uniform,0.01,additive,478,499.7309,20,20,16.7626
.\test_images\flag_argentina.png,ranking,one-point,uniform,0.01,additive,236,498.8135,20,30,11.6856
.\test_images\flag_argentina.png,ranking,one-point,single,0.01,exclusive,2000,2275.5391,20,30,61.8797
.\test_images\flag_argentina.png,ranking,one-point,single,0.5,exclusive,1914,496.3487,20,10,30.2235
.\test_images\flag_argentina.png,boltzmann,uniform,uniform,0.5,additive,2000,1082.9626,20,20,83.4762
.\test_images\flag_argentina.png,ranking,one-point,single,0.5,exclusive,743,495.5721,20,30,26.7682
.\test_images\flag_argentina.png,boltzmann,uniform,uniform,0.5,exclusive,2000,3234.2617,20,20,85.0581
.\test_images\flag_argentina.png,ranking,one-point,uniform,0.1,additive,1072,486.7818,20,10,21.2779
.\test_images\flag_argentina.png,ranking,one-point,single,0.5,exclusive,1437,495.8549,20,20,41.4587
.\test_images\flag_argentina.png,ranking,one-point,single,0.1,exclusive,2000,662.4193,20,30,67.8220
.\test_images\flag_argentina.png,ranking,one-point,uniform,0.01,exclusive,1007,493.4779,20,20,33.5928
.\test_images\flag_argentina.png,ranking,one-point,uniform,0.1,additive,770,498.2347,20,20,28.3628
.\test_images\flag_argentina.png,ranking,one-point,uniform,0.01,exclusive,2000,569.8254,20,10,35.4637
.\test_images\flag_argentina.png,ranking,one-point,uniform,0.1,additive,481,490.7383,20,30,27.4669
.\test_images\flag_argentina.png,ranking,one-point,uniform,0.01,exclusive,852,497.2302,20,30,40.2734
.\test_images\flag_argentina.png,ranking,one-point,uniform,0.1,exclusive,2000,2985.1260,20,10,40.6160
.\test_images\flag_argentina.png,boltzmann,uniform,uniform,0.5,additive,2000,1155.8936,20,30,119.9239
.\test_images\flag_argentina.png,ranking,ring,single,0.01,additive,2000,2860.7515,20,10,20.4387
.\test_images\flag_argentina.png,boltzmann,uniform,uniform,0.5,exclusive,2000,2552.7007,20,30,118.6676
.\test_images\flag_argentina.png,ranking,one-point,uniform,0.5,additive,2000,1062.6935,20,10,43.1559
.\test_images\flag_argentina.png,ranking,ring,single,0.01,exclusive,2000,3956.1216,20,10,20.8124
.\test_images\flag_argentina.png,ranking,one-point,uniform,0.5,exclusive,2000,4682.5537,20,10,44.9635
.\test_images\flag_argentina.png,ranking,ring,single,0.01,additive,2000,2356.3499,20,20,36.2810
.\test_images\flag_argentina.png,ranking,ring,single,0.1,additive,2000,1105.5480,20,10,20.7453
.\test_images\flag_argentina.png,ranking,one-point,uniform,0.1,exclusive,2000,2727.9709,20,20,67.2122
.\test_images\flag_argentina.png,ranking,ring,single,0.01,exclusive,2000,2868.6785,20,20,36.1334
.\test_images\flag_argentina.png,ranking,ring,single,0.1,additive,909,499.6302,20,30,24.9804
.\test_images\flag_argentina.png,ranking,ring,single,0.1,exclusive,2000,1756.3927,20,10,23.1906
.\test_images\flag_argentina.png,ranking,ring,single,0.01,additive,2000,2187.3657,20,30,48.5167
.\test_images\flag_argentina.png,ranking,ring,single,0.5,additive,272,498.6781,20,30,10.5532
.\test_images\flag_argentina.png,ranking,ring,single,0.5,additive,751,499.0425,20,20,19.0860
.\test_images\flag_argentina.png,ranking,ring,single,0.5,additive,1847,499.9866,20,10,24.0750
.\test_images\flag_argentina.png,ranking,ring,single,0.1,additive,2000,591.7966,20,20,43.4408
.\test_images\flag_argentina.png,ranking,ring,uniform,0.01,additive,669,497.2056,20,10,14.8778
.\test_images\flag_argentina.png,ranking,one-point,uniform,0.5,additive,2000,1204.8064,20,20,81.1727
.\test_images\flag_argentina.png,ranking,ring,single,0.01,exclusive,2000,2040.9841,20,30,48.7660
.\test_images\flag_argentina.png,ranking,ring,uniform,0.01,additive,370,493.8456,20,20,12.8161
.\test_images\flag_argentina.png,ranking,ring,single,0.5,exclusive,612,499.7110,20,30,21.6378
.\test_images\flag_argentina.png,ranking,ring,single,0.5,exclusive,2000,507.8907,20,10,26.6114
.\test_images\flag_argentina.png,ranking,ring,uniform,0.01,additive,345,499.7974,20,30,15.1783
.\test_images\flag_argentina.png,ranking,ring,single,0.1,exclusive,2000,726.3316,20,20,51.5296
.\test_images\flag_argentina.png,ranking,one-point,uniform,0.5,exclusive,2000,5072.7695,20,20,81.0355
.\test_images\flag_argentina.png,ranking,ring,uniform,0.1,additive,208,478.7712,20,30,11.2855
.\test_images\flag_argentina.png,ranking,ring,uniform,0.1,additive,783,479.8160,20,10,14.5353
.\test_images\flag_argentina.png,ranking,ring,single,0.5,exclusive,1305,496.3051,20,20,35.5460
.\test_images\flag_argentina.png,ranking,one-point,uniform,0.1,exclusive,2000,2160.8579,20,30,102.0347
.\test_images\flag_argentina.png,ranking,ring,uniform,0.01,exclusive,541,497.0121,20,30,24.7692
.\test_images\flag_argentina.png,ranking,ring,single,0.1,exclusive,2000,504.8930,20,30,56.6580
.\test_images\flag_argentina.png,ranking,ring,uniform,0.01,exclusive,2000,614.8621,20,10,40.1483
.\test_images\flag_argentina.png,ranking,ring,uniform,0.01,exclusive,1484,479.6306,20,20,45.3434
.\test_images\flag_argentina.png,ranking,one-point,uniform,0.5,additive,2000,1109.2397,20,30,122.5062
.\test_images\flag_argentina.png,ranking,ring,uniform,0.1,exclusive,2000,3423.9500,20,10,41.8249
.\test_images\flag_argentina.png,ranking,uniform,single,0.01,additive,2000,3795.0535,20,10,22.0233
.\test_images\flag_argentina.png,ranking,one-point,uniform,0.5,exclusive,2000,4392.3052,20,30,114.3404
.\test_images\flag_argentina.png,ranking,ring,uniform,0.5,exclusive,2000,5557.3892,20,10,39.6340
.\test_images\flag_argentina.png,ranking,ring,uniform,0.1,additive,1596,480.3937,20,20,54.8681
.\test_images\flag_argentina.png,ranking,ring,uniform,0.5,additive,2000,1275.5260,20,10,53.8516
.\test_images\flag_argentina.png,ranking,ring,uniform,0.1,exclusive,2000,2365.3774,20,20,58.5231
.\test_images\flag_argentina.png,ranking,uniform,single,0.01,additive,2000,2613.0435,20,20,39.5646
.\test_images\flag_argentina.png,ranking,uniform,single,0.1,additive,2000,1530.0122,20,10,23.1161
.\test_images\flag_argentina.png,ranking,uniform,single,0.01,exclusive,2000,4016.5771,20,10,28.0227
.\test_images\flag_argentina.png,ranking,uniform,single,0.1,exclusive,2000,1538.0283,20,10,31.0663
.\test_images\flag_argentina.png,ranking,uniform,single,0.5,additive,1241,495.9430,20,10,19.2900
.\test_images\flag_argentina.png,ranking,uniform,single,0.01,exclusive,2000,3385.4692,20,20,43.7862
.\test_images\flag_argentina.png,ranking,ring,uniform,0.5,additive,2000,1237.9220,20,20,78.2747
.\test_images\flag_argentina.png,ranking,uniform,single,0.01,additive,2000,2478.5183,20,30,54.3261
.\test_images\flag_argentina.png,ranking,ring,uniform,0.1,exclusive,2000,2057.1030,20,30,84.5891
.\test_images\flag_argentina.png,ranking,ring,uniform,0.5,exclusive,2000,4561.0454,20,20,78.2500
.\test_images\flag_argentina.png,ranking,uniform,single,0.1,additive,1325,498.9832,20,30,41.4605
.\test_images\flag_argentina.png,ranking,uniform,single,0.5,additive,996,497.6634,20,20,29.8489
.\test_images\flag_argentina.png,ranking,uniform,single,0.1,additive,2000,834.2576,20,20,52.9591
.\test_images\flag_argentina.png,ranking,uniform,uniform,0.01,additive,642,499.4530,20,10,13.2045
.\test_images\flag_argentina.png,ranking,uniform,single,0.5,additive,755,499.6924,20,30,32.4709
.\test_images\flag_argentina.png,ranking,uniform,single,0.01,exclusive,2000,2127.4631,20,30,63.7437
.\test_images\flag_argentina.png,ranking,uniform,single,0.5,exclusive,1724,496.3772,20,10,24.2033
.\test_images\flag_argentina.png,ranking,uniform,uniform,0.01,additive,405,498.4429,20,30,19.5713
.\test_images\flag_argentina.png,ranking,uniform,uniform,0.1,additive,361,499.0713,20,20,14.1681
.\test_images\flag_argentina.png,ranking,uniform,single,0.1,exclusive,2000,935.7333,20,20,52.5032
.\test_images\flag_argentina.png,ranking,uniform,single,0.5,exclusive,752,498.0162,20,30,29.7506
.\test_images\flag_argentina.png,ranking,uniform,uniform,0.01,exclusive,1366,494.6708,20,10,25.0377
.\test_images\flag_argentina.png,ranking,uniform,uniform,0.1,additive,857,497.3832,20,10,19.1566
.\test_images\flag_argentina.png,ranking,uniform,uniform,0.01,additive,787,499.8474,20,20,29.7524
.\test_images\flag_argentina.png,ranking,uniform,uniform,0.1,additive,313,488.0632,20,30,17.7520
.\test_images\flag_argentina.png,ranking,uniform,single,0.1,exclusive,2000,610.6300,20,30,61.2313
.\test_images\flag_argentina.png,ranking,ring,uniform,0.5,additive,2000,1027.1938,20,30,115.3307
.\test_images\flag_argentina.png,ranking,ring,uniform,0.5,exclusive,2000,5436.1157,20,30,113.2194
.\test_images\flag_argentina.png,ranking,uniform,uniform,0.01,exclusive,731,499.7383,20,30,38.2096
.\test_images\flag_argentina.png,ranking,uniform,single,0.5,exclusive,1815,499.8124,20,20,51.7920
.\test_images\flag_argentina.png,ranking,uniform,uniform,0.1,exclusive,2000,2974.4302,20,10,39.5939
.\test_images\flag_argentina.png,tournament-deterministic,one-point,single,0.01,additive,2000,3144.5781,20,10,26.8486
.\test_images\flag_argentina.png,ranking,uniform,uniform,0.01,exclusive,1667,493.0457,20,20,55.8841
.\test_images\flag_argentina.png,tournament-deterministic,one-point,single,0.01,exclusive,2000,3135.5417,20,10,29.8537
.\test_images\flag_argentina.png,ranking,uniform,uniform,0.5,additive,2000,1323.2459,20,10,45.3071
.\test_images\flag_argentina.png,tournament-deterministic,one-point,single,0.01,additive,2000,2621.7834,20,20,38.5249
.\test_images\flag_argentina.png,ranking,uniform,uniform,0.5,exclusive,2000,5440.8687,20,10,50.3816
.\test_images\flag_argentina.png,tournament-deterministic,one-point,single,0.01,exclusive,2000,2492.9971,20,20,38.4166
.\test_images\flag_argentina.png,ranking,uniform,uniform,0.1,exclusive,2000,1990.1265,20,20,69.1610
.\test_images\flag_argentina.png,tournament-deterministic,one-point,single,0.1,additive,2000,1493.9270,20,10,34.3986
.\test_images\flag_argentina.png,tournament-deterministic,one-point,single,0.5,additive,874,493.1582,20,10,14.9633
.\test_images\flag_argentina.png,tournament-deterministic,one-point,single,0.1,exclusive,2000,1520.1353,20,10,26.3751
.\test_images\flag_argentina.png,tournament-deterministic,one-point,single,0.01,additive,2000,2176.9060,20,30,61.1791
.\test_images\flag_argentina.png,tournament-deterministic,one-point,single,0.1,additive,1252,497.5298,20,30,37.9662
.\test_images\flag_argentina.png,tournament-deterministic,one-point,single,0.1,additive,2000,833.2667,20,20,48.0199
.\test_images\flag_argentina.png,ranking,uniform,uniform,0.5,additive,2000,1316.2242,20,20,82.0586
.\test_images\flag_argentina.png,tournament-deterministic,one-point,single,0.01,exclusive,2000,2338.4983,20,30,60.2392
.\test_images\flag_argentina.png,tournament-deterministic,one-point,single,0.5,additive,858,499.3620,20,20,23.3413
.\test_images\flag_argentina.png,tournament-deterministic,one-point,single,0.5,exclusive,1238,498.7692,20,10,18.4284
.\test_images\flag_argentina.png,tournament-deterministic,one-point,uniform,0.01,additive,584,495.0375,20,10,11.8657
.\test_images\flag_argentina.png,ranking,uniform,uniform,0.5,exclusive,2000,4984.1587,20,20,82.5603
.\test_images\flag_argentina.png,tournament-deterministic,one-point,uniform,0.01,additive,415,498.1816,20,20,13.2517
.\test_images\flag_argentina.png,tournament-deterministic,one-point,single,0.5,additive,568,493.1402,20,30,23.5463
.\test_images\flag_argentina.png,tournament-deterministic,one-point,single,0.1,exclusive,2000,1172.9204,20,20,47.2645
.\test_images\flag_argentina.png,tournament-deterministic,one-point,single,0.5,exclusive,888,498.9037,20,20,25.3380
.\test_images\flag_argentina.png,ranking,uniform,uniform,0.1,exclusive,2000,1956.8611,20,30,99.9629
.\test_images\flag_argentina.png,tournament-deterministic,one-point,single,0.5,exclusive,654,490.2509,20,30,26.4296
.\test_images\flag_argentina.png,tournament-deterministic,one-point,uniform,0.01,additive,361,498.7234,20,30,17.6723
.\test_images\flag_argentina.png,tournament-deterministic,one-point,uniform,0.01,exclusive,789,493.2852,20,10,16.1349
.\test_images\flag_argentina.png,tournament-deterministic,one-point,uniform,0.01,exclusive,462,498.5678,20,20,16.0562
.\test_images\flag_argentina.png,tournament-deterministic,one-point,single,0.1,exclusive,1641,492.9685,20,30,52.7806
.\test_images\flag_argentina.png,tournament-deterministic,one-point,uniform,0.1,additive,270,497.0835,20,30,15.7279
.\test_images\flag_argentina.png,tournament-deterministic,one-point,uniform,0.01,exclusive,469,496.8036,20,30,23.2841
.\test_images\flag_argentina.png,tournament-deterministic,one-point,uniform,0.1,additive,951,499.8695,20,10,22.6041
.\test_images\flag_argentina.png,tournament-deterministic,one-point,uniform,0.1,additive,569,496.3077,20,20,24.8869
.\test_images\flag_argentina.png,tournament-deterministic,ring,single,0.01,additive,2000,3337.8484,20,10,21.6627
.\test_images\flag_argentina.png,tournament-deterministic,one-point,uniform,0.1,exclusive,2000,2169.6340,20,10,36.1063
.\test_images\flag_argentina.png,ranking,uniform,uniform,0.5,exclusive,2000,4945.6143,20,30,119.4658
.\test_images\flag_argentina.png,ranking,uniform,uniform,0.5,additive,2000,1182.5590,20,30,125.2030
.\test_images\flag_argentina.png,tournament-deterministic,ring,single,0.01,exclusive,2000,3309.2756,20,10,28.2138
.\test_images\flag_argentina.png,tournament-deterministic,ring,single,0.01,additive,2000,2416.5818,20,20,34.7445
.\test_images\flag_argentina.png,tournament-deterministic,one-point,uniform,0.5,additive,2000,1411.8568,20,10,48.9098
.\test_images\flag_argentina.png,tournament-deterministic,ring,single,0.1,additive,2000,1471.0454,20,10,20.3010
.\test_images\flag_argentina.png,tournament-deterministic,one-point,uniform,0.5,exclusive,2000,4851.3037,20,10,45.4525
.\test_images\flag_argentina.png,tournament-deterministic,one-point,uniform,0.1,exclusive,2000,1251.4886,20,20,65.8119
.\test_images\flag_argentina.png,tournament-deterministic,ring,single,0.1,additive,1088,497.1415,20,30,28.6410
.\test_images\flag_argentina.png,tournament-deterministic,ring,single,0.01,additive,2000,2223.5271,20,30,49.4794
.\test_images\flag_argentina.png,tournament-deterministic,ring,single,0.01,exclusive,2000,2380.4392,20,20,47.1664
.\test_images\flag_argentina.png,tournament-deterministic,ring,single,0.1,additive,2000,586.5840,20,20,35.4126
.\test_images\flag_argentina.png,tournament-deterministic,ring,single,0.1,exclusive,2000,1640.4264,20,10,23.0506
.\test_images\flag_argentina.png,tournament-deterministic,ring,single,0.5,additive,642,498.0161,20,20,15.8625
.\test_images\flag_argentina.png,tournament-deterministic,ring,single,0.5,additive,994,498.8657,20,10,16.0732
.\test_images\flag_argentina.png,tournament-deterministic,ring,single,0.5,additive,419,498.1668,20,30,16.6197
.\test_images\flag_argentina.png,tournament-deterministic,ring,uniform,0.01,additive,192,499.6978,20,30,10.3946
.\test_images\flag_argentina.png,tournament-deterministic,ring,single,0.01,exclusive,2000,2656.6130,20,30,50.2884
.\test_images\flag_argentina.png,tournament-deterministic,one-point,uniform,0.5,additive,2000,1417.6666,20,20,79.6415
.\test_images\flag_argentina.png,tournament-deterministic,ring,uniform,0.01,additive,702,478.3360,20,10,15.9173
.\test_images\flag_argentina.png,tournament-deterministic,ring,single,0.5,exclusive,1615,499.8185,20,10,21.9749
.\test_images\flag_argentina.png,tournament-deterministic,ring,single,0.1,exclusive,2000,713.4402,20,20,41.3606
.\test_images\flag_argentina.png,tournament-deterministic,one-point,uniform,0.5,exclusive,2000,4445.3911,20,20,80.4135
.\test_images\flag_argentina.png,tournament-deterministic,ring,single,0.5,exclusive,848,499.9007,20,20,24.3409
.\test_images\flag_argentina.png,tournament-deterministic,ring,uniform,0.01,exclusive,1157,497.3456,20,10,24.2127
.\test_images\flag_argentina.png,tournament-deterministic,ring,uniform,0.01,additive,786,499.4364,20,20,26.3529
.\test_images\flag_argentina.png,tournament-deterministic,ring,single,0.5,exclusive,752,498.5875,20,30,30.2431
.\test_images\flag_argentina.png,tournament-deterministic,ring,uniform,0.1,additive,441,494.7772,20,20,15.8720
.\test_images\flag_argentina.png,tournament-deterministic,ring,uniform,0.01,exclusive,738,497.7342,20,20,22.6055
.\test_images\flag_argentina.png,tournament-deterministic,ring,uniform,0.01,exclusive,504,499.8087,20,30,24.6398
.\test_images\flag_argentina.png,tournament-deterministic,one-point,uniform,0.1,exclusive,2000,1420.5839,20,30,102.9401
.\test_images\flag_argentina.png,tournament-deterministic,ring,uniform,0.1,additive,517,498.7455,20,30,25.0193
.\test_images\flag_argentina.png,tournament-deterministic,ring,uniform,0.1,additive,1726,496.4123,20,10,29.4744
.\test_images\flag_argentina.png,tournament-deterministic,ring,single,0.1,exclusive,2000,835.6143,20,30,67.3613
.\test_images\flag_argentina.png,tournament-deterministic,ring,uniform,0.1,exclusive,2000,2045.5842,20,10,35.0534
.\test_images\flag_argentina.png,tournament-deterministic,one-point,uniform,0.5,exclusive,2000,4144.6733,20,30,114.8759
.\test_images\flag_argentina.png,tournament-deterministic,one-point,uniform,0.5,additive,2000,952.6631,20,30,122.3624
.\test_images\flag_argentina.png,tournament-deterministic,ring,uniform,0.5,additive,2000,1100.4504,20,10,39.4546
.\test_images\flag_argentina.png,tournament-deterministic,uniform,single,0.01,additive,2000,3703.8794,20,10,29.3651
.\test_images\flag_argentina.png,tournament-deterministic,uniform,single,0.01,exclusive,2000,3508.9517,20,10,24.2389
.\test_images\flag_argentina.png,tournament-deterministic,ring,uniform,0.5,exclusive,2000,4427.9248,20,10,46.6393
.\test_images\flag_argentina.png,tournament-deterministic,uniform,single,0.1,additive,2000,1556.5602,20,10,25.5797
.\test_images\flag_argentina.png,tournament-deterministic,uniform,single,0.01,additive,2000,2752.2109,20,20,46.9205
.\test_images\flag_argentina.png,tournament-deterministic,ring,uniform,0.1,exclusive,2000,1770.6721,20,20,69.9781
.\test_images\flag_argentina.png,tournament-deterministic,uniform,single,0.1,exclusive,2000,2007.8690,20,10,30.2744
.\test_images\flag_argentina.png,tournament-deterministic,ring,uniform,0.5,additive,2000,1344.1129,20,20,73.5290
.\test_images\flag_argentina.png,tournament-deterministic,uniform,single,0.01,exclusive,2000,3059.2825,20,20,48.6550
.\test_images\flag_argentina.png,tournament-deterministic,uniform,single,0.01,additive,2000,2282.4243,20,30,61.1442
.\test_images\flag_argentina.png,tournament-deterministic,uniform,single,0.5,additive,1335,498.6029,20,10,21.6037
.\test_images\flag_argentina.png,tournament-deterministic,ring,uniform,0.5,exclusive,2000,4227.7437,20,20,74.2879
.\test_images\flag_argentina.png,tournament-deterministic,uniform,single,0.1,additive,2000,712.3569,20,20,47.2371
.\test_images\flag_argentina.png,tournament-deterministic,uniform,single,0.01,exclusive,2000,2432.9651,20,30,56.1098
.\test_images\flag_argentina.png,tournament-deterministic,uniform,single,0.1,additive,1554,498.0847,20,30,49.1136
.\test_images\flag_argentina.png,tournament-deterministic,uniform,single,0.5,additive,1044,499.6178,20,20,28.9494
.\test_images\flag_argentina.png,tournament-deterministic,uniform,single,0.1,exclusive,2000,918.6196,20,20,45.5271
.\test_images\flag_argentina.png,tournament-deterministic,ring,uniform,0.1,exclusive,2000,1429.4451,20,30,93.7475
.\test_images\flag_argentina.png,tournament-deterministic,uniform,single,0.5,exclusive,360,497.4510,20,30,15.5284
.\test_images\flag_argentina.png,tournament-deterministic,uniform,single,0.5,additive,622,499.6848,20,30,28.0246
.\test_images\flag_argentina.png,tournament-deterministic,uniform,uniform,0.01,additive,417,496.2147,20,20,14.9756
.\test_images\flag_argentina.png,tournament-deterministic,uniform,uniform,0.01,additive,788,499.6209,20,10,15.5814
.\test_images\flag_argentina.png,tournament-deterministic,uniform,uniform,0.01,additive,269,497.4188,20,30,15.2347
.\test_images\flag_argentina.png,tournament-deterministic,uniform,single,0.5,exclusive,871,498.0497,20,20,23.2489
.\test_images\flag_argentina.png,tournament-deterministic,uniform,uniform,0.01,exclusive,839,498.1732,20,10,15.4354
.\test_images\flag_argentina.png,tournament-deterministic,uniform,uniform,0.1,additive,234,491.4831,20,30,14.6803
.\test_images\flag_argentina.png,tournament-deterministic,uniform,uniform,0.1,additive,733,498.5478,20,10,17.1281
.\test_images\flag_argentina.png,tournament-deterministic,uniform,uniform,0.1,additive,492,499.6377,20,20,17.8944
.\test_images\flag_argentina.png,tournament-deterministic,uniform,uniform,0.01,exclusive,427,499.7227,20,30,21.0647
.\test_images\flag_argentina.png,tournament-deterministic,uniform,uniform,0.01,exclusive,577,499.9063,20,20,22.5888
.\test_images\flag_argentina.png,tournament-deterministic,uniform,single,0.5,exclusive,1921,498.9572,20,10,39.6636
.\test_images\flag_argentina.png,tournament-deterministic,ring,uniform,0.5,additive,2000,1250.2275,20,30,110.1525
.\test_images\flag_argentina.png,tournament-deterministic,ring,uniform,0.5,exclusive,2000,4196.4189,20,30,109.7901
.\test_images\flag_argentina.png,tournament-deterministic,uniform,single,0.1,exclusive,2000,681.7880,20,30,71.8510
.\test_images\flag_argentina.png,tournament-probabilistic,one-point,single,0.01,additive,2000,3189.1375,20,10,22.5847
.\test_images\flag_argentina.png,tournament-deterministic,uniform,uniform,0.1,exclusive,2000,2073.0222,20,10,40.6961
.\test_images\flag_argentina.png,tournament-probabilistic,one-point,single,0.01,exclusive,2000,3672.3911,20,10,28.6559
.\test_images\flag_argentina.png,tournament-deterministic,uniform,uniform,0.5,additive,2000,1332.8413,20,10,46.7355
.\test_images\flag_argentina.png,tournament-deterministic,uniform,uniform,0.5,exclusive,2000,4397.6147,20,10,46.3440
.\test_images\flag_argentina.png,tournament-probabilistic,one-point,single,0.01,additive,2000,2393.5308,20,20,40.5084
.\test_images\flag_argentina.png,tournament-probabilistic,one-point,single,0.01,exclusive,2000,3144.3140,20,20,43.3145
.\test_images\flag_argentina.png,tournament-probabilistic,one-point,single,0.1,additive,2000,1291.9227,20,10,39.1522
.\test_images\flag_argentina.png,tournament-probabilistic,one-point,single,0.1,exclusive,2000,2777.7822,20,10,23.7171
.\test_images\flag_argentina.png,tournament-probabilistic,one-point,single,0.01,additive,2000,1939.3726,20,30,56.0470
.\test_images\flag_argentina.png,tournament-probabilistic,one-point,single,0.5,additive,1231,499.6820,20,10,17.8714
.\test_images\flag_argentina.png,tournament-deterministic,uniform,uniform,0.1,exclusive,2000,1502.1213,20,20,78.1814
.\test_images\flag_argentina.png,tournament-probabilistic,one-point,single,0.1,additive,2000,619.4597,20,20,42.6044
.\test_images\flag_argentina.png,tournament-probabilistic,one-point,single,0.5,additive,593,498.0360,20,20,18.1799
.\test_images\flag_argentina.png,tournament-probabilistic,one-point,single,0.01,exclusive,2000,2707.6191,20,30,62.2955
.\test_images\flag_argentina.png,tournament-probabilistic,one-point,single,0.5,additive,458,498.6422,20,30,19.2353
.\test_images\flag_argentina.png,tournament-deterministic,uniform,uniform,0.5,additive,2000,1321.7810,20,20,84.7711
.\test_images\flag_argentina.png,tournament-deterministic,uniform,uniform,0.5,exclusive,2000,4279.4082,20,20,82.1620
.\test_images\flag_argentina.png,tournament-probabilistic,one-point,single,0.1,exclusive,2000,1670.9900,20,20,45.2676
.\test_images\flag_argentina.png,tournament-probabilistic,one-point,uniform,0.01,additive,903,499.4240,20,10,16.6813
.\test_images\flag_argentina.png,tournament-probabilistic,one-point,uniform,0.01,additive,541,498.7846,20,20,16.5254
.\test_images\flag_argentina.png,tournament-probabilistic,one-point,single,0.1,additive,1826,498.5107,20,30,58.6172
.\test_images\flag_argentina.png,tournament-deterministic,uniform,uniform,0.1,exclusive,2000,1034.4423,20,30,98.0562
.\test_images\flag_argentina.png,tournament-probabilistic,one-point,single,0.5,exclusive,1299,499.5682,20,20,31.9753
.\test_images\flag_argentina.png,tournament-probabilistic,one-point,uniform,0.01,additive,459,496.4088,20,30,22.5153
.\test_images\flag_argentina.png,tournament-probabilistic,one-point,single,0.5,exclusive,2000,964.8317,20,10,36.3362
.\test_images\flag_argentina.png,tournament-probabilistic,one-point,uniform,0.1,additive,371,498.3197,20,20,13.8129
.\test_images\flag_argentina.png,tournament-probabilistic,one-point,uniform,0.1,additive,793,496.6607,20,10,17.0551
.\test_images\flag_argentina.png,tournament-probabilistic,one-point,single,0.1,exclusive,2000,772.6176,20,30,67.3155
.\test_images\flag_argentina.png,tournament-probabilistic,one-point,single,0.5,exclusive,1274,495.8767,20,30,47.1083
.\test_images\flag_argentina.png,tournament-probabilistic,one-point,uniform,0.01,exclusive,2000,1291.3088,20,10,33.2945
.\test_images\flag_argentina.png,tournament-probabilistic,one-point,uniform,0.1,additive,514,492.3256,20,30,32.3355
.\test_images\flag_argentina.png,tournament-deterministic,uniform,uniform,0.5,additive,2000,1231.3346,20,30,123.6327
.\test_images\flag_argentina.png,tournament-probabilistic,one-point,uniform,0.1,exclusive,2000,4125.7554,20,10,34.9362
.\test_images\flag_argentina.png,tournament-probabilistic,ring,single,0.01,additive,2000,3299.5947,20,10,18.7078
.\test_images\flag_argentina.png,tournament-deterministic,uniform,uniform,0.5,exclusive,2000,4318.6333,20,30,133.6317
.\test_images\flag_argentina.png,tournament-probabilistic,one-point,uniform,0.5,additive,2000,1530.7968,20,10,44.7132
.\test_images\flag_argentina.png,tournament-probabilistic,ring,single,0.01,exclusive,2000,3134.6519,20,10,19.8964
.\test_images\flag_argentina.png,tournament-probabilistic,one-point,uniform,0.5,exclusive,2000,5774.3364,20,10,42.0143
.\test_images\flag_argentina.png,tournament-probabilistic,ring,single,0.01,additive,2000,2214.0503,20,20,32.1010
.\test_images\flag_argentina.png,tournament-probabilistic,one-point,uniform,0.01,exclusive,2000,1009.7075,20,20,74.3565
.\test_images\flag_argentina.png,tournament-probabilistic,ring,single,0.01,exclusive,2000,2803.1199,20,20,33.1894
.\test_images\flag_argentina.png,tournament-probabilistic,one-point,uniform,0.1,exclusive,2000,3235.8071,20,20,69.5594
.\test_images\flag_argentina.png,tournament-probabilistic,ring,single,0.1,additive,2000,1673.1290,20,10,22.7183
.\test_images\flag_argentina.png,tournament-probabilistic,one-point,uniform,0.01,exclusive,1845,485.7475,20,30,80.4683
.\test_images\flag_argentina.png,tournament-probabilistic,ring,single,0.1,exclusive,2000,2749.8083,20,10,25.5559
.\test_images\flag_argentina.png,tournament-probabilistic,ring,single,0.5,additive,1014,498.4694,20,10,13.8970
.\test_images\flag_argentina.png,tournament-probabilistic,ring,single,0.5,additive,566,499.5791,20,20,14.4997
.\test_images\flag_argentina.png,tournament-probabilistic,ring,single,0.01,additive,2000,2143.5659,20,30,55.3234
.\test_images\flag_argentina.png,tournament-probabilistic,one-point,uniform,0.5,additive,2000,1441.3359,20,20,81.7611
.\test_images\flag_argentina.png,tournament-probabilistic,ring,single,0.1,additive,1296,499.7931,20,30,37.0610
.\test_images\flag_argentina.png,tournament-probabilistic,ring,single,0.1,additive,2000,509.0644,20,20,37.5860
.\test_images\flag_argentina.png,tournament-probabilistic,ring,single,0.01,exclusive,2000,3041.3723,20,30,47.4824
.\test_images\flag_argentina.png,tournament-probabilistic,ring,single,0.5,additive,516,410.1313,20,30,19.4696
.\test_images\flag_argentina.png,tournament-probabilistic,one-point,uniform,0.5,exclusive,2000,4711.9541,20,20,81.0255
.\test_images\flag_argentina.png,tournament-probabilistic,ring,single,0.1,exclusive,2000,1736.6655,20,20,38.0507
.\test_images\flag_argentina.png,tournament-probabilistic,ring,uniform,0.01,additive,627,496.9850,20,10,11.8552
.\test_images\flag_argentina.png,tournament-probabilistic,one-point,uniform,0.1,exclusive,2000,3288.9319,20,30,96.3745
.\test_images\flag_argentina.png,tournament-probabilistic,ring,single,0.5,exclusive,2000,977.3405,20,10,26.3598
.\test_images\flag_argentina.png,tournament-probabilistic,ring,uniform,0.01,additive,227,496.6800,20,30,10.7939
.\test_images\flag_argentina.png,tournament-probabilistic,ring,uniform,0.01,additive,439,499.1443,20,20,15.7399
.\test_images\flag_argentina.png,tournament-probabilistic,ring,uniform,0.1,additive,265,496.0314,20,30,16.3831
.\test_images\flag_argentina.png,tournament-probabilistic,ring,uniform,0.1,additive,440,488.1954,20,20,21.6865
.\test_images\flag_argentina.png,tournament-probabilistic,ring,uniform,0.01,exclusive,2000,1340.0564,20,10,30.0845
.\test_images\flag_argentina.png,tournament-probabilistic,ring,uniform,0.1,additive,1591,497.0636,20,10,28.7126
.\test_images\flag_argentina.png,tournament-probabilistic,ring,single,0.1,exclusive,2000,1120.7507,20,30,57.6392
.\test_images\flag_argentina.png,tournament-probabilistic,ring,single,0.5,exclusive,1984,497.4912,20,20,52.4460
.\test_images\flag_argentina.png,tournament-probabilistic,ring,uniform,0.1,exclusive,2000,4405.1938,20,10,35.6538
.\test_images\flag_argentina.png,tournament-probabilistic,one-point,uniform,0.5,additive,2000,1161.2980,20,30,126.5144
.\test_images\flag_argentina.png,tournament-probabilistic,one-point,uniform,0.5,exclusive,2000,5374.0493,20,30,119.4880
.\test_images\flag_argentina.png,tournament-probabilistic,ring,uniform,0.5,additive,2000,1444.9524,20,10,44.2344
.\test_images\flag_argentina.png,tournament-probabilistic,ring,single,0.5,exclusive,1879,499.1245,20,30,64.2248
.\test_images\flag_argentina.png,tournament-probabilistic,ring,uniform,0.01,exclusive,2000,615.1052,20,20,57.4412
.\test_images\flag_argentina.png,tournament-probabilistic,uniform,single,0.01,additive,2000,3479.7292,20,10,30.8675
.\test_images\flag_argentina.png,tournament-probabilistic,ring,uniform,0.1,exclusive,2000,4045.0498,20,20,59.2520
.\test_images\flag_argentina.png,tournament-probabilistic,ring,uniform,0.5,exclusive,2000,5555.6816,20,10,41.9597
.\test_images\flag_argentina.png,tournament-probabilistic,uniform,single,0.01,exclusive,2000,4126.4248,20,10,32.9531
.\test_images\flag_argentina.png,tournament-probabilistic,uniform,single,0.1,additive,2000,1241.5817,20,10,24.4561
.\test_images\flag_argentina.png,tournament-probabilistic,ring,uniform,0.01,exclusive,2000,665.8387,20,30,81.2207
.\test_images\flag_argentina.png,tournament-probabilistic,uniform,single,0.01,additive,2000,2759.1121,20,20,48.5475
.\test_images\flag_argentina.png,tournament-probabilistic,uniform,single,0.1,exclusive,2000,2658.5068,20,10,23.7020
.\test_images\flag_argentina.png,tournament-probabilistic,ring,uniform,0.5,additive,2000,1151.2767,20,20,82.3949
.\test_images\flag_argentina.png,tournament-probabilistic,uniform,single,0.01,exclusive,2000,3826.9243,20,20,43.2026
.\test_images\flag_argentina.png,tournament-probabilistic,uniform,single,0.1,additive,2000,655.0954,20,20,42.5052
.\test_images\flag_argentina.png,tournament-probabilistic,ring,uniform,0.1,exclusive,2000,3324.6985,20,30,89.5887
.\test_images\flag_argentina.png,tournament-probabilistic,uniform,single,0.01,additive,2000,1920.7092,20,30,58.3679
.\test_images\flag_argentina.png,tournament-probabilistic,ring,uniform,0.5,exclusive,2000,5818.2090,20,20,71.8321
.\test_images\flag_argentina.png,tournament-probabilistic,uniform,single,0.5,additive,1003,499.8622,20,20,30.0065
.\test_images\flag_argentina.png,tournament-probabilistic,uniform,uniform,0.01,additive,403,499.9168,20,20,13.7174
.\test_images\flag_argentina.png,tournament-probabilistic,uniform,single,0.5,additive,1689,494.8373,20,10,32.8506
.\test_images\flag_argentina.png,tournament-probabilistic,uniform,single,0.01,exclusive,2000,3079.1758,20,30,61.3913
.\test_images\flag_argentina.png,tournament-probabilistic,uniform,uniform,0.01,additive,980,499.5887,20,10,16.9887
.\test_images\flag_argentina.png,tournament-probabilistic,uniform,single,0.5,exclusive,2000,1087.9972,20,10,26.6669
.\test_images\flag_argentina.png,tournament-probabilistic,uniform,single,0.1,exclusive,2000,1713.9132,20,20,50.1745
.\test_images\flag_argentina.png,tournament-probabilistic,uniform,single,0.5,additive,818,497.5614,20,30,37.3845
.\test_images\flag_argentina.png,tournament-probabilistic,uniform,uniform,0.01,additive,537,498.2053,20,30,25.3621
.\test_images\flag_argentina.png,tournament-probabilistic,ring,uniform,0.5,additive,2000,1128.6573,20,30,110.1947
.\test_images\flag_argentina.png,tournament-probabilistic,uniform,uniform,0.1,additive,1079,499.2205,20,10,21.7261
.\test_images\flag_argentina.png,tournament-probabilistic,uniform,uniform,0.1,additive,344,498.1823,20,30,19.0949
.\test_images\flag_argentina.png,tournament-probabilistic,uniform,uniform,0.01,exclusive,2000,1356.8965,20,10,34.6085
.\test_images\flag_argentina.png,tournament-probabilistic,uniform,single,0.1,additive,2000,580.7280,20,30,71.1876
.\test_images\flag_argentina.png,tournament-probabilistic,ring,uniform,0.5,exclusive,2000,4765.2168,20,30,111.8935
.\test_images\flag_argentina.png,tournament-probabilistic,uniform,single,0.1,exclusive,2000,1431.6165,20,30,64.5237
.\test_images\flag_argentina.png,tournament-probabilistic,uniform,uniform,0.1,additive,872,497.2526,20,20,32.5697
.\test_images\flag_argentina.png,tournament-probabilistic,uniform,single,0.5,exclusive,2000,687.4791,20,20,57.7915
.\test_images\flag_argentina.png,tournament-probabilistic,uniform,uniform,0.1,exclusive,2000,4593.9355,20,10,36.7879
.\test_images\flag_argentina.png,tournament-probabilistic,uniform,single,0.5,exclusive,1840,487.1522,20,30,67.6271
.\test_images\flag_argentina.png,tournament-probabilistic,uniform,uniform,0.5,additive,2000,1557.3778,20,10,40.9290
.\test_images\flag_argentina.png,tournament-probabilistic,uniform,uniform,0.01,exclusive,2000,992.3411,20,20,57.4668
.\test_images\flag_argentina.png,tournament-probabilistic,uniform,uniform,0.5,exclusive,2000,4750.6753,20,10,36.7152
.\test_images\flag_argentina.png,tournament-probabilistic,uniform,uniform,0.1,exclusive,2000,3836.0850,20,20,59.3645
.\test_images\flag_argentina.png,tournament-probabilistic,uniform,uniform,0.01,exclusive,2000,615.6702,20,30,74.1530
.\test_images\flag_argentina.png,tournament-probabilistic,uniform,uniform,0.5,exclusive,2000,5165.0757,20,20,57.7045
.\test_images\flag_argentina.png,tournament-probabilistic,uniform,uniform,0.5,additive,2000,1361.2240,20,20,62.5889
.\test_images\flag_argentina.png,tournament-probabilistic,uniform,uniform,0.1,exclusive,2000,2855.8264,20,30,74.9774
.\test_images\flag_argentina.png,tournament-probabilistic,uniform,uniform,0.5,exclusive,2000,5278.4395,20,30,79.8783
.\test_images\flag_argentina.png,tournament-probabilistic,uniform,uniform,0.5,additive,2000,904.6441,20,30,85.1930
